id,user_id,city,zip_code,region,country,is_default,created_at,updated_at
1,458,Tamale,4102,Ashanti,Ghana,False,2023-07-16 01:26:44.617946,2023-08-27 01:53:17.728626
2,13,Tamale,7360,Ashanti,Ghana,True,2023-04-12 11:52:04.732653,2023-01-11 03:56:26.644847
3,586,Accra,1328,Northern,Ghana,True,2023-12-14 00:43:32.239448,2023-08-07 07:00:54.829714
4,174,Tamale,8538,Northern,Ghana,True,2024-01-19 10:04:28.004342,2024-12-15 10:22:45.527335
5,437,Accra,7820,Western,Ghana,True,2023-05-04 03:10:09.645585,2023-07-12 21:20:33.669283
6,274,Kumasi,8282,Western,Ghana,True,2023-11-19 00:03:14.398024,2024-01-28 01:56:55.393881
7,945,Accra,9897,Greater Accra,Ghana,False,2023-05-21 15:55:57.988835,2023-03-27 15:42:28.619969
8,499,Tamale,4979,Northern,Ghana,False,2024-08-02 06:35:57.511571,2023-04-04 22:35:50.604861
9,606,Kumasi,5597,Northern,Ghana,False,2023-03-09 02:28:10.569063,2023-11-26 11:32:57.689694
10,241,Tamale,9332,Northern,Ghana,False,2024-09-12 18:23:49.085768,2024-01-08 10:29:28.019928
11,186,Tamale,1603,Ashanti,Ghana,False,2023-06-09 08:16:17.274349,2023-04-09 12:26:02.450124
12,983,Takoradi,9725,Northern,Ghana,False,2024-05-30 19:07:23.273228,2023-08-05 13:39:21.769612
13,728,Tamale,2688,Northern,Ghana,False,2024-11-19 07:25:37.801702,2024-03-18 20:47:02.819584
14,670,Kumasi,8040,Northern,Ghana,True,2023-01-20 07:23:23.174316,2023-03-23 20:43:31.189195
15,364,Tamale,8989,Ashanti,Ghana,False,2023-11-20 16:39:42.369659,2024-01-11 20:44:15.337030
16,523,Accra,9907,Northern,Ghana,True,2024-07-03 20:31:02.862478,2023-08-14 01:38:11.980889
17,664,Takoradi,5986,Western,Ghana,False,2024-10-24 21:40:43.276230,2024-05-13 09:11:55.692234
18,196,Kumasi,6946,Greater Accra,Ghana,True,2024-01-23 22:14:03.327180,2024-09-25 16:07:03.796911
19,509,Tamale,7661,Ashanti,Ghana,False,2024-01-08 10:15:40.152164,2024-03-20 12:18:20.513794
20,896,Accra,4158,Northern,Ghana,True,2023-04-25 17:02:58.029747,2023-02-13 08:39:20.577086
21,741,Kumasi,5451,Ashanti,Ghana,True,2024-01-11 03:10:08.506985,2024-01-22 12:55:39.875600
22,727,Takoradi,7382,Western,Ghana,True,2023-08-20 23:36:18.274620,2023-08-11 22:38:12.065955
23,55,Accra,1061,Western,Ghana,True,2024-01-03 03:14:43.621530,2023-02-23 23:44:35.992875
24,650,Kumasi,4182,Ashanti,Ghana,False,2024-03-18 20:05:45.215379,2024-10-16 16:36:37.829918
25,798,Accra,6622,Ashanti,Ghana,False,2024-11-29 00:14:58.386643,2023-04-19 01:06:01.503184
26,900,Takoradi,2264,Western,Ghana,False,2024-05-30 07:50:40.736610,2023-09-03 20:36:34.442284
27,366,Tamale,3449,Northern,Ghana,False,2023-05-30 14:39:32.107107,2024-07-03 09:23:48.585540
28,472,Tamale,6594,Northern,Ghana,True,2023-08-18 18:36:25.592739,2024-11-22 09:10:55.008011
29,555,Accra,1328,Ashanti,Ghana,False,2024-02-22 18:17:38.214131,2024-09-01 06:01:06.052052
30,986,Tamale,3103,Greater Accra,Ghana,True,2024-12-24 15:21:35.131805,2023-09-27 16:47:08.123479
31,442,Kumasi,3241,Western,Ghana,False,2024-06-21 01:28:31.724764,2024-12-12 00:47:22.801828
32,968,Takoradi,7772,Greater Accra,Ghana,False,2024-08-22 00:09:41.576417,2024-05-31 14:26:56.892541
33,580,Takoradi,5029,Ashanti,Ghana,False,2024-07-06 06:05:55.932413,2024-11-09 03:19:30.538490
34,493,Accra,8410,Western,Ghana,False,2024-12-26 15:26:18.926743,2023-06-18 04:02:06.823122
35,981,Accra,6011,Greater Accra,Ghana,False,2023-09-23 00:16:39.335306,2024-04-21 09:09:07.803774
36,824,Kumasi,2321,Greater Accra,Ghana,False,2023-11-25 05:19:49.229290,2024-07-28 08:06:37.961775
37,566,Accra,5645,Northern,Ghana,True,2023-08-09 01:29:25.433920,2024-12-25 18:47:39.272853
38,806,Takoradi,4951,Western,Ghana,True,2023-06-19 16:05:32.838577,2023-05-24 14:58:08.534419
39,340,Accra,8559,Ashanti,Ghana,True,2024-07-03 19:24:57.548455,2024-02-06 19:08:42.916282
40,703,Kumasi,5218,Northern,Ghana,False,2024-06-27 04:14:07.059791,2023-01-21 00:49:31.375309
41,703,Tamale,6487,Greater Accra,Ghana,False,2023-12-03 03:38:35.861824,2023-06-07 12:40:27.377485
42,804,Accra,5836,Greater Accra,Ghana,False,2023-01-26 12:26:38.204734,2023-09-19 23:11:14.737463
43,919,Accra,3146,Northern,Ghana,False,2024-09-11 07:01:53.287958,2023-05-21 17:24:44.930483
44,675,Takoradi,7307,Northern,Ghana,False,2023-01-19 04:13:12.641659,2023-10-09 20:11:50.798023
45,99,Accra,2484,Greater Accra,Ghana,False,2024-01-01 01:04:24.445117,2023-05-14 19:31:36.275542
46,312,Tamale,5325,Western,Ghana,True,2023-11-04 22:44:58.563404,2023-02-20 08:04:02.938872
47,587,Accra,5522,Northern,Ghana,True,2023-02-05 18:23:48.484136,2023-03-15 16:59:19.874494
48,599,Accra,9858,Northern,Ghana,True,2024-12-13 11:43:04.920169,2023-03-13 02:49:36.401339
49,874,Tamale,4973,Northern,Ghana,False,2023-02-16 05:59:16.529628,2024-05-21 11:38:50.332426
50,80,Kumasi,6872,Greater Accra,Ghana,True,2023-07-06 03:02:14.931054,2024-05-17 00:13:41.773312
51,686,Takoradi,7529,Greater Accra,Ghana,True,2023-01-24 05:09:02.132523,2023-10-20 06:51:40.300679
52,946,Accra,5474,Ashanti,Ghana,True,2024-06-11 18:02:46.543297,2024-07-23 19:19:23.209703
53,890,Kumasi,8686,Ashanti,Ghana,True,2023-09-05 20:56:29.778358,2023-02-15 19:52:25.190690
54,196,Accra,6348,Northern,Ghana,False,2024-04-08 10:33:19.811466,2024-07-02 01:29:54.719302
55,934,Takoradi,7139,Northern,Ghana,False,2023-05-01 06:08:03.590911,2024-02-11 00:20:52.521153
56,956,Takoradi,9004,Western,Ghana,True,2023-04-04 01:42:32.168214,2024-02-10 00:45:25.424729
57,935,Accra,4386,Ashanti,Ghana,True,2024-08-06 00:05:06.270271,2024-02-29 11:48:20.665066
58,673,Accra,6096,Western,Ghana,True,2024-12-13 18:12:35.380457,2023-03-19 14:21:46.348975
59,939,Tamale,1885,Ashanti,Ghana,False,2024-03-23 06:58:12.459831,2024-02-28 07:43:03.516649
60,296,Kumasi,2590,Greater Accra,Ghana,True,2024-12-31 16:34:59.722092,2024-09-15 23:41:56.440284
61,300,Takoradi,8038,Greater Accra,Ghana,False,2023-03-25 12:48:16.655295,2023-07-06 02:12:20.480048
62,437,Accra,8153,Western,Ghana,False,2023-11-09 08:48:09.891437,2024-02-08 00:27:48.027391
63,752,Tamale,9539,Western,Ghana,False,2023-08-31 09:12:23.367046,2024-09-16 08:06:36.368060
64,273,Accra,8785,Greater Accra,Ghana,False,2023-05-15 08:10:57.815563,2023-07-08 07:22:51.406831
65,700,Kumasi,5111,Greater Accra,Ghana,False,2024-10-07 15:46:06.365736,2024-02-14 19:59:05.608940
66,693,Tamale,3371,Western,Ghana,False,2024-11-13 21:58:34.887700,2024-10-05 16:19:17.213781
67,906,Tamale,5301,Greater Accra,Ghana,True,2024-09-14 09:38:43.381106,2023-09-27 08:09:18.091187
68,822,Accra,3358,Greater Accra,Ghana,True,2023-03-19 00:05:06.373557,2023-03-01 13:40:44.040921
69,400,Takoradi,5164,Ashanti,Ghana,False,2023-08-12 01:59:48.925195,2024-02-25 14:06:39.201434
70,615,Tamale,2723,Western,Ghana,True,2024-02-11 19:25:53.040837,2023-02-02 00:56:06.565081
71,233,Takoradi,8293,Ashanti,Ghana,False,2023-12-29 21:01:02.264243,2024-02-04 17:52:34.385108
72,949,Takoradi,6397,Western,Ghana,False,2024-09-01 01:28:39.035220,2023-06-18 20:03:59.246216
73,149,Tamale,9938,Western,Ghana,True,2024-08-20 07:38:28.811800,2024-04-08 02:13:05.118870
74,267,Accra,3788,Greater Accra,Ghana,False,2024-09-07 14:30:55.762819,2023-07-29 16:50:05.783147
75,145,Takoradi,6401,Northern,Ghana,True,2024-02-06 09:13:36.261568,2023-08-24 23:56:46.554651
76,132,Takoradi,9966,Western,Ghana,False,2024-02-19 11:12:24.176504,2024-02-08 16:15:52.715372
77,776,Tamale,8075,Northern,Ghana,False,2024-08-24 06:59:25.561070,2024-01-01 21:49:50.050519
78,295,Takoradi,3916,Greater Accra,Ghana,False,2024-12-06 04:54:38.169616,2024-09-22 23:26:06.337873
79,311,Tamale,8273,Northern,Ghana,False,2023-03-26 17:23:38.172121,2023-05-06 19:40:07.021737
80,888,Kumasi,4946,Northern,Ghana,True,2023-10-21 10:11:43.744998,2024-01-30 21:53:49.411910
81,969,Accra,8160,Northern,Ghana,False,2023-09-11 02:15:35.744423,2023-12-20 07:05:59.374037
82,924,Takoradi,6412,Ashanti,Ghana,True,2024-06-24 05:35:15.555999,2023-09-04 08:22:26.621390
83,579,Tamale,1664,Greater Accra,Ghana,True,2024-03-02 23:17:44.430294,2023-04-11 19:06:35.954334
84,173,Accra,2367,Western,Ghana,False,2023-01-04 16:29:20.512383,2024-10-23 14:34:16.892852
85,533,Takoradi,8514,Northern,Ghana,False,2023-07-24 23:12:44.117177,2023-04-29 13:12:27.917787
86,238,Kumasi,9367,Western,Ghana,True,2024-02-03 13:52:12.064662,2023-05-08 07:59:08.353726
87,678,Tamale,9428,Ashanti,Ghana,False,2024-12-19 03:00:32.654013,2024-11-01 02:55:52.921922
88,232,Tamale,6145,Western,Ghana,False,2024-04-13 11:50:51.239674,2024-06-13 06:45:47.308877
89,422,Takoradi,9642,Western,Ghana,True,2024-10-26 13:53:15.796211,2023-09-24 04:22:49.438641
90,159,Takoradi,7113,Greater Accra,Ghana,True,2023-12-05 09:40:00.443618,2024-09-01 09:56:27.053727
91,123,Accra,3263,Northern,Ghana,False,2024-04-14 03:56:32.151359,2024-08-03 04:15:11.130742
92,692,Takoradi,3386,Ashanti,Ghana,True,2023-01-30 22:42:23.562458,2024-08-19 14:41:08.849237
93,626,Accra,2662,Ashanti,Ghana,False,2024-03-18 13:05:52.072313,2023-12-08 16:24:39.990287
94,681,Tamale,8286,Northern,Ghana,False,2024-12-18 23:28:54.046333,2024-09-02 19:29:25.712223
95,290,Takoradi,1382,Ashanti,Ghana,True,2024-05-05 01:59:31.575558,2023-06-20 10:49:15.163674
96,579,Kumasi,3968,Northern,Ghana,True,2024-12-15 14:20:28.265066,2023-08-14 05:32:44.548783
97,977,Kumasi,4464,Western,Ghana,False,2023-03-04 07:04:25.778663,2024-09-17 13:05:43.779318
98,135,Accra,3282,Northern,Ghana,False,2024-03-10 11:14:26.250134,2023-04-12 17:51:51.306739
99,220,Tamale,5732,Western,Ghana,False,2024-06-02 01:23:35.751132,2023-06-05 14:45:20.618088
100,163,Accra,8155,Greater Accra,Ghana,False,2023-09-03 15:55:39.234736,2024-12-15 08:38:17.802195
101,21,Tamale,4492,Ashanti,Ghana,False,2024-05-21 01:27:29.964823,2024-10-18 10:30:40.225395
102,420,Accra,5272,Western,Ghana,True,2024-03-08 03:34:45.069724,2024-12-19 13:12:12.751710
103,982,Takoradi,2448,Greater Accra,Ghana,True,2023-06-13 13:42:40.787009,2024-06-06 08:49:10.529376
104,198,Accra,4622,Ashanti,Ghana,True,2023-09-26 07:39:29.622309,2023-06-02 00:49:16.910858
105,558,Takoradi,8186,Western,Ghana,False,2024-03-18 18:14:16.137002,2023-01-07 21:13:15.313061
106,887,Tamale,6199,Western,Ghana,True,2023-04-08 20:23:28.660547,2024-08-01 04:10:14.068239
107,505,Accra,7177,Northern,Ghana,False,2023-02-24 01:48:44.492327,2024-06-22 05:02:49.001200
108,125,Takoradi,8490,Western,Ghana,True,2023-06-07 09:21:37.752497,2023-08-03 15:42:57.853411
109,58,Tamale,1250,Greater Accra,Ghana,True,2023-11-24 05:27:11.565238,2023-05-15 10:39:54.842851
110,475,Accra,5282,Northern,Ghana,True,2023-03-18 10:46:20.616769,2024-01-23 03:18:31.938539
111,105,Accra,1563,Northern,Ghana,True,2024-12-26 17:02:13.614285,2024-10-01 17:48:15.928877
112,859,Accra,8064,Ashanti,Ghana,True,2024-03-04 09:42:40.562733,2023-06-17 10:06:56.260172
113,837,Accra,3655,Greater Accra,Ghana,False,2023-01-02 12:17:30.091251,2023-03-30 16:28:10.804304
114,495,Tamale,5834,Ashanti,Ghana,False,2024-04-17 09:33:40.820586,2023-04-09 20:08:02.984974
115,621,Accra,3829,Ashanti,Ghana,True,2024-08-10 07:44:40.143110,2024-03-28 05:11:50.597956
116,860,Accra,7978,Greater Accra,Ghana,False,2024-12-11 15:07:34.315550,2024-07-19 04:04:41.723348
117,189,Kumasi,9579,Greater Accra,Ghana,False,2024-12-09 18:04:49.532228,2023-04-09 09:09:57.764780
118,873,Takoradi,1842,Western,Ghana,True,2023-06-02 01:47:17.596020,2023-02-03 19:26:00.368937
119,170,Kumasi,6089,Greater Accra,Ghana,True,2023-11-12 11:54:17.618200,2024-06-02 08:37:01.624023
120,399,Takoradi,2761,Western,Ghana,False,2023-10-08 15:59:07.963415,2023-02-23 03:43:00.716446
121,824,Takoradi,4934,Western,Ghana,True,2024-05-28 17:01:03.316063,2024-12-22 11:15:03.660147
122,795,Kumasi,5202,Western,Ghana,False,2023-08-20 23:05:36.553460,2023-05-01 15:22:33.218763
123,620,Tamale,1549,Ashanti,Ghana,True,2024-03-10 17:18:54.624891,2024-01-20 01:59:26.755550
124,26,Tamale,9411,Western,Ghana,True,2023-01-27 07:35:46.403543,2024-07-10 17:39:38.322451
125,979,Accra,7571,Western,Ghana,True,2024-02-27 23:41:37.884838,2023-03-26 19:16:33.314274
126,958,Accra,3035,Western,Ghana,True,2023-01-31 23:43:30.703056,2024-10-22 11:49:06.267001
127,876,Accra,6785,Western,Ghana,True,2023-08-25 18:37:18.472538,2023-07-30 23:28:14.356585
128,682,Kumasi,9319,Greater Accra,Ghana,True,2024-10-08 13:17:09.464058,2023-09-12 18:16:01.793655
129,555,Accra,8489,Northern,Ghana,True,2024-12-12 03:19:59.017778,2023-12-11 20:18:50.959554
130,364,Takoradi,8820,Northern,Ghana,False,2023-07-18 01:34:47.883532,2024-05-25 09:21:11.796276
131,612,Kumasi,3471,Western,Ghana,True,2024-08-29 06:35:11.109727,2023-10-26 17:06:06.152540
132,200,Kumasi,4998,Northern,Ghana,False,2023-02-22 00:52:42.667166,2023-03-30 05:10:07.227244
133,951,Accra,5778,Northern,Ghana,True,2024-04-12 16:33:25.841452,2023-10-31 07:37:29.819724
134,878,Kumasi,9411,Ashanti,Ghana,False,2023-08-16 17:28:23.581618,2023-08-22 05:20:41.036401
135,998,Kumasi,1498,Western,Ghana,True,2024-07-09 22:30:58.489066,2023-05-04 00:58:41.154597
136,364,Kumasi,2892,Western,Ghana,True,2024-11-09 01:54:05.418991,2024-05-30 21:13:13.285631
137,559,Takoradi,7039,Northern,Ghana,True,2023-12-10 02:49:29.662771,2024-11-15 23:52:48.195201
138,231,Takoradi,9123,Ashanti,Ghana,True,2024-08-09 04:28:36.170977,2023-02-07 09:30:57.156139
139,764,Takoradi,7748,Greater Accra,Ghana,False,2024-03-04 08:43:04.155666,2024-12-24 14:47:57.794752
140,182,Tamale,4929,Ashanti,Ghana,False,2023-06-24 14:07:15.999196,2024-02-06 14:48:16.856056
141,461,Takoradi,9921,Ashanti,Ghana,True,2024-08-21 21:24:11.475030,2024-01-30 21:45:25.804846
142,100,Tamale,6871,Northern,Ghana,False,2024-12-07 17:06:47.627132,2023-07-18 03:47:40.709945
143,972,Kumasi,7767,Northern,Ghana,True,2023-02-24 19:26:19.626816,2024-03-21 20:49:50.961511
144,960,Tamale,8808,Northern,Ghana,False,2024-04-04 20:23:17.927079,2024-01-11 19:27:56.571116
145,485,Tamale,5515,Ashanti,Ghana,True,2023-10-01 09:55:57.031875,2024-09-12 23:27:28.480204
146,997,Kumasi,6326,Northern,Ghana,True,2023-02-04 12:44:00.744808,2023-02-06 19:56:57.242758
147,272,Accra,5030,Greater Accra,Ghana,True,2024-11-18 15:03:57.690200,2023-10-13 07:33:53.017919
148,417,Accra,2353,Ashanti,Ghana,False,2024-01-12 11:20:05.371910,2023-01-25 16:19:12.585138
149,375,Tamale,2277,Greater Accra,Ghana,False,2024-06-12 06:48:12.484817,2023-07-08 19:07:49.084662
150,76,Takoradi,4104,Ashanti,Ghana,True,2024-04-16 12:03:31.478235,2024-03-01 04:03:45.884797
151,47,Kumasi,1593,Northern,Ghana,True,2023-05-16 11:59:53.593770,2023-03-30 19:41:50.436763
152,700,Kumasi,8225,Greater Accra,Ghana,True,2023-02-19 20:55:23.912920,2023-01-04 16:44:26.569146
153,485,Kumasi,5731,Greater Accra,Ghana,False,2024-11-09 11:53:34.007339,2023-02-28 18:03:43.825803
154,749,Accra,6591,Western,Ghana,True,2024-02-08 17:10:09.422335,2023-01-09 23:24:42.432342
155,825,Accra,2184,Northern,Ghana,False,2023-08-06 14:59:18.063314,2023-03-13 02:38:04.197609
156,276,Kumasi,5795,Greater Accra,Ghana,True,2024-02-25 12:33:22.423677,2024-11-01 14:59:06.138788
157,823,Kumasi,9634,Northern,Ghana,False,2024-06-16 09:34:13.376736,2024-06-20 21:23:33.976447
158,812,Accra,7687,Ashanti,Ghana,True,2024-01-04 04:28:07.000845,2024-06-05 08:51:05.514207
159,939,Takoradi,8766,Greater Accra,Ghana,True,2023-07-27 03:18:15.341258,2023-03-18 06:29:37.794608
160,631,Accra,6604,Western,Ghana,True,2023-10-19 03:11:48.269143,2023-12-24 03:42:05.782762
161,615,Kumasi,3418,Ashanti,Ghana,True,2023-12-04 09:55:52.561497,2023-12-14 02:02:05.592973
162,137,Tamale,6024,Northern,Ghana,False,2023-03-29 08:46:39.787555,2024-08-19 01:53:25.993779
163,300,Tamale,9340,Ashanti,Ghana,False,2023-10-06 08:22:00.890823,2024-04-06 17:11:20.848109
164,255,Tamale,9152,Greater Accra,Ghana,False,2023-07-05 04:55:37.745240,2023-04-21 07:28:39.634661
165,986,Tamale,9472,Ashanti,Ghana,True,2023-10-28 02:25:09.666335,2023-12-02 11:04:46.816126
166,241,Takoradi,5203,Western,Ghana,False,2023-06-29 15:43:22.748400,2024-04-14 14:11:01.725141
167,569,Tamale,3434,Northern,Ghana,True,2024-08-06 06:45:28.569156,2023-06-11 04:24:22.377621
168,578,Tamale,1381,Ashanti,Ghana,False,2024-02-05 17:04:15.378802,2023-01-16 07:40:38.924678
169,963,Tamale,3886,Western,Ghana,False,2024-09-14 23:53:17.426967,2024-03-28 05:41:12.155313
170,760,Accra,9125,Western,Ghana,True,2024-03-02 07:26:26.471628,2024-09-11 17:13:20.917332
171,639,Accra,2202,Western,Ghana,False,2024-10-26 22:35:28.651338,2023-04-21 19:39:39.974044
172,19,Takoradi,2721,Western,Ghana,True,2023-10-02 08:29:59.641801,2023-02-14 00:03:05.598407
173,703,Tamale,8922,Ashanti,Ghana,True,2024-01-09 08:36:13.958043,2024-05-21 04:04:35.356371
174,609,Kumasi,4686,Ashanti,Ghana,True,2023-10-21 22:57:54.184493,2024-06-13 07:41:35.410665
175,675,Accra,6528,Ashanti,Ghana,False,2023-10-26 17:58:44.742185,2023-08-07 08:38:34.070728
176,536,Accra,1926,Greater Accra,Ghana,False,2024-06-03 20:07:35.825089,2024-05-23 11:02:00.763794
177,401,Takoradi,3686,Northern,Ghana,True,2024-05-11 15:47:05.269552,2024-06-03 15:21:06.228048
178,346,Kumasi,3759,Northern,Ghana,True,2023-11-24 22:13:57.670155,2024-10-28 05:38:12.182789
179,85,Tamale,2593,Northern,Ghana,False,2023-10-12 18:38:05.305609,2023-03-17 00:51:03.498916
180,356,Tamale,9662,Greater Accra,Ghana,True,2023-05-03 16:02:55.553132,2023-08-20 00:40:30.697468
181,795,Kumasi,8589,Greater Accra,Ghana,False,2024-05-01 11:21:24.932727,2024-10-29 20:21:20.435884
182,129,Tamale,6859,Ashanti,Ghana,False,2023-04-01 05:50:25.469717,2024-06-05 04:33:41.427242
183,719,Accra,1077,Western,Ghana,True,2024-10-09 02:49:30.735552,2023-09-30 05:12:13.178331
184,125,Takoradi,2550,Greater Accra,Ghana,False,2024-11-14 13:11:35.411037,2024-10-09 01:19:19.446164
185,429,Tamale,5115,Greater Accra,Ghana,False,2024-04-08 04:53:13.977565,2023-08-18 07:27:32.894166
186,53,Tamale,8334,Greater Accra,Ghana,False,2023-05-01 22:30:36.178188,2023-05-13 16:12:24.834416
187,933,Takoradi,5378,Western,Ghana,False,2023-09-06 05:08:23.039024,2023-01-14 23:58:41.128781
188,738,Tamale,9157,Western,Ghana,True,2024-04-02 10:33:05.826619,2024-12-22 08:11:53.763300
189,599,Takoradi,1188,Northern,Ghana,False,2023-04-25 07:23:21.123151,2024-12-23 16:43:26.977700
190,310,Kumasi,2924,Ashanti,Ghana,False,2023-11-03 18:53:54.886141,2024-04-07 10:26:23.368140
191,171,Takoradi,7359,Western,Ghana,True,2024-12-16 17:17:17.700430,2023-01-14 10:18:28.727187
192,588,Accra,5697,Greater Accra,Ghana,True,2023-04-04 21:55:08.116423,2024-08-31 15:40:47.221286
193,126,Accra,6669,Western,Ghana,True,2024-11-17 07:57:46.230661,2024-12-21 20:41:24.176571
194,389,Accra,5373,Greater Accra,Ghana,True,2023-05-12 10:24:55.518979,2023-11-02 22:12:46.886026
195,604,Takoradi,8464,Greater Accra,Ghana,False,2024-09-21 04:19:18.190746,2024-03-23 02:50:36.534622
196,768,Accra,7697,Greater Accra,Ghana,False,2023-03-30 03:38:20.396880,2024-03-17 14:00:04.520616
197,283,Kumasi,9911,Western,Ghana,True,2023-12-09 07:26:03.674497,2023-05-20 11:36:06.025363
198,573,Takoradi,9322,Northern,Ghana,True,2024-08-25 05:20:53.799677,2023-06-27 06:26:36.838449
199,710,Accra,6774,Western,Ghana,False,2024-09-28 20:01:56.583718,2023-12-07 20:18:11.592726
200,75,Kumasi,6465,Western,Ghana,False,2023-06-05 13:19:28.150284,2024-12-13 19:36:20.837545
201,598,Kumasi,2486,Western,Ghana,True,2023-04-12 01:44:09.672815,2023-05-31 21:44:36.386692
202,201,Takoradi,4544,Greater Accra,Ghana,False,2023-10-13 00:56:35.552878,2023-05-07 09:23:32.311685
203,602,Accra,3711,Ashanti,Ghana,False,2023-04-15 10:03:00.309983,2024-12-22 21:25:33.552053
204,431,Accra,7395,Greater Accra,Ghana,False,2024-08-26 02:20:35.973207,2023-03-29 01:21:47.703360
205,489,Tamale,5207,Northern,Ghana,True,2023-03-11 20:04:54.812128,2023-09-18 16:31:21.374403
206,301,Kumasi,8995,Western,Ghana,True,2023-05-04 16:17:28.704598,2023-01-14 12:37:55.316893
207,305,Accra,8715,Northern,Ghana,True,2023-04-03 06:18:26.273778,2023-02-19 17:46:50.823102
208,622,Accra,3242,Western,Ghana,True,2023-12-20 12:29:24.517416,2023-07-09 22:02:45.455152
209,160,Kumasi,7944,Greater Accra,Ghana,False,2023-10-24 19:53:43.149654,2023-10-11 20:54:53.138565
210,721,Kumasi,7148,Ashanti,Ghana,False,2023-12-15 23:38:00.421869,2023-02-20 07:24:34.357731
211,799,Kumasi,9830,Western,Ghana,False,2024-02-27 08:02:14.945074,2023-03-19 07:19:13.329440
212,832,Kumasi,4264,Northern,Ghana,True,2023-05-04 19:26:24.282714,2024-11-16 06:41:22.642558
213,964,Takoradi,7923,Western,Ghana,True,2023-11-28 05:20:40.606958,2023-04-14 05:17:37.585081
214,601,Accra,5126,Ashanti,Ghana,False,2023-05-11 06:42:42.885092,2024-04-17 20:49:23.367416
215,539,Kumasi,6767,Northern,Ghana,True,2023-07-17 17:20:04.568845,2024-04-05 09:50:12.213487
216,363,Kumasi,1862,Greater Accra,Ghana,False,2023-09-05 10:22:32.787882,2023-04-09 12:38:38.396048
217,624,Accra,6753,Ashanti,Ghana,False,2023-10-26 07:56:45.917505,2024-05-22 13:10:43.413232
218,896,Tamale,4089,Western,Ghana,True,2023-04-28 03:57:28.397548,2024-05-06 20:01:30.716605
219,840,Accra,1597,Western,Ghana,True,2024-10-01 09:15:41.091068,2023-08-17 23:07:35.473712
220,430,Accra,6444,Ashanti,Ghana,True,2024-02-19 08:53:11.757154,2024-05-27 22:50:37.228165
221,89,Tamale,9627,Northern,Ghana,True,2023-09-21 05:57:57.527489,2024-12-23 11:06:43.829515
222,323,Kumasi,8381,Greater Accra,Ghana,True,2024-08-26 11:03:36.393433,2023-05-03 01:26:39.876781
223,835,Kumasi,4495,Greater Accra,Ghana,True,2024-03-27 19:32:37.413798,2024-01-04 14:52:14.751726
224,23,Accra,3144,Greater Accra,Ghana,True,2024-09-29 01:37:45.758527,2024-11-14 09:22:57.118627
225,660,Accra,3234,Ashanti,Ghana,True,2024-02-26 19:10:10.428793,2023-05-01 07:50:55.920916
226,875,Accra,2437,Northern,Ghana,False,2024-08-03 06:44:43.330939,2024-12-25 19:56:34.083197
227,118,Kumasi,6945,Western,Ghana,False,2023-07-13 20:05:09.353286,2023-08-18 00:21:34.299304
228,535,Tamale,2881,Greater Accra,Ghana,True,2023-09-26 09:15:40.260662,2023-10-12 10:50:44.069853
229,706,Accra,9301,Northern,Ghana,True,2024-02-22 04:54:24.932488,2024-09-04 06:56:35.766075
230,761,Tamale,5936,Ashanti,Ghana,True,2024-08-28 08:50:32.170550,2024-12-18 19:50:49.377065
231,520,Accra,8783,Northern,Ghana,True,2024-03-14 18:27:30.998021,2023-05-11 09:32:25.969348
232,398,Kumasi,7991,Greater Accra,Ghana,True,2024-10-17 03:55:55.073886,2023-07-25 20:06:24.053343
233,82,Kumasi,8577,Western,Ghana,False,2024-06-12 13:49:55.190136,2024-10-10 02:12:43.083333
234,345,Accra,5214,Greater Accra,Ghana,False,2024-02-26 02:31:10.512679,2024-11-07 11:50:06.948757
235,742,Kumasi,5781,Western,Ghana,True,2024-11-15 21:41:38.524208,2024-02-10 21:32:51.495456
236,737,Tamale,1115,Western,Ghana,False,2024-04-17 00:15:49.872776,2024-11-23 23:32:40.323924
237,72,Accra,7392,Northern,Ghana,False,2023-08-17 09:58:12.001827,2023-01-02 18:53:37.011767
238,846,Tamale,9159,Northern,Ghana,False,2024-01-07 05:23:57.051705,2023-07-03 11:01:01.078498
239,197,Accra,4549,Ashanti,Ghana,True,2023-01-14 02:27:46.491007,2023-08-01 11:54:50.522472
240,843,Tamale,9364,Western,Ghana,True,2023-11-27 18:36:28.784416,2024-03-16 21:30:25.568550
241,776,Takoradi,5961,Greater Accra,Ghana,False,2023-12-07 06:32:44.591080,2024-03-04 05:23:01.961763
242,131,Tamale,4760,Ashanti,Ghana,False,2023-10-29 19:38:35.849005,2023-06-18 13:14:07.835574
243,67,Accra,5117,Northern,Ghana,True,2023-07-16 12:23:54.057662,2024-07-30 13:02:50.853379
244,398,Takoradi,5403,Northern,Ghana,False,2023-12-01 07:41:24.573958,2023-05-22 17:55:46.780332
245,136,Takoradi,9823,Western,Ghana,True,2024-08-07 13:17:21.450705,2024-04-08 13:25:21.910288
246,39,Accra,7953,Greater Accra,Ghana,False,2023-05-06 16:43:21.911594,2023-11-27 12:35:43.315073
247,329,Accra,8493,Greater Accra,Ghana,False,2023-11-20 23:11:03.120644,2023-02-02 22:13:34.072021
248,658,Accra,4611,Northern,Ghana,False,2023-03-17 20:52:54.301590,2024-07-17 08:02:05.590686
249,312,Takoradi,8465,Greater Accra,Ghana,False,2024-03-31 22:46:06.512203,2023-11-04 15:32:00.273447
250,407,Takoradi,7070,Ashanti,Ghana,True,2023-07-02 04:40:35.836110,2023-02-27 18:56:57.297960
251,230,Kumasi,7372,Northern,Ghana,True,2023-01-16 21:58:24.234460,2024-03-17 22:22:05.532422
252,122,Tamale,7208,Greater Accra,Ghana,True,2024-11-28 02:25:26.631632,2023-11-29 15:07:17.008854
253,89,Tamale,1849,Western,Ghana,True,2023-01-21 15:18:41.366549,2023-06-02 05:49:57.400912
254,329,Accra,7193,Ashanti,Ghana,True,2024-04-12 05:54:05.621489,2024-07-08 16:09:49.949727
255,845,Tamale,2338,Greater Accra,Ghana,True,2023-05-18 18:00:28.719428,2023-05-19 10:56:06.773174
256,769,Takoradi,1909,Western,Ghana,False,2023-06-02 18:24:10.945537,2024-04-07 19:31:47.170276
257,93,Kumasi,2641,Ashanti,Ghana,False,2024-12-07 18:38:32.201309,2024-09-25 18:26:55.838914
258,219,Accra,1974,Western,Ghana,True,2023-11-16 07:03:26.920478,2024-08-25 22:44:31.204693
259,970,Takoradi,5149,Northern,Ghana,False,2023-08-28 15:23:28.696217,2024-02-04 08:09:31.100633
260,832,Accra,9576,Ashanti,Ghana,True,2023-01-11 18:41:21.421786,2023-02-18 16:48:41.434229
261,985,Takoradi,3505,Ashanti,Ghana,True,2023-03-29 11:08:38.300751,2024-09-26 12:05:39.750500
262,161,Takoradi,7808,Western,Ghana,True,2023-04-17 19:38:50.328559,2024-11-02 05:51:10.931764
263,15,Tamale,9858,Northern,Ghana,True,2024-02-02 02:39:35.020813,2024-03-02 07:45:18.626294
264,408,Kumasi,5269,Greater Accra,Ghana,True,2023-04-10 13:44:20.045905,2024-06-12 00:40:32.034389
265,641,Accra,4995,Western,Ghana,False,2024-03-22 12:03:11.582754,2024-08-06 09:44:15.173715
266,292,Tamale,8578,Greater Accra,Ghana,True,2024-08-19 13:13:50.561826,2024-08-05 12:58:28.391919
267,960,Kumasi,5417,Northern,Ghana,True,2023-09-21 08:32:28.120599,2023-08-15 02:13:31.736003
268,646,Kumasi,4634,Greater Accra,Ghana,True,2023-04-09 19:56:56.659434,2023-01-17 10:44:04.381389
269,177,Tamale,1396,Greater Accra,Ghana,True,2023-12-29 05:17:50.486921,2023-03-27 05:58:23.021091
270,802,Kumasi,8523,Greater Accra,Ghana,True,2023-01-23 15:21:50.505981,2023-10-28 05:03:21.460044
271,630,Tamale,6480,Greater Accra,Ghana,False,2023-10-04 19:08:29.911347,2023-08-12 10:43:27.332089
272,60,Takoradi,4345,Ashanti,Ghana,False,2023-04-04 16:20:19.616289,2023-02-15 09:18:23.460562
273,996,Tamale,9855,Ashanti,Ghana,False,2023-07-02 12:50:58.742209,2024-03-15 10:47:10.361374
274,634,Kumasi,1355,Greater Accra,Ghana,True,2024-09-10 14:32:16.843154,2023-08-21 07:13:29.455524
275,391,Takoradi,6686,Greater Accra,Ghana,True,2023-08-28 03:27:43.456352,2024-07-14 22:20:19.148594
276,987,Tamale,9570,Ashanti,Ghana,True,2024-03-13 11:30:21.684710,2023-08-23 03:39:23.284360
277,897,Kumasi,1604,Greater Accra,Ghana,False,2024-11-25 10:55:42.951892,2023-06-12 08:58:10.388588
278,257,Takoradi,1359,Western,Ghana,True,2023-05-19 20:18:36.932645,2024-10-27 21:52:34.483981
279,103,Kumasi,9254,Northern,Ghana,False,2023-11-12 01:45:03.453037,2023-02-24 20:42:57.239385
280,562,Takoradi,6817,Greater Accra,Ghana,True,2024-06-25 15:20:55.003247,2024-10-03 20:01:42.707185
281,482,Takoradi,6740,Northern,Ghana,True,2024-02-06 15:55:56.512669,2024-03-20 18:53:02.854166
282,291,Accra,7614,Western,Ghana,True,2024-04-21 20:12:50.344282,2024-03-17 01:54:38.237115
283,244,Takoradi,8461,Greater Accra,Ghana,False,2024-06-27 03:15:44.763179,2024-04-05 04:16:45.495068
284,88,Kumasi,5877,Greater Accra,Ghana,False,2023-01-05 02:23:12.802274,2024-06-23 04:58:49.286127
285,770,Takoradi,4736,Western,Ghana,False,2024-06-24 08:42:07.025598,2024-08-30 03:00:57.378517
286,196,Kumasi,8766,Ashanti,Ghana,True,2024-10-05 09:47:36.375790,2024-07-26 15:18:33.264373
287,691,Accra,1830,Western,Ghana,True,2023-01-03 06:05:14.313304,2023-06-13 18:20:32.860410
288,380,Accra,9850,Greater Accra,Ghana,False,2024-07-26 09:39:29.047937,2024-10-06 09:43:52.356399
289,855,Accra,1434,Western,Ghana,False,2023-04-13 15:28:41.571844,2024-03-30 05:53:43.563693
290,631,Takoradi,6935,Western,Ghana,True,2024-02-12 01:13:00.367410,2023-08-27 12:40:15.628073
291,58,Kumasi,8616,Western,Ghana,False,2024-06-17 10:18:20.419580,2024-05-30 06:39:27.535863
292,539,Takoradi,1610,Ashanti,Ghana,True,2024-06-30 05:56:29.088288,2023-07-18 18:09:20.374201
293,766,Tamale,3757,Western,Ghana,True,2024-08-15 01:44:03.359100,2023-10-09 08:58:06.054934
294,172,Accra,5464,Greater Accra,Ghana,True,2023-12-29 21:16:29.026864,2023-11-29 20:50:49.236871
295,134,Tamale,2530,Greater Accra,Ghana,True,2024-11-03 20:29:14.039464,2024-06-16 14:40:15.957392
296,252,Accra,6519,Western,Ghana,True,2023-08-27 03:34:27.227684,2023-10-12 04:44:54.210795
297,436,Tamale,8837,Western,Ghana,True,2024-07-19 07:04:27.329898,2023-06-01 19:04:38.969778
298,698,Tamale,9739,Northern,Ghana,False,2023-09-16 01:10:32.028709,2024-03-05 07:48:55.293462
299,854,Tamale,7404,Northern,Ghana,False,2024-08-28 17:40:44.502348,2024-01-16 09:47:21.891997
300,599,Tamale,4610,Greater Accra,Ghana,False,2023-05-03 02:14:37.884075,2024-12-23 12:26:57.534291
301,198,Accra,9635,Northern,Ghana,False,2024-06-24 03:40:55.639847,2024-03-30 11:05:18.094364
302,790,Tamale,5811,Northern,Ghana,False,2024-10-01 23:25:04.468415,2024-02-20 09:35:16.812822
303,888,Tamale,9989,Northern,Ghana,True,2023-10-28 19:52:54.953340,2024-03-14 09:51:47.884743
304,792,Kumasi,1242,Greater Accra,Ghana,True,2023-05-04 00:32:27.583131,2023-05-29 08:31:05.264362
305,19,Accra,3918,Ashanti,Ghana,True,2024-09-09 16:08:39.725458,2024-02-09 05:03:53.103792
306,801,Accra,2195,Western,Ghana,False,2024-07-22 19:59:04.548659,2024-09-21 22:56:59.943829
307,857,Tamale,3563,Western,Ghana,False,2024-05-20 15:49:50.183280,2024-06-26 03:00:13.153200
308,276,Takoradi,9019,Greater Accra,Ghana,False,2024-01-03 06:50:53.418229,2024-02-21 19:37:08.122009
309,357,Kumasi,1703,Western,Ghana,False,2023-02-13 23:26:36.783291,2024-02-27 19:27:28.458410
310,859,Takoradi,7855,Northern,Ghana,True,2024-02-25 07:31:39.786372,2023-04-29 12:56:43.196136
311,883,Accra,9817,Western,Ghana,False,2023-06-27 19:03:21.318467,2023-11-27 20:15:26.008016
312,645,Tamale,5720,Western,Ghana,False,2024-03-03 00:26:27.577600,2023-05-31 01:27:38.375593
313,75,Tamale,1493,Greater Accra,Ghana,True,2023-07-12 09:18:52.139331,2024-02-15 10:55:32.074823
314,96,Takoradi,3583,Western,Ghana,True,2023-06-02 13:55:28.962768,2023-12-12 15:02:54.160075
315,640,Tamale,4411,Northern,Ghana,True,2023-08-02 18:10:42.634087,2023-05-22 11:04:49.771245
316,260,Kumasi,2766,Ashanti,Ghana,False,2023-07-23 02:19:46.870179,2023-07-04 09:27:54.424570
317,449,Takoradi,7740,Ashanti,Ghana,True,2023-01-25 02:06:03.775455,2023-05-26 15:55:25.745234
318,112,Kumasi,6494,Western,Ghana,False,2024-04-25 10:45:27.514218,2024-08-31 00:54:37.156694
319,56,Accra,5028,Ashanti,Ghana,False,2024-06-12 03:03:14.648903,2024-06-14 23:12:21.221874
320,100,Kumasi,4322,Northern,Ghana,False,2024-11-01 18:31:46.814539,2023-01-30 12:51:57.771591
321,858,Kumasi,1169,Greater Accra,Ghana,True,2023-08-13 02:39:54.634010,2023-03-14 18:14:38.619661
322,867,Tamale,6822,Western,Ghana,True,2023-01-17 11:20:31.437850,2023-11-30 05:57:50.727432
323,38,Kumasi,6892,Western,Ghana,True,2024-04-08 22:23:36.891495,2023-05-20 06:07:42.723261
324,913,Kumasi,9690,Ashanti,Ghana,True,2023-03-07 18:57:35.654152,2023-02-23 14:31:58.170279
325,822,Accra,3650,Northern,Ghana,False,2023-11-17 02:05:02.759409,2024-12-23 22:17:52.724357
326,827,Kumasi,4026,Western,Ghana,True,2024-03-03 00:23:13.286344,2024-08-01 00:31:20.232093
327,621,Takoradi,8677,Ashanti,Ghana,False,2023-04-20 20:08:05.474926,2023-07-17 19:42:51.903293
328,538,Kumasi,8968,Greater Accra,Ghana,False,2023-05-15 05:23:47.544096,2024-03-28 21:23:57.808688
329,30,Takoradi,5623,Greater Accra,Ghana,True,2024-09-21 20:52:40.920651,2024-09-07 17:53:05.418577
330,315,Takoradi,8924,Western,Ghana,False,2024-02-21 10:31:33.254580,2023-09-24 20:48:22.007077
331,848,Takoradi,5317,Ashanti,Ghana,False,2024-02-27 07:06:59.808234,2024-10-09 21:26:27.967954
332,491,Tamale,5065,Western,Ghana,True,2024-03-04 06:40:43.097612,2024-07-04 10:21:52.096571
333,582,Takoradi,2801,Greater Accra,Ghana,True,2024-03-01 12:55:28.132241,2024-07-02 11:13:34.125492
334,457,Kumasi,2178,Ashanti,Ghana,True,2023-08-19 10:03:02.687902,2024-09-11 15:10:36.970323
335,633,Kumasi,2082,Greater Accra,Ghana,False,2023-11-28 08:28:51.659887,2024-01-07 23:22:07.784933
336,821,Takoradi,7327,Western,Ghana,False,2023-01-16 13:04:33.109971,2023-03-18 20:05:19.213334
337,332,Tamale,7409,Ashanti,Ghana,True,2024-03-16 09:19:24.812749,2024-11-28 16:24:17.884217
338,864,Takoradi,1552,Ashanti,Ghana,False,2024-12-26 15:14:06.361600,2023-11-24 07:15:23.133468
339,913,Tamale,9016,Ashanti,Ghana,True,2023-12-21 09:16:32.497641,2024-11-05 14:26:14.452218
340,212,Tamale,5367,Greater Accra,Ghana,False,2023-06-20 06:08:42.469858,2023-02-11 21:45:06.113493
341,273,Accra,3696,Greater Accra,Ghana,True,2024-12-25 15:04:30.065330,2024-10-03 21:38:10.841660
342,139,Takoradi,6950,Ashanti,Ghana,False,2023-04-04 10:31:28.420880,2024-08-04 01:28:24.992560
343,561,Tamale,2056,Ashanti,Ghana,False,2024-01-07 20:32:01.298712,2023-04-18 04:40:03.359978
344,621,Accra,6497,Greater Accra,Ghana,False,2023-07-24 04:21:29.505053,2024-10-26 23:52:34.988936
345,17,Tamale,6073,Greater Accra,Ghana,False,2024-05-07 01:31:07.780761,2024-09-28 18:58:33.213853
346,153,Accra,5228,Northern,Ghana,True,2024-04-15 04:59:45.541185,2024-07-09 14:15:25.039796
347,42,Kumasi,2349,Ashanti,Ghana,True,2024-08-02 10:19:34.843509,2024-08-19 16:09:30.293617
348,498,Tamale,2182,Northern,Ghana,False,2023-06-28 04:32:24.173409,2023-06-05 19:59:48.012922
349,839,Accra,5396,Greater Accra,Ghana,True,2023-08-16 22:32:43.295299,2023-03-27 12:17:33.182092
350,6,Takoradi,6068,Greater Accra,Ghana,True,2023-07-09 17:42:50.530853,2024-07-09 13:39:03.117234
351,315,Takoradi,6451,Greater Accra,Ghana,True,2023-03-20 09:29:00.764678,2024-04-26 07:44:55.873391
352,937,Takoradi,2807,Greater Accra,Ghana,False,2024-07-25 03:55:31.591822,2023-04-13 06:44:42.767397
353,414,Tamale,5595,Western,Ghana,False,2024-10-23 19:08:35.063990,2023-10-15 11:20:35.455921
354,420,Takoradi,3066,Greater Accra,Ghana,True,2024-10-19 17:12:11.746210,2023-11-22 01:22:21.860253
355,867,Kumasi,3737,Northern,Ghana,False,2024-07-20 19:03:45.718300,2024-02-24 10:29:23.235766
356,381,Takoradi,3701,Western,Ghana,True,2023-02-01 01:01:16.840830,2024-04-08 14:28:57.105261
357,234,Kumasi,6158,Ashanti,Ghana,False,2023-01-11 19:57:03.242260,2023-12-02 05:59:13.136943
358,791,Takoradi,5939,Western,Ghana,False,2023-12-02 05:33:19.468018,2023-12-13 08:21:05.730595
359,499,Accra,6343,Greater Accra,Ghana,True,2023-03-21 05:48:05.680802,2024-10-12 00:26:34.885710
360,705,Takoradi,4619,Western,Ghana,True,2023-08-02 13:07:14.176139,2023-01-03 17:09:50.467876
361,613,Tamale,5961,Ashanti,Ghana,False,2024-12-27 08:10:45.000726,2024-03-19 06:25:52.438401
362,934,Accra,3862,Greater Accra,Ghana,False,2024-10-04 16:18:01.532162,2023-04-26 19:20:50.290758
363,472,Kumasi,9057,Greater Accra,Ghana,True,2024-08-06 06:05:50.993478,2024-07-13 06:34:04.938707
364,765,Tamale,4487,Greater Accra,Ghana,True,2024-06-20 08:02:39.269987,2023-08-05 17:39:34.835964
365,740,Tamale,1909,Greater Accra,Ghana,False,2023-03-07 15:43:50.126781,2023-07-26 14:23:13.081499
366,46,Takoradi,2914,Western,Ghana,True,2024-08-08 01:02:02.005360,2024-07-28 00:20:02.401429
367,657,Accra,2671,Greater Accra,Ghana,False,2024-03-15 01:09:47.880787,2023-03-02 21:21:08.624221
368,36,Tamale,4511,Greater Accra,Ghana,True,2024-10-09 20:21:27.612119,2024-12-23 22:25:18.293646
369,853,Kumasi,5448,Western,Ghana,True,2024-08-16 18:22:24.930685,2023-08-20 04:30:55.560884
370,609,Takoradi,6418,Greater Accra,Ghana,False,2023-11-25 10:19:02.379558,2024-03-02 11:35:36.906038
371,843,Takoradi,7375,Ashanti,Ghana,False,2024-07-31 12:58:27.243895,2024-02-07 22:10:27.871591
372,76,Takoradi,1096,Western,Ghana,True,2024-07-23 13:09:08.954506,2023-09-09 23:34:10.412351
373,201,Accra,1981,Northern,Ghana,True,2023-04-10 23:12:41.486060,2024-02-18 04:14:04.565137
374,491,Takoradi,6391,Greater Accra,Ghana,True,2024-11-28 05:06:21.253428,2023-08-30 00:39:37.737605
375,20,Kumasi,6987,Ashanti,Ghana,False,2023-08-27 00:35:02.778406,2023-09-11 01:09:29.552421
376,79,Kumasi,9899,Greater Accra,Ghana,False,2024-03-08 06:40:34.864724,2023-04-06 03:00:59.425952
377,700,Tamale,9693,Western,Ghana,True,2024-12-31 14:39:09.765110,2024-05-01 15:07:37.921504
378,315,Takoradi,6667,Greater Accra,Ghana,False,2024-07-17 02:23:45.429774,2023-01-18 22:23:10.647799
379,730,Takoradi,6315,Western,Ghana,True,2023-12-12 19:08:58.417954,2024-10-29 05:54:26.154943
380,346,Takoradi,8628,Greater Accra,Ghana,False,2024-09-21 16:55:06.797814,2023-02-19 20:41:57.300215
381,187,Kumasi,2508,Northern,Ghana,True,2024-10-30 11:33:23.443899,2023-08-23 09:40:55.158615
382,32,Accra,8947,Ashanti,Ghana,False,2023-04-09 09:59:37.969104,2023-10-26 14:14:45.321886
383,430,Tamale,9808,Northern,Ghana,True,2024-12-30 20:02:20.200772,2023-01-25 17:39:33.710215
384,627,Takoradi,6462,Ashanti,Ghana,True,2024-02-15 12:10:44.571426,2023-12-21 08:01:29.925412
385,243,Kumasi,1768,Greater Accra,Ghana,True,2023-05-25 13:15:29.855353,2023-01-21 04:47:40.738224
386,483,Tamale,8832,Northern,Ghana,True,2023-02-25 14:16:15.706521,2024-06-14 03:08:19.837106
387,770,Takoradi,8991,Ashanti,Ghana,True,2024-01-16 13:49:24.886290,2024-05-10 15:53:10.393918
388,55,Kumasi,3717,Ashanti,Ghana,False,2023-07-19 02:51:54.093843,2023-07-24 08:34:47.181002
389,878,Tamale,2728,Western,Ghana,False,2023-01-12 18:25:24.647377,2024-12-16 04:21:15.908274
390,207,Accra,1742,Northern,Ghana,False,2023-05-17 18:25:36.125374,2024-08-19 19:35:10.558543
391,921,Accra,6881,Northern,Ghana,False,2024-08-27 14:48:34.812844,2023-10-28 08:44:53.922415
392,593,Tamale,2020,Western,Ghana,False,2024-10-19 05:05:03.591373,2024-04-18 14:06:21.670588
393,938,Takoradi,2156,Northern,Ghana,False,2023-03-01 06:33:36.796224,2023-08-12 23:41:57.393414
394,914,Takoradi,9335,Greater Accra,Ghana,False,2023-09-01 16:49:35.211193,2023-03-04 13:46:30.962681
395,702,Takoradi,8143,Northern,Ghana,False,2024-04-13 08:19:15.395464,2024-06-28 14:42:14.432170
396,899,Tamale,5775,Northern,Ghana,True,2023-09-24 00:31:55.805059,2024-09-15 05:06:01.570419
397,59,Kumasi,8506,Northern,Ghana,True,2024-04-18 16:17:44.960313,2024-04-10 20:27:15.684415
398,735,Takoradi,1098,Greater Accra,Ghana,True,2023-10-13 09:24:54.012676,2024-02-18 17:40:17.976234
399,478,Tamale,4713,Greater Accra,Ghana,True,2023-12-07 18:16:52.378714,2024-07-01 13:05:49.677967
400,565,Takoradi,5907,Greater Accra,Ghana,False,2024-07-01 03:46:45.780005,2023-09-13 07:03:45.613889
401,113,Tamale,5961,Greater Accra,Ghana,True,2024-02-13 01:31:12.148191,2024-02-05 10:44:37.671275
402,258,Tamale,5357,Northern,Ghana,True,2023-08-07 17:52:54.535510,2024-08-28 21:19:42.628251
403,508,Kumasi,6777,Ashanti,Ghana,False,2024-07-14 14:02:35.419654,2024-10-31 01:21:01.603855
404,617,Takoradi,1237,Northern,Ghana,True,2024-05-17 06:57:04.393612,2024-11-26 03:53:05.196408
405,818,Accra,1578,Western,Ghana,False,2023-06-22 13:57:23.374098,2024-06-30 17:22:13.223879
406,901,Tamale,8328,Northern,Ghana,False,2024-10-26 20:07:19.462812,2024-03-25 05:29:09.922346
407,413,Kumasi,3148,Greater Accra,Ghana,True,2023-02-21 17:55:41.980817,2023-06-15 07:27:42.648410
408,189,Accra,7742,Western,Ghana,True,2023-05-31 19:42:13.352503,2024-12-18 16:40:40.378773
409,453,Kumasi,5315,Northern,Ghana,False,2023-11-10 09:02:59.454322,2024-06-09 14:24:04.682411
410,842,Accra,6913,Western,Ghana,False,2024-10-18 13:29:01.014930,2023-03-30 20:42:44.516862
411,738,Takoradi,6083,Ashanti,Ghana,True,2024-12-29 09:43:37.659797,2023-02-18 15:31:25.728613
412,125,Accra,2463,Greater Accra,Ghana,True,2023-07-15 01:42:31.969893,2023-04-11 14:02:11.303415
413,924,Tamale,8219,Ashanti,Ghana,True,2024-05-25 12:54:44.598778,2023-03-27 09:56:53.608676
414,653,Accra,5947,Greater Accra,Ghana,False,2023-05-09 12:52:16.425590,2023-06-08 20:14:27.842506
415,467,Accra,9103,Western,Ghana,False,2023-11-11 08:33:52.212280,2024-04-19 00:09:35.570418
416,221,Tamale,5292,Western,Ghana,False,2024-04-08 04:06:01.337771,2023-08-10 13:08:49.101988
417,790,Tamale,8506,Ashanti,Ghana,False,2024-09-28 08:28:52.917813,2024-03-14 06:58:12.096194
418,872,Accra,4251,Greater Accra,Ghana,False,2024-07-12 16:29:35.237205,2024-02-13 11:15:04.528933
419,494,Kumasi,1664,Northern,Ghana,False,2023-01-03 05:05:27.522412,2024-10-13 05:58:19.650833
420,923,Tamale,2656,Greater Accra,Ghana,True,2023-11-25 15:30:33.377277,2023-11-02 08:15:30.316938
421,217,Accra,1917,Northern,Ghana,True,2023-06-23 16:12:58.181777,2023-06-16 21:45:06.065770
422,789,Takoradi,5546,Northern,Ghana,True,2024-10-20 07:10:56.384597,2023-12-04 01:07:02.064657
423,468,Takoradi,7002,Northern,Ghana,False,2024-08-19 14:26:48.473670,2024-02-17 02:35:00.049190
424,142,Takoradi,7164,Greater Accra,Ghana,False,2023-04-27 23:21:16.552078,2023-10-24 07:35:13.107856
425,170,Takoradi,3950,Greater Accra,Ghana,True,2024-02-04 07:42:49.530659,2023-02-23 08:47:51.232246
426,36,Takoradi,7307,Greater Accra,Ghana,True,2024-10-09 11:57:25.414201,2023-06-01 15:53:04.757951
427,483,Takoradi,3596,Ashanti,Ghana,False,2024-01-10 15:19:07.693385,2023-03-15 05:49:57.035789
428,428,Tamale,8178,Ashanti,Ghana,True,2024-11-19 08:36:24.387457,2024-08-27 22:06:55.033270
429,837,Accra,6932,Western,Ghana,False,2024-05-09 23:41:51.065654,2024-06-13 22:37:59.602380
430,657,Accra,2313,Greater Accra,Ghana,True,2023-06-19 12:13:32.951504,2024-04-24 17:12:44.759328
431,131,Kumasi,8263,Northern,Ghana,True,2023-03-18 19:33:51.562761,2023-09-20 14:34:15.898182
432,403,Kumasi,4808,Ashanti,Ghana,True,2024-08-16 21:21:00.074066,2023-09-01 12:18:21.220898
433,233,Kumasi,2309,Ashanti,Ghana,True,2024-06-21 11:44:32.901208,2024-08-31 01:54:05.309677
434,459,Tamale,5571,Greater Accra,Ghana,True,2023-04-28 18:51:36.041688,2024-12-03 06:19:03.467907
435,989,Accra,6597,Ashanti,Ghana,True,2024-11-13 03:13:31.627914,2023-02-22 13:15:39.613410
436,131,Tamale,7083,Northern,Ghana,True,2023-12-06 01:23:35.856827,2024-02-16 04:11:22.498259
437,434,Takoradi,4827,Greater Accra,Ghana,True,2023-05-29 06:07:32.707216,2024-12-23 04:19:17.923570
438,973,Tamale,9432,Northern,Ghana,False,2023-03-30 01:59:40.694875,2024-05-16 10:41:31.248987
439,837,Takoradi,1501,Northern,Ghana,True,2023-06-15 17:35:10.368515,2024-10-25 03:53:04.920758
440,350,Accra,1400,Northern,Ghana,False,2023-02-24 22:44:32.511904,2023-03-25 22:14:47.898517
441,434,Accra,5876,Western,Ghana,True,2024-01-01 20:32:46.844857,2024-07-29 11:11:49.435995
442,327,Tamale,7732,Northern,Ghana,True,2023-08-18 09:49:25.222360,2023-05-07 13:11:41.928689
443,702,Kumasi,7414,Northern,Ghana,True,2024-12-14 10:26:20.502622,2024-08-28 19:15:11.352625
444,657,Accra,3898,Western,Ghana,True,2023-06-22 19:06:04.593185,2023-10-28 13:07:03.499537
445,518,Kumasi,9331,Greater Accra,Ghana,False,2024-04-06 13:53:20.069774,2023-10-19 07:17:37.472180
446,191,Tamale,5977,Northern,Ghana,False,2023-10-02 10:57:39.060138,2024-09-22 20:20:10.416066
447,704,Tamale,8778,Greater Accra,Ghana,True,2023-12-27 18:05:00.478657,2023-09-06 04:11:16.437912
448,744,Kumasi,5687,Western,Ghana,False,2023-04-02 05:12:31.829236,2024-05-25 00:47:41.799246
449,851,Takoradi,8913,Greater Accra,Ghana,False,2024-12-02 00:20:52.283097,2024-06-25 02:24:35.347567
450,365,Takoradi,4771,Northern,Ghana,False,2023-10-20 09:09:09.375777,2024-10-19 18:54:58.622704
451,840,Takoradi,8208,Western,Ghana,True,2023-07-09 10:19:19.810935,2023-12-05 10:33:11.388964
452,595,Accra,8290,Northern,Ghana,True,2023-09-08 22:38:14.241151,2023-10-11 23:10:55.896285
453,356,Kumasi,5335,Northern,Ghana,True,2024-03-16 02:41:34.379079,2023-05-07 00:01:24.211988
454,649,Kumasi,7715,Northern,Ghana,False,2023-06-21 01:08:18.302105,2023-12-14 20:15:49.011418
455,575,Takoradi,1601,Greater Accra,Ghana,True,2023-01-06 17:20:28.580301,2024-06-01 12:58:22.082584
456,314,Accra,7438,Western,Ghana,True,2024-02-06 08:47:36.706796,2024-03-14 13:41:46.706026
457,658,Kumasi,4972,Northern,Ghana,False,2023-08-27 18:04:33.522910,2023-06-04 01:25:04.891360
458,643,Accra,2978,Western,Ghana,False,2023-04-16 13:31:07.350195,2024-03-24 10:52:34.578728
459,662,Accra,6181,Ashanti,Ghana,True,2024-05-01 10:50:46.234905,2023-08-13 09:51:11.865887
460,514,Takoradi,2669,Ashanti,Ghana,False,2023-07-22 14:48:42.694453,2023-12-01 00:57:25.845952
461,21,Tamale,9484,Greater Accra,Ghana,False,2024-12-11 11:47:57.532053,2023-01-02 12:56:45.894907
462,719,Tamale,4783,Ashanti,Ghana,False,2024-05-07 21:32:40.495918,2024-09-08 17:45:54.641780
463,465,Takoradi,9503,Northern,Ghana,True,2023-04-15 19:37:41.367897,2024-10-14 10:43:07.751802
464,380,Takoradi,2266,Northern,Ghana,True,2024-02-29 20:20:17.685607,2024-07-29 14:39:55.198995
465,273,Kumasi,6415,Western,Ghana,True,2024-03-30 06:34:08.208414,2023-07-06 06:10:10.099829
466,728,Kumasi,9635,Ashanti,Ghana,True,2023-08-31 14:00:38.103187,2024-10-09 23:41:58.485324
467,319,Tamale,6625,Greater Accra,Ghana,False,2023-04-20 08:22:31.726533,2023-08-27 02:39:27.873192
468,849,Takoradi,6791,Ashanti,Ghana,False,2024-07-08 20:27:19.408437,2024-01-01 02:59:23.270968
469,286,Accra,5041,Greater Accra,Ghana,True,2024-05-02 20:21:14.392687,2024-03-20 16:54:56.685527
470,61,Kumasi,1168,Ashanti,Ghana,True,2024-05-16 13:21:58.980576,2023-12-20 04:16:13.041652
471,372,Takoradi,7593,Western,Ghana,True,2023-06-12 16:24:11.874582,2023-10-19 11:27:22.133308
472,410,Accra,8235,Western,Ghana,True,2023-04-27 04:32:38.770993,2023-12-13 06:08:57.323746
473,228,Kumasi,1978,Northern,Ghana,True,2024-07-20 18:14:13.192318,2024-05-31 05:26:06.721860
474,871,Tamale,6483,Ashanti,Ghana,True,2023-06-29 10:31:55.510367,2024-09-13 05:44:08.070572
475,74,Kumasi,8822,Western,Ghana,False,2024-12-31 09:36:39.327965,2023-07-26 01:43:36.826700
476,22,Kumasi,5496,Ashanti,Ghana,False,2024-01-16 13:35:05.900140,2024-06-21 23:47:59.639012
477,973,Takoradi,1294,Western,Ghana,False,2023-02-20 09:25:56.214645,2024-09-12 10:00:05.135796
478,969,Takoradi,3728,Ashanti,Ghana,True,2023-03-03 11:15:30.294202,2023-04-13 21:54:37.090170
479,194,Accra,3787,Western,Ghana,False,2024-08-10 15:31:59.675545,2023-07-30 10:25:51.432545
480,477,Tamale,2609,Western,Ghana,True,2023-01-18 15:02:19.098533,2024-10-12 15:41:24.411731
481,371,Tamale,1455,Ashanti,Ghana,True,2024-04-02 18:14:32.437720,2023-10-30 09:43:45.217893
482,885,Takoradi,4350,Northern,Ghana,True,2024-04-08 02:38:48.354734,2023-05-28 00:33:36.578692
483,123,Accra,6374,Greater Accra,Ghana,False,2023-06-30 23:19:16.693951,2023-12-20 14:08:47.311381
484,189,Kumasi,1264,Greater Accra,Ghana,True,2023-02-06 10:59:01.731392,2024-06-15 15:23:24.655303
485,745,Takoradi,6573,Northern,Ghana,False,2023-01-04 23:05:45.452238,2024-12-12 05:01:47.042255
486,772,Tamale,5810,Western,Ghana,False,2024-10-03 20:12:52.510381,2024-11-01 19:16:53.333883
487,359,Takoradi,4707,Ashanti,Ghana,True,2023-12-22 13:05:01.421877,2024-07-27 11:53:03.897264
488,424,Kumasi,9761,Greater Accra,Ghana,False,2024-02-19 03:34:43.502513,2024-05-16 05:02:25.356895
489,804,Kumasi,4905,Western,Ghana,True,2023-02-08 01:39:42.781860,2024-12-28 19:33:54.924622
490,943,Takoradi,3601,Ashanti,Ghana,True,2024-04-03 00:59:39.929585,2024-10-21 13:09:23.962706
491,253,Kumasi,5599,Western,Ghana,False,2024-03-06 21:33:22.580938,2023-01-09 04:32:52.173152
492,594,Kumasi,7825,Western,Ghana,True,2023-11-16 22:40:08.313183,2024-03-27 23:57:56.370949
493,835,Takoradi,3971,Greater Accra,Ghana,False,2023-11-04 02:24:35.378647,2024-04-27 06:24:17.582954
494,233,Takoradi,3779,Ashanti,Ghana,True,2024-01-29 04:47:06.091933,2023-08-03 15:17:36.039903
495,595,Tamale,3977,Northern,Ghana,False,2024-06-22 14:50:46.050994,2023-08-28 19:05:11.548681
496,957,Accra,2121,Greater Accra,Ghana,True,2023-11-03 23:39:17.763780,2024-10-24 01:20:23.632164
497,665,Tamale,3107,Ashanti,Ghana,True,2023-12-24 11:52:41.607672,2023-06-29 06:15:44.221729
498,423,Accra,3222,Western,Ghana,False,2024-03-25 13:56:34.565463,2023-05-24 01:27:46.832919
499,498,Takoradi,6965,Northern,Ghana,True,2024-09-04 12:46:43.214782,2024-11-03 05:50:07.960633
500,20,Kumasi,1889,Ashanti,Ghana,False,2023-04-29 10:23:33.579346,2023-03-31 09:46:40.164207
501,695,Kumasi,2151,Ashanti,Ghana,True,2024-02-14 15:17:01.348922,2023-02-21 01:11:03.807340
502,201,Kumasi,9757,Northern,Ghana,False,2024-08-15 13:35:33.626432,2023-12-10 18:00:47.856163
503,118,Takoradi,9739,Ashanti,Ghana,False,2023-07-18 15:10:51.026322,2024-05-10 15:19:53.076321
504,446,Takoradi,6152,Western,Ghana,False,2023-04-29 12:30:13.617991,2023-02-06 22:27:28.492530
505,631,Tamale,5327,Greater Accra,Ghana,False,2023-05-22 04:31:03.343828,2024-03-07 17:48:06.299602
506,903,Kumasi,6837,Greater Accra,Ghana,False,2023-11-21 12:21:01.958442,2023-08-13 17:08:37.726459
507,552,Tamale,5254,Ashanti,Ghana,True,2024-09-03 17:18:38.900700,2023-07-31 05:15:07.754719
508,426,Accra,1530,Greater Accra,Ghana,True,2024-11-15 05:32:47.978710,2024-07-09 19:17:13.643997
509,869,Tamale,6939,Greater Accra,Ghana,True,2024-09-13 07:50:54.745316,2023-08-24 17:44:02.618707
510,371,Tamale,4538,Ashanti,Ghana,True,2023-02-09 19:00:58.415573,2023-06-27 21:07:31.319226
511,835,Kumasi,7674,Western,Ghana,False,2023-06-18 16:33:13.116579,2023-09-11 07:58:18.684748
512,949,Takoradi,6900,Ashanti,Ghana,True,2024-10-13 04:33:38.157281,2024-07-21 02:57:06.883877
513,792,Tamale,3003,Greater Accra,Ghana,False,2023-03-05 20:32:42.348837,2024-02-29 16:21:20.382954
514,509,Accra,7031,Northern,Ghana,True,2023-03-14 14:36:31.325153,2024-02-09 08:36:07.462672
515,942,Tamale,1056,Greater Accra,Ghana,False,2024-03-25 23:40:41.452335,2023-04-26 06:23:54.593604
516,165,Tamale,5655,Northern,Ghana,False,2024-02-17 17:38:50.519367,2023-05-02 12:55:52.236838
517,774,Accra,4216,Greater Accra,Ghana,True,2023-09-25 18:13:02.816047,2024-10-14 02:39:22.622303
518,898,Kumasi,8251,Northern,Ghana,True,2024-05-06 01:12:31.509100,2023-10-03 00:02:09.456778
519,272,Tamale,8199,Western,Ghana,True,2023-08-24 03:36:18.038958,2024-10-16 21:59:12.249315
520,474,Accra,4405,Ashanti,Ghana,True,2024-06-13 21:08:31.995566,2024-03-14 19:22:46.849107
521,247,Accra,5383,Northern,Ghana,True,2024-04-15 17:08:25.620512,2023-08-10 07:19:09.514085
522,460,Takoradi,4587,Ashanti,Ghana,False,2024-09-09 04:00:00.085813,2023-04-30 13:08:52.456187
523,792,Takoradi,9429,Northern,Ghana,False,2023-05-17 06:34:40.003828,2023-04-02 07:13:06.131376
524,431,Accra,8731,Western,Ghana,True,2024-01-28 10:22:59.926766,2024-10-01 08:32:44.616026
525,580,Tamale,6346,Ashanti,Ghana,True,2023-03-23 21:19:51.084947,2024-03-29 07:32:54.060048
526,721,Kumasi,1113,Northern,Ghana,False,2024-04-23 16:24:39.197804,2023-03-11 11:39:55.136079
527,747,Takoradi,7149,Ashanti,Ghana,False,2023-05-09 19:14:16.601853,2024-01-26 23:45:23.243687
528,961,Accra,1379,Western,Ghana,False,2024-11-25 08:27:43.847827,2023-06-08 13:22:29.247148
529,84,Accra,8221,Ashanti,Ghana,False,2023-02-26 12:07:40.632101,2023-10-25 09:50:37.903007
530,775,Accra,8157,Ashanti,Ghana,True,2023-11-28 21:50:04.333396,2024-03-29 21:55:01.346039
531,981,Tamale,5856,Ashanti,Ghana,False,2024-03-21 06:39:46.229643,2024-01-12 23:13:21.492633
532,766,Accra,4879,Western,Ghana,False,2023-04-30 14:32:30.658204,2024-04-18 17:20:02.015443
533,428,Kumasi,1130,Ashanti,Ghana,False,2024-10-05 11:19:01.662151,2024-09-02 06:21:14.646698
534,673,Tamale,6108,Ashanti,Ghana,False,2023-09-10 17:45:34.670980,2023-10-07 14:05:37.728911
535,234,Kumasi,7484,Ashanti,Ghana,True,2024-09-10 02:34:55.895541,2024-08-16 10:41:28.398349
536,916,Kumasi,1484,Northern,Ghana,True,2023-10-21 19:44:37.617246,2024-09-09 16:17:13.622733
537,923,Takoradi,9395,Ashanti,Ghana,True,2024-09-07 20:57:11.690849,2023-10-17 23:32:27.107171
538,677,Kumasi,5662,Western,Ghana,False,2023-09-19 09:16:22.781395,2023-06-14 17:19:13.460841
539,863,Accra,2750,Greater Accra,Ghana,True,2023-02-26 07:10:23.580625,2024-02-15 02:06:05.132761
540,881,Accra,2504,Western,Ghana,True,2023-12-21 07:15:07.012691,2023-10-09 00:40:35.985042
541,944,Takoradi,9589,Northern,Ghana,False,2024-03-12 18:23:07.476980,2024-05-26 17:39:05.166845
542,774,Accra,9404,Greater Accra,Ghana,False,2024-11-18 07:17:21.671215,2024-08-05 18:18:43.324313
543,501,Takoradi,1844,Western,Ghana,False,2024-11-29 05:49:18.248951,2023-12-18 13:38:57.235272
544,644,Takoradi,2809,Ashanti,Ghana,True,2024-10-04 12:35:28.619770,2023-10-09 16:07:31.088541
545,844,Takoradi,9396,Greater Accra,Ghana,True,2024-06-15 11:24:09.863959,2023-10-30 10:06:08.317393
546,869,Takoradi,8088,Ashanti,Ghana,True,2024-10-05 01:46:31.127313,2024-08-06 02:27:33.731626
547,418,Kumasi,7410,Ashanti,Ghana,False,2024-11-16 00:31:17.618552,2023-10-22 01:58:39.897914
548,707,Kumasi,3131,Western,Ghana,True,2024-08-25 02:25:57.650279,2023-11-29 13:15:18.922074
549,356,Takoradi,2380,Northern,Ghana,False,2024-11-06 00:13:46.211076,2024-08-07 23:08:59.564870
550,258,Accra,2644,Western,Ghana,False,2024-11-24 09:25:35.826470,2023-06-13 17:49:37.522732
551,134,Accra,8421,Ashanti,Ghana,False,2023-05-01 13:42:45.490998,2024-03-05 18:50:32.181317
552,176,Accra,4643,Western,Ghana,False,2024-08-10 23:57:18.775354,2024-07-27 09:32:21.657546
553,802,Kumasi,3506,Ashanti,Ghana,False,2024-07-11 15:33:42.342585,2024-05-15 06:46:51.476088
554,388,Accra,7696,Greater Accra,Ghana,True,2024-11-07 21:45:37.065966,2023-06-16 20:18:14.002036
555,535,Takoradi,9640,Northern,Ghana,True,2023-07-22 22:50:25.035200,2024-05-22 03:37:40.372206
556,973,Takoradi,4887,Northern,Ghana,False,2023-06-15 11:47:40.297059,2023-05-16 13:58:58.711465
557,258,Tamale,8582,Greater Accra,Ghana,True,2023-06-26 18:31:14.146614,2024-04-25 12:14:03.032296
558,692,Kumasi,9536,Greater Accra,Ghana,False,2024-01-19 15:07:09.612954,2024-02-03 06:16:27.266074
559,799,Tamale,7309,Ashanti,Ghana,False,2023-01-05 09:29:32.055398,2023-06-08 05:18:48.714259
560,731,Takoradi,8773,Greater Accra,Ghana,True,2024-07-03 16:59:22.531629,2023-12-08 12:16:26.466289
561,3,Takoradi,7719,Northern,Ghana,False,2024-04-23 11:53:16.777500,2023-09-23 08:28:59.427644
562,987,Tamale,3319,Ashanti,Ghana,False,2024-03-18 14:02:17.904758,2024-06-09 16:26:57.949544
563,569,Kumasi,4704,Western,Ghana,True,2023-12-15 02:02:14.512907,2024-02-15 11:14:00.400177
564,269,Tamale,7528,Ashanti,Ghana,True,2024-04-01 00:54:14.314073,2023-02-16 18:56:02.224040
565,861,Takoradi,8836,Ashanti,Ghana,True,2023-01-10 02:31:43.397843,2023-05-10 15:10:16.839895
566,649,Takoradi,2414,Greater Accra,Ghana,True,2023-02-15 10:49:49.595456,2024-02-13 03:26:06.341988
567,742,Tamale,9534,Ashanti,Ghana,True,2024-12-14 12:20:21.903436,2023-11-14 13:16:23.187247
568,752,Accra,6739,Ashanti,Ghana,False,2024-11-14 11:05:09.443095,2024-06-02 16:53:06.633917
569,861,Tamale,4252,Western,Ghana,False,2023-10-07 22:46:29.567755,2023-06-22 05:37:43.157739
570,295,Kumasi,3033,Western,Ghana,True,2024-02-28 05:44:55.098335,2023-05-21 09:53:29.051753
571,635,Takoradi,4342,Western,Ghana,True,2024-12-11 07:36:14.508087,2024-06-17 23:08:56.737579
572,452,Tamale,3408,Western,Ghana,True,2023-08-22 22:24:40.506629,2023-01-27 18:12:38.151800
573,936,Tamale,4568,Western,Ghana,False,2024-01-07 04:02:53.743675,2023-03-23 05:19:59.788673
574,269,Takoradi,1387,Ashanti,Ghana,True,2024-09-20 21:28:44.145639,2024-03-24 04:23:37.529674
575,224,Tamale,9573,Northern,Ghana,False,2024-11-30 03:44:28.233219,2024-07-06 07:52:52.581872
576,270,Kumasi,7224,Western,Ghana,True,2023-03-20 03:47:34.056988,2024-02-05 11:37:23.180076
577,71,Takoradi,3927,Western,Ghana,False,2023-02-02 16:14:03.472306,2024-07-03 03:47:32.317720
578,25,Takoradi,3983,Ashanti,Ghana,False,2023-11-12 09:14:41.020301,2023-11-20 21:33:15.247499
579,850,Accra,7294,Greater Accra,Ghana,False,2024-09-28 08:11:33.090710,2024-01-18 20:35:23.853049
580,312,Accra,8061,Northern,Ghana,True,2023-10-13 10:14:41.442079,2023-03-30 12:33:26.887194
581,41,Takoradi,4383,Western,Ghana,True,2024-09-11 05:22:40.758790,2023-01-31 18:31:36.385196
582,799,Tamale,6107,Northern,Ghana,True,2023-04-02 04:36:11.139867,2023-12-13 04:43:44.442522
583,667,Accra,7159,Greater Accra,Ghana,True,2023-07-30 18:51:28.029750,2023-08-10 18:37:10.146210
584,310,Tamale,8944,Ashanti,Ghana,False,2024-06-30 12:01:50.241820,2023-12-04 10:14:27.619703
585,294,Kumasi,5604,Western,Ghana,False,2023-06-14 18:08:48.002488,2024-11-11 08:47:51.620681
586,858,Tamale,4271,Northern,Ghana,False,2023-02-19 16:51:51.041711,2023-07-17 01:27:36.458916
587,79,Takoradi,7063,Western,Ghana,False,2024-05-19 08:29:40.342125,2023-12-17 20:48:56.476184
588,20,Takoradi,6925,Greater Accra,Ghana,False,2024-05-18 08:51:07.624612,2023-04-27 18:08:31.347207
589,858,Tamale,8908,Greater Accra,Ghana,True,2023-10-04 01:28:54.890109,2024-11-26 04:13:03.780375
590,410,Tamale,9504,Greater Accra,Ghana,True,2023-03-13 01:54:02.342472,2023-05-13 23:16:21.668827
591,584,Kumasi,2290,Greater Accra,Ghana,False,2023-12-29 11:07:23.975702,2023-07-19 12:45:47.197488
592,56,Accra,6746,Northern,Ghana,True,2023-12-11 18:17:09.727783,2023-07-22 19:10:33.945971
593,228,Kumasi,4178,Northern,Ghana,True,2023-08-16 13:00:16.626455,2024-03-24 21:51:22.128029
594,79,Accra,5039,Western,Ghana,True,2024-12-18 02:48:47.997309,2023-12-02 11:08:42.070756
595,17,Accra,8444,Northern,Ghana,False,2024-09-10 00:09:47.731514,2024-12-08 08:47:12.317801
596,91,Kumasi,4871,Greater Accra,Ghana,True,2023-10-14 23:14:05.801246,2023-09-25 09:52:23.202758
597,761,Takoradi,6740,Greater Accra,Ghana,True,2024-02-28 16:39:37.123180,2024-09-30 17:41:18.045143
598,9,Takoradi,1950,Northern,Ghana,True,2024-06-05 01:46:58.802902,2024-08-30 00:51:16.768802
599,581,Tamale,7011,Ashanti,Ghana,False,2023-11-23 15:31:11.699730,2024-10-22 23:25:08.401949
600,454,Kumasi,5480,Western,Ghana,True,2024-05-18 04:48:48.862335,2023-10-20 15:59:50.785057
601,617,Kumasi,8201,Western,Ghana,False,2023-08-23 17:21:14.162583,2024-02-29 19:09:25.905519
602,446,Accra,3722,Western,Ghana,False,2024-05-09 20:21:28.278564,2023-04-15 11:34:36.376420
603,66,Accra,6122,Northern,Ghana,True,2024-01-07 04:56:22.992213,2024-07-20 05:54:28.851577
604,683,Tamale,2951,Western,Ghana,False,2023-02-08 20:29:23.336145,2024-07-15 23:29:54.469894
605,1000,Kumasi,6590,Northern,Ghana,True,2024-01-08 08:17:56.688597,2023-06-06 23:53:36.269309
606,199,Kumasi,5328,Greater Accra,Ghana,True,2024-11-05 15:34:36.809867,2023-09-19 20:32:13.628977
607,959,Takoradi,7003,Ashanti,Ghana,True,2023-08-31 00:44:08.093449,2023-05-29 01:55:09.681388
608,1,Kumasi,6284,Northern,Ghana,True,2024-06-16 22:01:22.563864,2024-03-16 16:45:44.878661
609,323,Kumasi,5870,Northern,Ghana,False,2023-11-16 17:53:40.827744,2023-11-18 00:08:32.823752
610,93,Tamale,4084,Western,Ghana,True,2024-12-29 15:54:44.899548,2024-08-04 22:41:45.813261
611,840,Kumasi,4692,Western,Ghana,False,2023-06-07 09:25:09.969407,2024-08-11 05:19:06.031408
612,202,Accra,6800,Greater Accra,Ghana,False,2023-05-15 14:34:14.677554,2024-02-25 02:54:04.079889
613,523,Kumasi,6892,Western,Ghana,True,2023-06-11 01:50:11.031602,2023-01-02 17:28:08.716826
614,909,Accra,9622,Greater Accra,Ghana,False,2024-03-19 09:28:48.632956,2024-11-04 04:53:46.009051
615,90,Accra,5082,Greater Accra,Ghana,True,2023-02-05 00:03:16.931230,2023-12-07 03:24:48.202563
616,416,Tamale,6578,Ashanti,Ghana,False,2024-11-11 10:01:30.594205,2024-08-12 22:53:40.628630
617,329,Kumasi,8744,Western,Ghana,False,2023-11-29 11:20:13.433549,2024-10-27 08:25:57.598622
618,259,Takoradi,5305,Northern,Ghana,False,2024-05-28 23:01:01.136090,2023-09-10 02:42:30.141822
619,274,Tamale,2182,Greater Accra,Ghana,False,2024-07-09 20:26:57.232369,2024-08-22 02:03:38.877614
620,779,Accra,1123,Ashanti,Ghana,False,2024-12-09 20:05:24.016172,2024-08-04 11:57:40.466776
621,245,Takoradi,9576,Northern,Ghana,True,2023-03-29 05:18:15.471741,2024-04-20 11:57:14.753782
622,842,Tamale,9656,Ashanti,Ghana,False,2023-02-03 16:30:20.834860,2024-02-09 00:45:29.016981
623,839,Tamale,1093,Northern,Ghana,True,2024-04-26 18:06:19.984225,2023-07-11 19:06:15.040667
624,147,Takoradi,3107,Greater Accra,Ghana,False,2023-09-02 22:15:42.517061,2024-09-15 16:24:11.965114
625,233,Takoradi,3893,Greater Accra,Ghana,False,2023-09-26 07:47:02.089284,2024-01-25 01:51:58.073223
626,550,Kumasi,4429,Western,Ghana,True,2023-04-19 15:32:35.650871,2024-10-11 15:26:33.595771
627,236,Tamale,8002,Ashanti,Ghana,False,2023-08-06 02:26:27.852469,2024-06-07 16:10:28.002586
628,45,Tamale,6187,Northern,Ghana,False,2024-08-18 13:43:07.904734,2024-07-13 06:45:56.690335
629,471,Tamale,8080,Western,Ghana,False,2023-07-15 03:24:41.017221,2023-11-18 19:58:44.916888
630,428,Kumasi,4756,Greater Accra,Ghana,True,2023-02-17 17:53:39.282328,2024-09-01 17:08:17.027625
631,390,Accra,4724,Western,Ghana,True,2024-07-08 06:51:52.076453,2023-09-09 17:16:58.167381
632,343,Takoradi,5285,Ashanti,Ghana,True,2023-11-29 20:24:35.634109,2023-03-03 16:50:29.705384
633,757,Accra,3305,Western,Ghana,False,2024-12-29 23:02:59.716720,2023-04-17 10:46:18.483149
634,629,Tamale,9789,Greater Accra,Ghana,True,2023-06-23 05:14:37.058110,2024-12-11 14:00:06.372583
635,755,Kumasi,3241,Northern,Ghana,True,2023-04-02 13:16:36.959170,2023-06-03 11:52:02.671671
636,333,Takoradi,5319,Ashanti,Ghana,False,2024-03-12 21:15:00.285041,2024-09-05 08:39:38.871652
637,631,Takoradi,9261,Greater Accra,Ghana,True,2023-09-11 16:45:13.508916,2024-02-22 03:42:27.915901
638,655,Takoradi,9461,Northern,Ghana,False,2024-03-12 21:44:51.589352,2024-03-11 14:54:54.718330
639,453,Accra,5108,Greater Accra,Ghana,True,2024-03-01 14:10:41.080488,2024-08-16 00:51:41.749689
640,51,Accra,9872,Western,Ghana,False,2024-09-19 00:29:04.480370,2023-04-03 16:59:35.828136
641,653,Kumasi,9936,Western,Ghana,True,2023-05-25 07:59:57.779963,2024-06-14 18:29:28.606472
642,538,Kumasi,8143,Northern,Ghana,False,2024-09-29 08:44:07.836721,2023-07-08 17:37:43.482701
643,878,Tamale,6264,Ashanti,Ghana,True,2024-06-17 12:07:56.040822,2023-12-14 04:26:57.566074
644,826,Kumasi,8259,Greater Accra,Ghana,False,2024-08-18 04:32:30.665345,2024-01-29 07:09:40.491908
645,271,Kumasi,6468,Ashanti,Ghana,False,2024-09-06 11:34:17.844452,2023-05-12 13:30:01.645425
646,791,Tamale,5913,Greater Accra,Ghana,False,2024-09-07 16:39:01.986755,2024-04-02 16:38:53.347186
647,655,Kumasi,9369,Western,Ghana,False,2023-05-20 05:11:27.261528,2024-12-25 19:11:33.096709
648,640,Takoradi,4909,Ashanti,Ghana,True,2023-05-05 00:52:58.237807,2024-05-03 22:44:03.506741
649,615,Tamale,9032,Western,Ghana,True,2023-11-12 15:06:55.664190,2024-01-02 00:05:38.354534
650,785,Tamale,5255,Western,Ghana,True,2023-12-13 23:43:03.941331,2023-02-12 10:46:22.184395
651,361,Kumasi,1986,Ashanti,Ghana,False,2024-09-15 19:23:17.109668,2024-03-03 13:10:58.785104
652,773,Takoradi,1172,Northern,Ghana,True,2023-08-31 03:12:32.203850,2023-11-03 06:31:36.596614
653,715,Accra,6839,Northern,Ghana,False,2024-09-07 03:38:00.846905,2023-11-30 08:02:02.214453
654,915,Kumasi,9033,Northern,Ghana,True,2024-03-10 15:13:51.210693,2024-03-11 04:29:57.841735
655,533,Accra,6347,Western,Ghana,False,2023-11-11 21:20:53.814719,2024-06-17 10:37:05.679275
656,556,Kumasi,6347,Western,Ghana,True,2023-01-04 17:07:52.012888,2024-01-29 03:19:11.036453
657,969,Kumasi,4499,Ashanti,Ghana,True,2024-10-30 17:28:55.691527,2024-11-09 06:52:18.587497
658,301,Kumasi,3784,Western,Ghana,True,2024-02-10 11:39:56.481227,2024-05-10 22:39:49.315709
659,836,Accra,4390,Northern,Ghana,True,2023-01-31 01:07:48.179986,2023-11-25 03:50:45.049963
660,329,Takoradi,4245,Ashanti,Ghana,True,2023-05-18 12:30:16.013153,2024-05-28 13:19:07.583339
661,721,Tamale,1664,Northern,Ghana,True,2023-09-02 12:38:37.191894,2023-04-06 13:40:01.527106
662,813,Accra,5046,Greater Accra,Ghana,False,2024-12-22 23:01:44.834499,2023-04-08 06:59:08.359153
663,503,Kumasi,3081,Greater Accra,Ghana,False,2023-09-03 22:13:30.557927,2024-03-31 10:03:32.662557
664,962,Takoradi,7186,Greater Accra,Ghana,False,2024-05-28 07:02:03.217672,2024-07-28 23:49:22.062489
665,931,Accra,2714,Western,Ghana,True,2023-08-26 13:22:48.518895,2023-12-08 03:42:50.018322
666,976,Accra,2922,Greater Accra,Ghana,False,2023-08-29 11:56:35.952826,2024-05-02 23:20:37.294095
667,907,Kumasi,5881,Greater Accra,Ghana,True,2023-04-28 22:30:13.611244,2024-03-28 00:09:13.701634
668,457,Tamale,5514,Western,Ghana,True,2024-02-13 14:52:47.510167,2023-01-17 03:46:28.265343
669,639,Accra,7125,Western,Ghana,True,2023-04-20 05:11:08.334218,2023-12-02 18:25:36.296399
670,661,Kumasi,7327,Greater Accra,Ghana,False,2023-03-22 10:49:54.466428,2023-03-13 06:11:54.176363
671,962,Tamale,1639,Western,Ghana,True,2024-01-15 15:49:51.779249,2023-12-16 11:48:59.876953
672,822,Accra,2124,Western,Ghana,False,2024-10-22 01:54:21.268122,2024-04-23 07:16:03.483310
673,876,Accra,5150,Greater Accra,Ghana,False,2023-01-20 19:35:23.449220,2023-07-21 12:33:53.845043
674,403,Accra,2553,Greater Accra,Ghana,True,2023-08-27 19:13:49.933247,2023-04-07 13:59:06.910456
675,889,Tamale,5230,Western,Ghana,False,2023-04-06 19:16:24.232084,2024-08-13 08:54:15.635708
676,747,Accra,3534,Ashanti,Ghana,False,2023-07-27 05:33:27.202164,2023-05-18 02:42:32.861006
677,9,Kumasi,5589,Western,Ghana,False,2023-12-29 07:18:55.796548,2023-10-21 05:33:29.029503
678,561,Tamale,5666,Western,Ghana,True,2024-05-24 03:31:02.077364,2024-12-27 10:23:42.614531
679,299,Kumasi,1892,Ashanti,Ghana,True,2023-08-30 14:30:48.556992,2024-08-01 17:49:41.410409
680,155,Tamale,7276,Greater Accra,Ghana,True,2023-08-16 20:59:18.124278,2023-09-11 20:29:53.690793
681,883,Kumasi,8284,Northern,Ghana,False,2024-04-03 06:24:42.784536,2024-07-10 18:11:48.689898
682,357,Takoradi,6510,Ashanti,Ghana,False,2024-07-15 05:36:57.310097,2023-04-10 03:16:52.067066
683,38,Tamale,5144,Western,Ghana,False,2023-11-29 00:41:45.177381,2024-01-27 07:15:16.302221
684,437,Takoradi,1448,Western,Ghana,True,2023-03-30 04:17:15.156969,2024-03-20 07:02:00.803654
685,173,Kumasi,9930,Northern,Ghana,False,2023-06-25 01:06:07.523234,2023-10-25 23:08:54.751481
686,836,Tamale,7727,Greater Accra,Ghana,True,2024-12-04 07:18:31.132867,2024-02-12 13:48:26.360012
687,481,Kumasi,2860,Ashanti,Ghana,False,2023-07-01 02:03:09.743504,2024-01-13 18:22:27.900581
688,120,Tamale,4677,Greater Accra,Ghana,True,2023-02-14 21:38:35.546154,2024-06-26 21:57:11.515348
689,498,Tamale,1547,Greater Accra,Ghana,False,2024-03-30 10:06:52.670029,2024-10-01 21:09:19.171230
690,141,Accra,5655,Northern,Ghana,True,2023-05-02 07:46:04.525306,2024-01-06 04:13:45.427421
691,364,Kumasi,9864,Northern,Ghana,True,2023-05-24 18:39:08.555046,2024-03-21 17:18:57.598638
692,853,Takoradi,1955,Greater Accra,Ghana,True,2024-06-26 02:37:50.979146,2024-01-23 04:02:22.136814
693,158,Takoradi,3176,Western,Ghana,True,2024-04-19 11:04:37.709510,2023-05-07 23:57:10.111104
694,400,Kumasi,3149,Western,Ghana,False,2024-01-11 21:22:23.474524,2023-06-24 04:35:12.003565
695,988,Tamale,5214,Western,Ghana,True,2023-04-15 10:48:58.324502,2024-07-23 09:55:14.978845
696,978,Kumasi,6352,Western,Ghana,False,2024-08-11 11:26:44.278245,2024-09-14 07:33:15.067944
697,170,Takoradi,8955,Greater Accra,Ghana,True,2024-10-31 06:05:48.219467,2023-11-27 12:07:53.507789
698,668,Tamale,3306,Northern,Ghana,True,2023-05-08 09:53:09.912662,2024-07-26 17:51:34.083785
699,150,Tamale,1498,Western,Ghana,False,2024-05-15 07:08:46.496539,2024-12-29 18:52:55.321421
700,562,Kumasi,6351,Northern,Ghana,False,2023-01-02 20:36:36.744219,2024-12-14 07:21:27.366308
701,668,Takoradi,3231,Greater Accra,Ghana,True,2023-06-20 23:23:50.876708,2023-07-04 00:06:02.128117
702,183,Accra,7801,Western,Ghana,False,2023-03-14 02:36:00.633595,2023-12-31 14:22:00.012389
703,473,Tamale,3910,Northern,Ghana,True,2023-11-18 23:45:05.239998,2024-12-30 22:22:52.563987
704,410,Tamale,2242,Northern,Ghana,False,2024-02-11 13:56:50.199370,2024-02-07 17:15:07.523544
705,681,Accra,5036,Greater Accra,Ghana,False,2024-04-16 02:00:36.946215,2024-11-21 03:23:57.174958
706,517,Kumasi,9305,Northern,Ghana,True,2023-02-12 15:59:59.009197,2024-10-28 12:38:54.247359
707,534,Accra,2929,Ashanti,Ghana,False,2023-11-22 11:53:05.687835,2023-07-19 13:02:39.919113
708,449,Takoradi,7951,Ashanti,Ghana,False,2024-10-28 08:45:25.997032,2023-04-28 08:05:38.798408
709,625,Tamale,7388,Ashanti,Ghana,True,2023-01-31 00:47:45.133181,2023-07-09 10:21:56.638918
710,930,Takoradi,4442,Greater Accra,Ghana,False,2024-09-15 06:00:32.748771,2024-10-01 23:51:58.511359
711,181,Tamale,9064,Western,Ghana,False,2023-06-05 15:34:46.702691,2024-09-20 06:12:54.246714
712,854,Takoradi,3056,Ashanti,Ghana,False,2024-05-29 02:30:38.502816,2023-06-22 11:01:07.108651
713,758,Kumasi,3043,Greater Accra,Ghana,False,2024-10-19 20:56:48.181677,2023-12-10 20:21:22.773074
714,894,Tamale,3966,Northern,Ghana,False,2023-06-23 00:45:11.786222,2024-01-03 01:03:00.977112
715,75,Takoradi,9446,Northern,Ghana,True,2024-08-27 13:10:10.434306,2024-12-05 20:50:52.087619
716,623,Takoradi,4355,Ashanti,Ghana,True,2024-05-30 16:17:10.473213,2024-11-25 23:08:20.016867
717,788,Kumasi,9826,Greater Accra,Ghana,False,2024-10-11 03:34:28.036383,2023-11-03 06:48:44.084373
718,580,Accra,8316,Ashanti,Ghana,True,2023-09-26 21:52:46.973438,2023-06-10 16:00:55.675461
719,327,Accra,4865,Western,Ghana,True,2024-05-04 20:04:54.207666,2023-07-13 04:31:00.580252
720,86,Accra,4774,Western,Ghana,True,2023-01-19 22:29:56.138495,2024-03-24 16:03:33.631102
721,186,Tamale,3182,Ashanti,Ghana,True,2023-08-01 09:08:24.786165,2023-02-04 01:04:08.253039
722,341,Takoradi,7280,Greater Accra,Ghana,False,2023-06-18 14:09:11.670255,2024-11-30 02:07:09.622647
723,733,Tamale,1225,Greater Accra,Ghana,True,2023-06-24 20:23:53.166914,2023-10-29 13:41:45.466683
724,854,Takoradi,3988,Western,Ghana,True,2024-02-17 17:00:11.098147,2023-11-21 07:26:57.728569
725,358,Tamale,6424,Northern,Ghana,False,2023-01-01 16:42:31.588527,2023-11-11 20:46:49.920780
726,116,Accra,5997,Northern,Ghana,False,2024-04-05 01:59:08.220894,2024-10-04 21:48:45.370365
727,273,Takoradi,3996,Western,Ghana,True,2023-11-05 02:01:49.592956,2023-03-10 10:11:35.566978
728,388,Tamale,8905,Ashanti,Ghana,True,2023-08-11 22:23:00.166937,2023-02-08 04:47:37.035998
729,120,Takoradi,3021,Ashanti,Ghana,False,2024-06-07 07:33:10.258819,2023-08-14 08:58:11.741932
730,818,Tamale,1736,Greater Accra,Ghana,False,2024-03-12 20:57:18.168133,2023-06-11 01:11:01.259978
731,329,Takoradi,1321,Greater Accra,Ghana,False,2023-01-19 01:24:41.487940,2023-03-12 01:34:35.328415
732,487,Takoradi,4119,Northern,Ghana,True,2023-11-01 03:44:59.482899,2024-09-22 19:44:40.889183
733,821,Takoradi,2490,Ashanti,Ghana,False,2023-08-16 05:43:08.203717,2024-05-18 15:28:52.289668
734,598,Kumasi,8284,Greater Accra,Ghana,True,2023-02-16 21:07:49.100667,2024-06-16 05:26:40.653894
735,69,Accra,5878,Ashanti,Ghana,True,2024-09-30 10:31:13.867083,2023-06-23 15:36:26.663932
736,60,Takoradi,8796,Greater Accra,Ghana,False,2024-01-15 11:06:00.670873,2024-05-31 20:27:12.803220
737,57,Tamale,3168,Greater Accra,Ghana,True,2023-08-23 20:04:01.419131,2023-02-03 00:29:31.666665
738,344,Takoradi,7732,Greater Accra,Ghana,False,2024-06-20 11:46:49.447164,2023-03-30 06:58:14.114336
739,784,Takoradi,6092,Northern,Ghana,False,2023-05-26 10:47:40.749541,2024-08-11 09:27:04.772852
740,765,Kumasi,2519,Western,Ghana,False,2023-03-18 20:28:22.655502,2024-06-29 23:00:38.903219
741,92,Accra,6368,Western,Ghana,False,2024-01-11 23:24:50.164606,2023-11-03 12:40:33.579289
742,346,Accra,5504,Western,Ghana,False,2023-09-08 00:11:59.420288,2023-09-22 01:17:57.076097
743,946,Tamale,3041,Greater Accra,Ghana,False,2023-05-07 02:20:21.509845,2023-08-31 12:13:32.301039
744,114,Kumasi,1510,Ashanti,Ghana,False,2023-03-25 07:43:00.129607,2024-09-20 12:03:17.908507
745,309,Kumasi,2174,Northern,Ghana,True,2023-07-11 14:30:19.040617,2023-08-23 00:35:37.510318
746,210,Accra,3082,Greater Accra,Ghana,False,2023-08-08 09:35:51.680047,2024-05-20 14:59:06.896975
747,496,Takoradi,1279,Northern,Ghana,False,2023-01-06 06:06:32.994439,2024-01-15 18:01:25.309823
748,713,Takoradi,5983,Ashanti,Ghana,True,2023-12-13 11:57:41.111096,2023-03-05 23:24:33.721705
749,839,Accra,9774,Greater Accra,Ghana,True,2023-07-01 22:50:09.181956,2023-07-05 11:25:19.764259
750,225,Takoradi,2980,Western,Ghana,True,2023-10-13 08:28:14.063977,2024-11-08 13:29:13.181666
751,875,Kumasi,3284,Northern,Ghana,True,2023-04-17 12:10:11.120838,2023-09-12 07:52:14.515396
752,56,Accra,6700,Ashanti,Ghana,True,2023-11-13 23:09:07.768610,2023-02-16 20:04:25.928213
753,921,Tamale,4099,Western,Ghana,False,2023-12-27 18:52:40.579736,2024-01-01 23:24:27.652422
754,427,Tamale,8615,Western,Ghana,False,2023-11-05 19:12:53.054878,2024-11-07 03:42:45.072605
755,174,Kumasi,3727,Northern,Ghana,False,2024-12-05 14:14:09.922486,2024-05-02 07:44:01.080969
756,343,Kumasi,4056,Northern,Ghana,True,2024-03-16 17:17:05.161378,2024-12-01 18:14:31.867458
757,579,Tamale,7951,Ashanti,Ghana,True,2024-08-04 20:22:26.240867,2023-04-29 23:46:58.746440
758,573,Accra,7508,Ashanti,Ghana,False,2024-05-23 20:26:58.366425,2023-06-21 15:43:48.445383
759,407,Tamale,9328,Ashanti,Ghana,True,2024-01-18 10:04:58.524175,2024-10-06 02:53:13.045802
760,383,Takoradi,9815,Ashanti,Ghana,True,2024-08-30 00:56:04.701840,2023-03-29 09:25:24.538852
761,793,Tamale,8121,Greater Accra,Ghana,True,2024-03-23 01:50:16.732742,2023-09-10 11:20:24.515949
762,925,Kumasi,5078,Western,Ghana,False,2024-08-15 01:54:34.140907,2024-10-14 21:00:37.581048
763,667,Kumasi,7361,Greater Accra,Ghana,True,2024-04-05 14:10:20.865825,2023-08-02 02:24:57.770261
764,725,Accra,9999,Western,Ghana,True,2023-11-15 22:50:17.145292,2023-05-23 17:22:20.189546
765,238,Tamale,2451,Ashanti,Ghana,False,2024-10-08 13:57:45.474609,2024-05-23 17:29:14.080246
766,282,Takoradi,2230,Greater Accra,Ghana,False,2024-04-22 04:48:45.946233,2023-07-03 14:05:00.876652
767,592,Accra,2265,Northern,Ghana,True,2024-02-09 06:18:12.453128,2023-09-25 02:13:27.891602
768,636,Kumasi,9142,Northern,Ghana,True,2023-02-17 12:51:15.464833,2023-07-04 18:57:45.674738
769,235,Tamale,4277,Ashanti,Ghana,True,2024-12-12 18:16:17.638988,2024-12-16 21:09:55.828732
770,525,Accra,6246,Western,Ghana,True,2024-12-15 12:15:59.819835,2023-10-21 11:56:16.555572
771,353,Tamale,8719,Greater Accra,Ghana,True,2023-04-25 20:00:28.372843,2023-06-27 19:18:37.010465
772,595,Tamale,4126,Greater Accra,Ghana,False,2024-06-19 20:39:01.512270,2023-01-06 03:01:29.408749
773,32,Accra,3092,Greater Accra,Ghana,True,2024-02-11 01:55:21.361551,2024-11-23 10:24:47.332897
774,549,Tamale,2496,Ashanti,Ghana,True,2024-08-29 06:59:02.550413,2023-04-16 17:46:02.631389
775,333,Takoradi,4341,Greater Accra,Ghana,False,2023-12-05 04:52:01.808737,2024-03-02 18:45:44.083336
776,984,Takoradi,3714,Greater Accra,Ghana,False,2024-04-09 18:20:21.729102,2023-05-17 07:41:09.623891
777,11,Tamale,1092,Greater Accra,Ghana,False,2023-02-13 19:28:16.028711,2023-05-15 12:19:44.285113
778,575,Kumasi,9067,Northern,Ghana,False,2023-09-18 01:15:59.269979,2023-09-24 20:25:24.907470
779,969,Kumasi,1804,Ashanti,Ghana,False,2024-08-07 01:17:37.600669,2023-12-11 17:27:28.747579
780,792,Takoradi,1139,Ashanti,Ghana,True,2024-10-20 03:38:28.977571,2024-12-27 16:04:08.393704
781,944,Tamale,4176,Ashanti,Ghana,True,2023-10-02 19:08:44.442004,2024-07-03 10:43:59.832408
782,196,Kumasi,7339,Ashanti,Ghana,True,2024-12-22 00:41:26.200499,2023-07-07 00:01:56.196536
783,640,Accra,1076,Western,Ghana,True,2024-06-28 17:51:27.745293,2024-07-16 23:46:56.489023
784,718,Accra,3711,Greater Accra,Ghana,False,2023-06-28 20:49:10.791039,2024-03-22 01:04:59.560859
785,34,Accra,5727,Greater Accra,Ghana,False,2023-03-06 16:50:47.044631,2024-11-27 09:46:07.531736
786,389,Tamale,1148,Western,Ghana,True,2023-04-21 11:52:33.966221,2024-09-23 08:25:34.150386
787,191,Takoradi,3970,Greater Accra,Ghana,False,2023-09-10 20:07:58.297566,2024-07-03 12:28:17.717403
788,516,Accra,6472,Northern,Ghana,False,2024-10-20 11:15:00.177689,2023-08-06 14:30:55.708163
789,306,Takoradi,8870,Ashanti,Ghana,False,2023-04-24 20:31:19.172522,2023-08-23 17:13:53.835455
790,232,Takoradi,9875,Greater Accra,Ghana,False,2023-08-18 10:15:29.047442,2024-03-29 00:50:12.122871
791,260,Kumasi,5676,Greater Accra,Ghana,True,2024-06-21 07:46:22.043674,2024-04-04 17:42:17.153240
792,427,Takoradi,7393,Northern,Ghana,False,2023-09-01 20:26:28.577393,2024-09-27 15:24:10.549647
793,288,Takoradi,4810,Western,Ghana,False,2024-01-08 10:40:34.937651,2023-11-25 18:44:59.171890
794,459,Tamale,7428,Northern,Ghana,True,2023-11-16 20:36:36.629949,2024-02-03 14:10:27.259015
795,737,Accra,7844,Western,Ghana,True,2024-05-26 01:15:05.794259,2024-10-27 06:38:10.049982
796,234,Takoradi,3766,Greater Accra,Ghana,True,2024-02-06 14:36:56.430692,2023-05-10 02:10:07.145585
797,530,Kumasi,9374,Western,Ghana,True,2023-11-17 18:31:21.461279,2023-03-09 22:38:33.765463
798,665,Takoradi,7274,Northern,Ghana,False,2023-04-09 06:04:22.802172,2023-04-09 22:05:12.012538
799,905,Kumasi,2034,Northern,Ghana,False,2024-12-30 08:43:11.094638,2024-12-21 23:03:57.653981
800,147,Tamale,7536,Western,Ghana,False,2023-04-21 06:02:00.733244,2024-01-22 12:17:06.746750
801,499,Accra,4551,Western,Ghana,True,2023-02-15 07:23:01.150276,2024-11-07 04:19:14.045067
802,490,Takoradi,6638,Ashanti,Ghana,False,2024-04-27 10:56:25.069734,2024-03-16 16:44:37.070793
803,164,Takoradi,9052,Western,Ghana,False,2023-02-17 08:53:05.102389,2023-04-17 19:22:18.616377
804,374,Takoradi,4165,Northern,Ghana,False,2024-02-05 01:32:19.862901,2023-09-20 23:05:23.380240
805,674,Tamale,1908,Northern,Ghana,True,2024-01-11 12:12:30.431869,2023-03-22 04:19:38.418049
806,79,Kumasi,5795,Northern,Ghana,True,2023-07-21 23:10:18.144151,2023-07-11 02:49:14.364554
807,390,Tamale,1381,Greater Accra,Ghana,True,2023-02-08 01:14:34.487223,2024-07-28 21:20:52.174728
808,253,Takoradi,5209,Northern,Ghana,True,2023-12-02 00:22:00.046722,2024-01-04 15:17:46.707086
809,757,Takoradi,5235,Northern,Ghana,True,2023-04-15 19:09:01.819285,2023-04-07 07:36:59.989698
810,806,Kumasi,5388,Ashanti,Ghana,True,2023-04-10 10:13:44.468897,2024-08-11 13:21:14.297148
811,303,Tamale,6441,Western,Ghana,True,2024-10-17 03:40:58.435896,2023-08-05 14:14:37.370527
812,134,Tamale,1922,Ashanti,Ghana,False,2024-04-04 20:50:18.505918,2023-06-30 00:21:55.940980
813,384,Accra,9658,Greater Accra,Ghana,False,2024-01-07 07:45:31.160824,2023-10-29 15:41:52.712779
814,81,Tamale,4197,Greater Accra,Ghana,False,2023-01-07 19:16:20.438442,2024-12-05 00:22:30.319207
815,941,Accra,5249,Northern,Ghana,False,2023-07-22 23:33:54.772864,2023-10-04 03:37:58.749950
816,377,Takoradi,5310,Northern,Ghana,True,2023-01-09 15:34:21.480268,2024-02-22 23:42:05.660183
817,533,Accra,1390,Ashanti,Ghana,True,2023-11-22 17:01:58.803489,2023-06-10 12:28:38.813241
818,142,Tamale,2227,Western,Ghana,False,2024-12-06 13:18:42.276238,2024-07-26 13:46:06.037273
819,261,Accra,2947,Northern,Ghana,False,2024-03-22 05:03:39.320585,2023-06-23 18:43:59.482685
820,222,Kumasi,8760,Western,Ghana,False,2024-08-31 06:24:30.924534,2024-08-29 12:03:23.845056
821,593,Kumasi,9875,Greater Accra,Ghana,True,2024-03-12 06:11:03.879605,2023-01-01 00:21:49.804666
822,314,Takoradi,8411,Ashanti,Ghana,False,2024-04-06 03:51:25.177216,2024-11-27 05:55:09.304747
823,76,Accra,9201,Northern,Ghana,False,2023-09-06 13:00:23.972579,2023-02-09 19:32:34.647246
824,490,Tamale,1212,Western,Ghana,False,2024-09-17 03:34:41.375422,2024-06-18 03:25:16.585729
825,886,Tamale,6291,Ashanti,Ghana,True,2024-08-03 06:57:05.794979,2023-12-09 04:02:44.861550
826,297,Takoradi,2553,Western,Ghana,False,2024-03-09 17:40:42.974772,2023-08-27 01:48:02.643445
827,132,Kumasi,4809,Greater Accra,Ghana,True,2024-01-25 09:57:23.582551,2023-04-27 14:57:45.253172
828,265,Takoradi,1220,Northern,Ghana,False,2024-11-01 14:33:47.467833,2024-12-05 16:58:22.983776
829,179,Kumasi,7707,Greater Accra,Ghana,False,2024-07-11 21:47:15.660365,2023-07-15 08:15:27.353051
830,984,Takoradi,3045,Western,Ghana,True,2024-02-06 11:39:20.914868,2024-01-28 21:48:38.418183
831,494,Accra,7037,Northern,Ghana,True,2023-03-28 00:40:38.986579,2024-03-23 15:31:11.703002
832,612,Kumasi,5955,Greater Accra,Ghana,True,2024-10-20 14:23:55.340850,2024-10-10 20:47:40.556848
833,526,Takoradi,3196,Ashanti,Ghana,False,2024-06-30 04:40:12.231754,2024-11-14 00:09:50.325225
834,936,Tamale,8053,Ashanti,Ghana,True,2024-06-06 01:10:15.733188,2023-03-19 20:21:23.475720
835,99,Kumasi,4800,Western,Ghana,False,2023-01-15 19:21:10.214910,2024-06-18 13:31:54.606361
836,238,Accra,3219,Western,Ghana,True,2024-06-11 03:46:03.149668,2023-03-09 10:12:10.248588
837,86,Kumasi,7829,Ashanti,Ghana,False,2023-02-16 17:51:57.748339,2023-10-07 23:30:35.336707
838,149,Kumasi,3487,Northern,Ghana,True,2024-07-12 01:39:25.194208,2023-10-05 09:14:55.894438
839,869,Accra,2984,Greater Accra,Ghana,True,2023-05-08 16:01:47.659187,2024-01-20 14:19:36.200858
840,74,Kumasi,7709,Ashanti,Ghana,True,2023-06-14 04:46:18.260841,2023-06-03 07:16:01.049415
841,476,Tamale,3718,Greater Accra,Ghana,False,2024-12-08 09:38:58.542587,2024-03-23 14:46:55.407382
842,918,Accra,5116,Ashanti,Ghana,False,2023-10-21 16:30:47.814300,2024-09-07 21:51:16.204221
843,279,Accra,1212,Greater Accra,Ghana,True,2024-10-24 07:22:53.285032,2024-08-14 04:38:57.928248
844,652,Accra,1040,Ashanti,Ghana,True,2023-08-10 19:53:48.645973,2024-07-20 00:45:02.226396
845,657,Tamale,3618,Greater Accra,Ghana,False,2023-02-24 20:25:26.406467,2024-06-02 05:12:11.124198
846,689,Takoradi,1027,Western,Ghana,True,2023-11-06 03:20:55.776008,2024-08-23 15:22:28.823497
847,36,Accra,7362,Ashanti,Ghana,True,2023-10-07 17:39:26.989941,2024-03-18 17:56:43.994016
848,258,Accra,5282,Western,Ghana,False,2023-07-19 18:15:09.145495,2024-05-05 02:32:02.533870
849,290,Tamale,1012,Northern,Ghana,True,2024-04-16 09:00:02.309776,2023-01-29 18:28:00.808513
850,240,Tamale,2982,Western,Ghana,False,2023-03-17 16:50:57.869662,2024-01-27 07:40:19.683426
851,360,Tamale,9166,Northern,Ghana,True,2024-06-27 18:35:17.604873,2023-09-11 06:09:35.196650
852,193,Takoradi,4159,Western,Ghana,False,2024-11-16 06:24:34.381437,2024-03-06 16:53:14.447787
853,41,Tamale,9251,Western,Ghana,False,2024-11-29 08:14:29.621956,2023-09-16 08:44:11.177627
854,397,Kumasi,6562,Greater Accra,Ghana,False,2023-06-12 06:56:12.427576,2023-12-04 05:02:41.000999
855,743,Accra,1121,Greater Accra,Ghana,False,2024-01-14 05:17:19.165793,2023-12-13 19:08:48.796541
856,197,Accra,1820,Greater Accra,Ghana,False,2024-09-02 09:43:39.775460,2023-01-17 12:55:53.410464
857,821,Takoradi,5923,Ashanti,Ghana,False,2024-07-08 00:54:22.509417,2023-03-16 23:34:15.067074
858,192,Accra,1898,Ashanti,Ghana,True,2023-01-07 02:42:17.999705,2023-01-22 07:22:32.745404
859,223,Kumasi,2249,Western,Ghana,True,2023-03-04 13:33:15.282331,2023-07-26 22:54:30.656128
860,648,Accra,9245,Ashanti,Ghana,True,2024-06-01 13:26:57.602116,2023-03-30 03:42:25.604787
861,33,Accra,4050,Western,Ghana,True,2024-11-30 22:52:57.577792,2023-04-03 21:05:45.759803
862,601,Tamale,1822,Ashanti,Ghana,True,2024-05-27 03:35:36.620868,2023-10-17 02:50:03.127275
863,586,Kumasi,6217,Northern,Ghana,True,2024-07-23 08:25:59.492372,2023-12-28 11:26:13.508136
864,726,Accra,2990,Northern,Ghana,True,2023-08-10 19:00:19.445693,2023-08-03 20:46:37.440679
865,227,Takoradi,4219,Ashanti,Ghana,False,2023-05-04 04:53:53.272867,2024-12-30 11:40:06.146734
866,119,Takoradi,8950,Western,Ghana,False,2024-10-05 16:26:22.952783,2023-05-03 20:28:58.137787
867,226,Accra,3222,Greater Accra,Ghana,False,2024-03-21 02:29:27.314651,2023-09-16 17:08:14.104901
868,155,Takoradi,5495,Ashanti,Ghana,True,2024-03-11 19:11:26.280642,2023-10-24 01:27:09.929577
869,38,Tamale,5745,Northern,Ghana,False,2024-06-01 06:45:02.985686,2023-06-04 02:12:26.038727
870,928,Tamale,7779,Ashanti,Ghana,False,2023-01-08 03:03:44.335268,2023-09-03 05:32:59.845170
871,189,Kumasi,7444,Greater Accra,Ghana,True,2024-02-24 01:11:57.561100,2023-02-07 09:49:41.272901
872,19,Tamale,4966,Northern,Ghana,True,2024-04-25 06:04:06.462391,2023-03-21 19:09:37.275726
873,567,Takoradi,5392,Western,Ghana,True,2024-12-30 16:18:51.742031,2023-08-16 07:13:35.437242
874,966,Accra,9124,Western,Ghana,False,2023-06-28 14:39:24.313459,2023-08-31 14:25:07.750895
875,371,Takoradi,2940,Northern,Ghana,True,2023-06-26 13:46:22.121725,2023-12-30 17:16:15.387983
876,320,Tamale,4035,Greater Accra,Ghana,True,2024-01-18 11:36:56.750591,2023-10-24 10:15:53.909711
877,18,Takoradi,1949,Western,Ghana,True,2023-01-29 18:49:40.713455,2023-05-22 11:04:15.289774
878,953,Takoradi,7394,Greater Accra,Ghana,False,2023-11-20 00:03:11.216543,2024-01-06 13:42:33.267162
879,202,Kumasi,1967,Western,Ghana,True,2023-01-09 10:48:20.769313,2024-03-02 20:30:08.343928
880,550,Kumasi,7667,Greater Accra,Ghana,True,2023-11-12 08:32:09.755681,2024-06-04 00:01:28.081655
881,2,Takoradi,4464,Greater Accra,Ghana,False,2023-06-30 02:09:49.716867,2024-05-20 00:09:52.601445
882,440,Kumasi,6202,Greater Accra,Ghana,False,2023-09-02 22:52:42.361188,2024-02-19 08:53:20.621255
883,662,Takoradi,8033,Ashanti,Ghana,True,2023-10-09 10:26:04.461618,2023-10-28 01:43:25.389808
884,433,Tamale,3548,Northern,Ghana,False,2024-05-31 03:24:21.076070,2024-10-05 00:25:24.272820
885,158,Kumasi,3321,Northern,Ghana,False,2024-09-09 03:23:39.939833,2024-08-31 17:07:42.367763
886,169,Takoradi,5602,Greater Accra,Ghana,True,2024-06-26 06:43:33.876100,2023-12-07 05:36:45.850612
887,683,Takoradi,1820,Ashanti,Ghana,True,2024-12-18 14:33:32.117168,2023-04-22 13:10:09.106582
888,639,Kumasi,4071,Ashanti,Ghana,True,2023-06-26 14:51:56.524523,2023-11-11 07:26:09.135018
889,713,Takoradi,9658,Greater Accra,Ghana,False,2024-02-01 15:12:19.667833,2024-04-06 18:41:26.870954
890,382,Takoradi,2761,Northern,Ghana,False,2024-10-11 01:11:47.320328,2024-11-08 01:54:02.477650
891,688,Kumasi,9232,Greater Accra,Ghana,True,2024-07-26 04:35:17.230371,2024-01-12 11:58:10.729834
892,389,Tamale,3343,Greater Accra,Ghana,True,2023-09-23 18:31:55.631648,2024-08-28 20:44:22.860818
893,484,Takoradi,7708,Northern,Ghana,False,2024-07-01 02:46:15.185105,2023-11-13 03:45:53.989093
894,192,Tamale,9240,Ashanti,Ghana,False,2024-04-10 22:09:58.876931,2024-05-07 09:37:50.695529
895,883,Kumasi,6925,Northern,Ghana,False,2023-01-29 12:34:10.958715,2024-03-05 14:49:42.251357
896,144,Accra,9827,Greater Accra,Ghana,True,2024-12-18 10:55:38.329273,2024-10-24 03:03:41.096318
897,807,Tamale,9513,Greater Accra,Ghana,False,2023-11-19 12:48:19.994037,2024-11-02 02:33:26.270150
898,137,Accra,2350,Ashanti,Ghana,True,2023-05-07 03:06:30.024931,2023-05-26 19:30:46.926762
899,343,Accra,7421,Greater Accra,Ghana,True,2023-01-14 11:59:27.004387,2024-07-17 16:26:22.131679
900,894,Kumasi,6297,Ashanti,Ghana,True,2024-09-22 03:23:37.661987,2023-12-24 02:44:54.026259
901,685,Takoradi,6870,Greater Accra,Ghana,True,2024-01-01 19:11:42.130285,2023-01-19 03:31:25.751468
902,9,Takoradi,6255,Ashanti,Ghana,False,2024-02-21 07:54:07.500716,2023-07-20 21:40:20.942293
903,876,Tamale,6373,Greater Accra,Ghana,False,2024-07-19 04:35:37.711655,2023-09-05 02:14:46.933852
904,29,Takoradi,9288,Ashanti,Ghana,False,2024-09-24 22:25:43.298434,2024-04-15 00:40:41.203931
905,978,Accra,1781,Ashanti,Ghana,False,2024-05-28 00:23:02.184653,2024-09-06 01:35:46.124751
906,646,Tamale,8748,Western,Ghana,False,2024-02-04 02:50:56.748840,2024-04-04 03:21:09.394964
907,632,Takoradi,5872,Greater Accra,Ghana,False,2024-03-10 21:20:22.487090,2024-01-14 12:43:33.055377
908,864,Kumasi,6980,Northern,Ghana,False,2023-06-06 08:10:21.413597,2024-07-22 12:50:54.655928
909,19,Accra,8579,Ashanti,Ghana,False,2023-03-27 07:21:37.049461,2023-06-20 03:24:44.072193
910,968,Kumasi,9995,Western,Ghana,False,2023-12-05 18:56:34.815914,2023-05-19 12:50:30.123430
911,218,Tamale,5010,Greater Accra,Ghana,True,2024-11-09 09:30:39.762039,2023-03-14 06:58:45.681438
912,94,Accra,2003,Greater Accra,Ghana,True,2023-06-30 23:24:27.253881,2023-09-21 17:46:26.638383
913,285,Accra,6750,Western,Ghana,False,2024-09-07 20:34:52.177341,2023-07-13 10:25:57.790596
914,246,Accra,4819,Ashanti,Ghana,False,2024-06-28 16:40:39.346573,2023-05-15 15:40:51.228267
915,846,Accra,9330,Northern,Ghana,False,2023-07-28 08:53:14.964796,2024-09-25 12:36:50.778852
916,994,Kumasi,8977,Ashanti,Ghana,False,2024-10-02 02:34:10.737298,2023-06-02 07:04:10.377843
917,979,Tamale,5800,Northern,Ghana,False,2024-09-05 16:00:04.426332,2024-05-07 18:16:48.613132
918,44,Kumasi,7849,Northern,Ghana,False,2023-02-25 22:23:41.181954,2023-06-08 23:13:10.402347
919,361,Takoradi,3831,Ashanti,Ghana,False,2023-10-06 04:52:10.720402,2023-08-05 22:03:00.365093
920,517,Accra,6314,Ashanti,Ghana,False,2024-05-09 07:13:04.536788,2024-09-01 20:05:22.966185
921,540,Accra,9205,Northern,Ghana,True,2023-07-03 06:22:20.248845,2023-09-04 10:12:37.935668
922,149,Takoradi,6904,Ashanti,Ghana,True,2024-09-08 04:30:22.064844,2024-10-10 10:51:27.072834
923,270,Takoradi,4184,Greater Accra,Ghana,True,2024-09-29 19:16:24.696887,2024-05-12 21:24:05.270659
924,290,Accra,2841,Northern,Ghana,False,2024-08-06 08:17:07.131340,2024-11-15 22:34:45.348207
925,360,Accra,1600,Northern,Ghana,False,2023-03-26 04:18:16.442260,2024-10-12 04:20:19.326699
926,40,Accra,5281,Ashanti,Ghana,True,2024-10-12 08:41:02.714505,2023-01-04 13:58:18.633976
927,14,Kumasi,9197,Western,Ghana,True,2024-09-01 20:29:15.052956,2023-05-15 13:12:43.565297
928,442,Tamale,7155,Ashanti,Ghana,False,2023-03-24 23:18:10.419786,2024-04-29 18:21:40.004430
929,682,Accra,9333,Northern,Ghana,True,2023-03-26 04:35:14.726540,2024-02-24 20:01:25.999694
930,793,Tamale,2098,Western,Ghana,True,2024-11-24 02:07:05.736635,2024-12-30 12:03:52.255542
931,752,Accra,4973,Greater Accra,Ghana,False,2023-04-02 21:10:58.288586,2024-01-28 09:55:31.340166
932,975,Accra,5493,Northern,Ghana,False,2024-05-15 20:33:45.062242,2024-11-14 13:47:36.228701
933,297,Kumasi,3222,Western,Ghana,True,2024-02-24 08:05:08.574105,2024-11-11 10:09:21.287051
934,896,Accra,8541,Ashanti,Ghana,False,2024-03-30 19:44:36.990300,2023-01-22 02:15:59.622134
935,698,Tamale,9070,Greater Accra,Ghana,True,2024-07-07 05:02:24.932888,2023-09-07 11:04:22.500252
936,264,Takoradi,7065,Western,Ghana,True,2023-12-31 03:38:29.817196,2024-02-29 12:31:04.155741
937,712,Accra,9714,Ashanti,Ghana,True,2024-12-03 01:25:47.244262,2023-10-06 13:44:16.048319
938,600,Kumasi,8968,Northern,Ghana,False,2024-12-19 01:44:09.768232,2023-01-16 14:35:15.262573
939,994,Takoradi,2967,Western,Ghana,True,2024-08-10 00:52:46.230117,2024-10-09 10:35:07.361275
940,68,Kumasi,3778,Ashanti,Ghana,True,2024-07-11 20:16:28.179558,2023-03-04 05:36:26.453412
941,144,Kumasi,3880,Greater Accra,Ghana,False,2023-01-03 10:40:45.986491,2023-09-02 11:45:20.472241
942,332,Takoradi,6034,Greater Accra,Ghana,True,2023-04-13 08:37:20.774033,2023-06-09 19:54:51.326488
943,87,Takoradi,8745,Northern,Ghana,False,2023-11-28 06:45:30.229726,2023-07-07 05:32:16.575002
944,171,Tamale,9707,Ashanti,Ghana,True,2023-11-22 14:30:11.947184,2024-10-28 18:14:44.187757
945,596,Tamale,6776,Greater Accra,Ghana,True,2024-02-15 05:42:20.432805,2023-02-17 08:31:48.427477
946,303,Accra,8485,Ashanti,Ghana,False,2024-04-06 10:09:06.962949,2024-09-18 23:51:30.088877
947,124,Kumasi,9965,Northern,Ghana,True,2024-01-24 08:34:50.638961,2024-05-20 02:04:09.199066
948,899,Accra,4830,Western,Ghana,False,2024-01-09 08:09:24.041511,2024-01-08 18:06:46.869607
949,78,Kumasi,6453,Ashanti,Ghana,True,2024-10-31 15:16:56.681542,2023-03-10 14:12:30.929297
950,295,Takoradi,9409,Greater Accra,Ghana,False,2023-04-19 02:44:20.581792,2023-01-27 23:41:05.295781
951,998,Takoradi,3844,Western,Ghana,False,2023-01-14 13:44:22.562508,2023-09-17 02:17:44.453360
952,640,Takoradi,4693,Northern,Ghana,False,2023-07-01 07:11:45.522398,2023-03-18 14:21:08.633848
953,59,Kumasi,5403,Ashanti,Ghana,True,2023-08-28 19:08:52.692552,2023-07-09 14:56:09.599859
954,544,Kumasi,2737,Northern,Ghana,False,2023-12-12 04:03:23.221302,2024-03-21 08:31:51.329653
955,391,Takoradi,6666,Ashanti,Ghana,True,2024-05-28 19:18:39.270236,2024-12-13 01:04:04.492192
956,677,Tamale,3180,Greater Accra,Ghana,True,2023-10-08 15:20:52.150687,2023-09-08 14:26:09.169766
957,957,Takoradi,2005,Northern,Ghana,False,2023-04-28 15:44:13.213421,2024-11-30 09:30:48.171138
958,597,Tamale,7804,Greater Accra,Ghana,False,2024-03-30 23:35:17.015218,2023-06-25 18:17:55.043138
959,495,Kumasi,9029,Greater Accra,Ghana,False,2024-12-26 00:26:16.473407,2023-08-20 01:39:01.957415
960,841,Takoradi,8397,Western,Ghana,False,2024-05-23 05:43:53.724859,2023-04-09 15:20:05.685577
961,542,Tamale,1618,Ashanti,Ghana,True,2023-01-17 08:17:12.634933,2023-01-06 22:54:59.444567
962,403,Accra,5606,Greater Accra,Ghana,True,2023-12-27 16:00:34.720259,2024-01-13 13:10:45.865645
963,708,Kumasi,1267,Greater Accra,Ghana,True,2024-01-13 18:09:36.175405,2024-12-03 04:14:01.882694
964,271,Kumasi,7503,Northern,Ghana,False,2023-06-27 01:03:31.869188,2024-01-05 05:01:53.417835
965,116,Accra,5537,Western,Ghana,False,2023-05-18 19:35:09.585414,2023-07-16 09:58:04.538173
966,366,Takoradi,8124,Northern,Ghana,False,2023-04-22 06:49:13.545965,2024-03-20 15:56:39.027576
967,493,Takoradi,9986,Greater Accra,Ghana,True,2023-11-13 17:59:44.903329,2023-07-08 14:24:03.519065
968,17,Takoradi,3999,Northern,Ghana,False,2023-09-09 09:36:11.922719,2023-07-10 19:55:02.707395
969,52,Tamale,2287,Ashanti,Ghana,True,2023-08-25 00:05:38.803299,2024-05-08 00:09:13.791076
970,133,Tamale,4419,Greater Accra,Ghana,False,2023-03-24 01:36:08.739716,2024-02-24 23:44:43.631321
971,568,Takoradi,3892,Western,Ghana,True,2024-01-30 09:56:59.978552,2023-07-31 15:02:31.435063
972,811,Takoradi,3652,Ashanti,Ghana,True,2023-10-14 08:05:14.556123,2023-07-11 13:35:00.428176
973,309,Tamale,5931,Western,Ghana,False,2024-12-23 00:03:19.934637,2024-09-07 09:08:19.688117
974,202,Takoradi,8858,Greater Accra,Ghana,False,2023-09-24 10:56:26.790168,2023-11-09 13:25:24.407758
975,807,Tamale,6231,Greater Accra,Ghana,True,2024-11-10 08:55:31.355390,2024-10-28 02:55:43.959988
976,123,Kumasi,3143,Greater Accra,Ghana,True,2024-08-05 18:58:19.746264,2024-08-06 10:51:04.096676
977,171,Kumasi,6928,Greater Accra,Ghana,False,2023-04-08 08:04:52.134214,2023-06-10 00:50:10.661074
978,151,Tamale,5150,Western,Ghana,False,2023-04-27 11:19:57.055419,2023-09-24 10:11:42.825100
979,287,Kumasi,2131,Northern,Ghana,True,2023-06-11 21:24:35.307818,2024-12-01 02:58:56.530796
980,362,Tamale,3212,Greater Accra,Ghana,False,2024-04-18 05:28:36.397343,2023-09-20 16:30:40.845590
981,801,Accra,6680,Western,Ghana,False,2023-04-14 19:00:13.184084,2023-03-07 17:49:43.482032
982,485,Tamale,8600,Northern,Ghana,True,2024-05-05 10:43:22.050783,2024-08-10 08:25:02.732730
983,951,Accra,5559,Ashanti,Ghana,True,2023-09-09 08:55:36.733500,2023-07-31 11:45:06.871721
984,418,Kumasi,9837,Northern,Ghana,False,2023-08-12 15:31:26.062377,2023-11-08 12:03:43.591641
985,629,Accra,5799,Greater Accra,Ghana,True,2024-07-24 13:21:48.310919,2023-01-30 11:27:43.103657
986,867,Tamale,5672,Western,Ghana,False,2024-07-09 17:51:00.300876,2024-12-07 09:16:52.285401
987,44,Kumasi,4309,Western,Ghana,True,2023-07-03 22:21:02.775808,2023-02-12 13:05:33.864934
988,774,Kumasi,2076,Greater Accra,Ghana,True,2024-07-21 08:12:31.558599,2023-09-02 14:13:10.884466
989,748,Accra,7311,Western,Ghana,False,2024-01-17 20:13:43.449805,2023-12-25 03:22:45.718151
990,971,Accra,3078,Western,Ghana,True,2024-09-28 14:17:21.744878,2023-04-07 12:54:07.942485
991,556,Tamale,5400,Greater Accra,Ghana,False,2023-11-28 23:33:30.165096,2023-03-22 06:39:07.140862
992,583,Tamale,6914,Greater Accra,Ghana,False,2024-08-13 17:34:00.918276,2023-01-05 09:53:27.495753
993,199,Kumasi,2541,Western,Ghana,True,2023-09-03 01:19:14.596150,2023-06-13 18:18:52.679568
994,950,Takoradi,2683,Greater Accra,Ghana,False,2024-12-24 19:22:15.431822,2023-12-10 21:42:32.418926
995,598,Tamale,7959,Western,Ghana,False,2024-02-22 21:47:33.122262,2024-12-27 12:26:21.211146
996,404,Accra,9595,Ashanti,Ghana,False,2023-11-27 10:53:31.863776,2023-04-19 17:02:27.232914
997,548,Kumasi,3396,Ashanti,Ghana,False,2024-11-02 07:19:51.269686,2024-09-09 07:10:36.175318
998,862,Accra,8411,Northern,Ghana,True,2024-09-08 19:53:21.811027,2024-03-15 12:01:08.445202
999,889,Kumasi,7250,Northern,Ghana,True,2023-12-02 04:26:36.026990,2024-04-14 03:54:58.430948
1000,935,Tamale,1439,Western,Ghana,False,2023-06-10 03:32:13.495748,2023-05-27 15:40:59.014414
