id,business_id,name,email,phone,gender,is_primary,created_at,updated_at
1,1,Rep 1,rep1@example.com,+23324000001,Male,True,2024-01-08 23:55:47.931208,2024-11-23 08:51:53.173879
2,2,Rep 2,rep2@example.com,+23324000002,Female,True,2024-11-03 19:32:12.022927,2024-08-01 22:41:39.210469
3,3,Rep 3,rep3@example.com,+23324000003,Male,True,2023-09-03 05:01:54.936018,2023-06-22 19:45:01.456829
4,4,Rep 4,rep4@example.com,+23324000004,Male,True,2024-11-24 23:45:34.499371,2023-04-01 11:46:14.850074
5,5,Rep 5,rep5@example.com,+23324000005,Female,True,2024-12-29 06:25:34.257361,2023-09-01 10:43:53.117715
6,6,Rep 6,rep6@example.com,+23324000006,Male,True,2024-05-11 09:47:01.798594,2024-02-22 03:54:13.917499
7,7,Rep 7,rep7@example.com,+23324000007,Male,True,2023-05-08 03:18:05.612585,2024-09-23 05:05:17.262888
8,8,Rep 8,rep8@example.com,+23324000008,Female,True,2024-07-23 04:48:56.700536,2023-06-18 10:01:19.571463
9,9,Rep 9,rep9@example.com,+23324000009,Male,True,2023-12-21 20:06:33.088131,2024-03-21 02:03:43.175537
10,10,Rep 10,rep10@example.com,+23324000010,Female,True,2023-03-03 05:06:34.647592,2024-03-13 16:50:46.359421
11,11,Rep 11,rep11@example.com,+23324000011,Female,True,2023-04-19 14:59:46.844157,2024-08-26 09:17:36.004107
12,12,Rep 12,rep12@example.com,+23324000012,Female,True,2024-11-15 02:32:27.046019,2023-12-21 00:04:40.722510
13,13,Rep 13,rep13@example.com,+23324000013,Male,True,2023-03-19 00:33:35.942743,2023-08-12 11:10:15.053148
14,14,Rep 14,rep14@example.com,+23324000014,Male,True,2023-02-05 02:41:19.905017,2024-10-23 19:27:10.374050
15,15,Rep 15,rep15@example.com,+23324000015,Male,True,2024-07-23 16:51:37.409263,2023-01-23 20:30:36.670424
16,16,Rep 16,rep16@example.com,+23324000016,Female,True,2023-04-20 13:38:43.214088,2023-01-25 12:19:45.875038
17,17,Rep 17,rep17@example.com,+23324000017,Female,True,2023-07-22 04:18:20.984073,2023-04-23 18:57:28.191290
18,18,Rep 18,rep18@example.com,+23324000018,Male,True,2024-12-15 05:05:33.159248,2024-09-17 01:47:46.790451
19,19,Rep 19,rep19@example.com,+23324000019,Male,True,2024-12-04 20:16:17.508189,2023-10-08 16:53:58.383592
20,20,Rep 20,rep20@example.com,+23324000020,Male,True,2023-08-18 12:42:55.022834,2023-07-07 13:31:00.917590
21,21,Rep 21,rep21@example.com,+23324000021,Female,True,2023-03-21 16:52:52.527117,2024-07-12 04:48:13.296532
22,22,Rep 22,rep22@example.com,+23324000022,Female,True,2024-12-17 17:50:56.186313,2023-11-05 21:48:51.559965
23,23,Rep 23,rep23@example.com,+23324000023,Male,True,2024-07-20 06:51:29.096480,2024-07-07 21:46:51.216842
24,24,Rep 24,rep24@example.com,+23324000024,Male,True,2023-04-02 19:59:20.485346,2024-01-03 09:20:25.880622
25,25,Rep 25,rep25@example.com,+23324000025,Male,True,2023-08-01 22:39:08.230263,2024-05-05 00:24:59.271704
26,26,Rep 26,rep26@example.com,+23324000026,Male,True,2024-03-11 00:39:14.264631,2023-11-02 18:05:02.881060
27,27,Rep 27,rep27@example.com,+23324000027,Female,True,2023-05-11 17:31:58.243253,2023-01-26 02:40:35.740694
28,28,Rep 28,rep28@example.com,+23324000028,Female,True,2023-10-13 11:24:47.112290,2023-08-06 05:27:45.271499
29,29,Rep 29,rep29@example.com,+23324000029,Male,True,2024-07-17 20:24:20.891746,2024-04-02 09:04:57.212296
30,30,Rep 30,rep30@example.com,+23324000030,Male,True,2024-02-11 00:15:23.164021,2024-08-18 15:19:20.675935
31,31,Rep 31,rep31@example.com,+23324000031,Female,True,2023-10-10 06:17:28.965915,2024-07-16 11:33:39.819646
32,32,Rep 32,rep32@example.com,+23324000032,Female,True,2024-07-26 09:52:32.210370,2024-01-09 11:36:45.149352
33,33,Rep 33,rep33@example.com,+23324000033,Female,True,2023-01-21 23:14:47.446528,2023-02-12 05:23:12.294285
34,34,Rep 34,rep34@example.com,+23324000034,Male,True,2024-03-02 03:21:57.884289,2023-11-24 04:45:44.805234
35,35,Rep 35,rep35@example.com,+23324000035,Male,True,2024-11-22 23:39:28.560343,2024-04-06 14:38:22.870731
36,36,Rep 36,rep36@example.com,+23324000036,Female,True,2024-08-30 11:46:30.259973,2023-06-14 08:16:50.674129
37,37,Rep 37,rep37@example.com,+23324000037,Female,True,2023-04-24 10:07:46.332007,2024-10-25 19:55:02.620239
38,38,Rep 38,rep38@example.com,+23324000038,Female,True,2023-01-06 11:05:02.984985,2023-03-18 14:34:01.549837
39,39,Rep 39,rep39@example.com,+23324000039,Female,True,2023-03-24 07:07:31.474981,2023-01-12 12:44:25.633327
40,40,Rep 40,rep40@example.com,+23324000040,Female,True,2023-05-04 03:16:31.691223,2023-02-24 07:59:45.565023
41,41,Rep 41,rep41@example.com,+23324000041,Male,True,2024-01-20 17:21:49.041316,2024-10-18 22:55:07.840815
42,42,Rep 42,rep42@example.com,+23324000042,Female,True,2023-05-13 21:26:18.056129,2024-02-20 12:47:39.447348
43,43,Rep 43,rep43@example.com,+23324000043,Female,True,2023-02-11 04:54:13.176091,2024-10-09 07:44:38.716024
44,44,Rep 44,rep44@example.com,+23324000044,Male,True,2024-08-11 09:31:41.775498,2024-06-10 09:32:27.000760
45,45,Rep 45,rep45@example.com,+23324000045,Female,True,2024-02-23 14:10:23.835571,2024-06-30 10:11:14.055456
46,46,Rep 46,rep46@example.com,+23324000046,Female,True,2023-05-27 14:28:06.043848,2023-08-28 19:00:29.581040
47,47,Rep 47,rep47@example.com,+23324000047,Male,True,2024-05-31 12:37:16.768249,2024-12-09 06:21:03.419047
48,48,Rep 48,rep48@example.com,+23324000048,Female,True,2024-08-13 04:07:14.667492,2023-09-08 04:50:41.385053
49,49,Rep 49,rep49@example.com,+23324000049,Female,True,2023-07-27 14:15:48.675269,2023-04-17 10:25:25.104659
50,50,Rep 50,rep50@example.com,+23324000050,Female,True,2024-08-29 06:20:02.739976,2024-06-23 01:37:37.877189
51,51,Rep 51,rep51@example.com,+23324000051,Male,True,2024-03-28 17:45:30.147086,2024-03-17 22:04:20.095002
52,52,Rep 52,rep52@example.com,+23324000052,Male,True,2023-03-12 14:54:57.615578,2023-03-15 06:55:54.442129
53,53,Rep 53,rep53@example.com,+23324000053,Female,True,2023-01-13 23:47:24.749263,2023-01-17 22:11:00.982071
54,54,Rep 54,rep54@example.com,+23324000054,Female,True,2023-08-04 20:42:22.676865,2023-02-09 22:27:04.291892
55,55,Rep 55,rep55@example.com,+23324000055,Male,True,2024-04-03 05:58:52.237568,2024-11-29 02:52:30.662823
56,56,Rep 56,rep56@example.com,+23324000056,Male,True,2024-04-02 21:38:45.631235,2023-07-13 02:08:20.746275
57,57,Rep 57,rep57@example.com,+23324000057,Female,True,2024-03-14 20:56:16.540624,2023-07-01 07:57:54.606626
58,58,Rep 58,rep58@example.com,+23324000058,Male,True,2023-02-21 07:23:39.501583,2024-12-13 18:11:31.783567
59,59,Rep 59,rep59@example.com,+23324000059,Female,True,2024-06-21 00:04:33.005045,2023-11-24 06:58:28.124279
60,60,Rep 60,rep60@example.com,+23324000060,Male,True,2024-06-10 00:49:59.922872,2024-01-31 10:01:03.333411
61,61,Rep 61,rep61@example.com,+23324000061,Male,True,2024-05-21 02:30:31.864171,2023-11-16 03:37:20.735720
62,62,Rep 62,rep62@example.com,+23324000062,Female,True,2024-08-28 05:02:35.335575,2023-11-16 21:46:52.728257
63,63,Rep 63,rep63@example.com,+23324000063,Male,True,2023-04-20 17:44:33.701216,2024-12-02 16:57:43.876024
64,64,Rep 64,rep64@example.com,+23324000064,Male,True,2024-10-15 12:53:03.520999,2023-01-14 11:33:34.918756
65,65,Rep 65,rep65@example.com,+23324000065,Female,True,2024-10-07 17:31:50.648965,2023-07-01 07:58:22.504912
66,66,Rep 66,rep66@example.com,+23324000066,Female,True,2024-06-06 23:14:04.693918,2024-04-01 02:18:51.506748
67,67,Rep 67,rep67@example.com,+23324000067,Male,True,2024-08-03 12:59:05.982476,2023-03-19 13:05:32.565614
68,68,Rep 68,rep68@example.com,+23324000068,Male,True,2023-08-28 23:52:13.316184,2024-11-07 03:59:36.564173
69,69,Rep 69,rep69@example.com,+23324000069,Female,True,2023-01-30 11:00:11.194574,2024-11-18 16:49:18.711710
70,70,Rep 70,rep70@example.com,+23324000070,Female,True,2023-11-08 01:56:40.191069,2024-12-12 22:01:59.390454
71,71,Rep 71,rep71@example.com,+23324000071,Male,True,2024-03-31 03:51:28.958925,2023-01-28 00:45:41.984658
72,72,Rep 72,rep72@example.com,+23324000072,Female,True,2023-09-12 18:44:59.445093,2024-01-19 15:41:22.467652
73,73,Rep 73,rep73@example.com,+23324000073,Male,True,2024-05-27 12:51:36.479116,2023-09-23 03:16:59.185264
74,74,Rep 74,rep74@example.com,+23324000074,Female,True,2024-03-04 04:27:27.552987,2023-08-05 05:11:43.114433
75,75,Rep 75,rep75@example.com,+23324000075,Male,True,2024-12-08 23:30:37.514978,2023-02-02 12:35:21.537325
76,76,Rep 76,rep76@example.com,+23324000076,Female,True,2024-03-31 08:11:53.952933,2023-04-05 16:10:44.813394
77,77,Rep 77,rep77@example.com,+23324000077,Male,True,2024-06-29 22:00:05.208964,2024-09-25 17:46:26.031625
78,78,Rep 78,rep78@example.com,+23324000078,Male,True,2023-01-02 10:56:08.478592,2023-06-28 16:11:15.266337
79,79,Rep 79,rep79@example.com,+23324000079,Male,True,2023-10-04 03:48:49.516045,2023-11-24 06:00:33.645309
80,80,Rep 80,rep80@example.com,+23324000080,Female,True,2023-09-22 23:33:34.066205,2024-07-29 21:39:07.017260
81,81,Rep 81,rep81@example.com,+23324000081,Male,True,2024-02-12 19:33:01.571199,2024-10-29 08:39:54.905730
82,82,Rep 82,rep82@example.com,+23324000082,Female,True,2023-12-23 20:52:40.379423,2024-06-28 17:43:25.559418
83,83,Rep 83,rep83@example.com,+23324000083,Male,True,2024-06-06 03:01:55.868754,2023-12-27 09:06:42.247899
84,84,Rep 84,rep84@example.com,+23324000084,Male,True,2024-07-10 14:50:24.986039,2023-08-18 07:21:45.736157
85,85,Rep 85,rep85@example.com,+23324000085,Female,True,2023-11-22 19:25:47.037424,2023-10-05 09:42:58.050111
86,86,Rep 86,rep86@example.com,+23324000086,Female,True,2023-02-01 03:16:54.857515,2023-08-04 17:41:49.668229
87,87,Rep 87,rep87@example.com,+23324000087,Female,True,2024-08-12 10:04:14.143277,2024-06-26 19:00:09.338697
88,88,Rep 88,rep88@example.com,+23324000088,Male,True,2024-07-01 04:58:56.803098,2023-04-18 23:33:55.288591
89,89,Rep 89,rep89@example.com,+23324000089,Female,True,2023-01-15 17:46:10.900585,2024-01-19 10:37:06.471527
90,90,Rep 90,rep90@example.com,+23324000090,Female,True,2024-04-26 01:50:52.364071,2023-08-23 01:44:57.130636
91,91,Rep 91,rep91@example.com,+23324000091,Female,True,2023-02-17 00:44:31.468426,2024-05-08 10:13:29.307594
92,92,Rep 92,rep92@example.com,+23324000092,Female,True,2023-03-31 16:48:53.560504,2023-03-14 06:52:53.885052
93,93,Rep 93,rep93@example.com,+23324000093,Male,True,2023-07-02 23:49:56.096557,2023-05-19 15:19:23.960271
94,94,Rep 94,rep94@example.com,+23324000094,Female,True,2023-05-05 04:36:27.876217,2024-09-19 06:22:37.914628
95,95,Rep 95,rep95@example.com,+23324000095,Female,True,2023-08-25 00:30:17.979046,2023-10-14 17:10:40.138750
96,96,Rep 96,rep96@example.com,+23324000096,Female,True,2023-06-27 07:42:55.352920,2023-08-27 13:05:29.110327
97,97,Rep 97,rep97@example.com,+23324000097,Female,True,2023-05-01 04:58:13.367152,2023-12-06 06:50:15.298277
98,98,Rep 98,rep98@example.com,+23324000098,Female,True,2024-09-03 19:02:30.972779,2023-03-30 10:16:05.392085
99,99,Rep 99,rep99@example.com,+23324000099,Female,True,2023-12-04 21:21:07.822075,2024-04-27 19:29:26.429176
100,100,Rep 100,rep100@example.com,+23324000100,Female,True,2024-09-28 02:27:10.391626,2023-01-28 11:57:34.936700
101,101,Rep 101,rep101@example.com,+23324000101,Male,True,2023-10-28 20:29:52.006670,2024-02-16 13:05:07.646233
102,102,Rep 102,rep102@example.com,+23324000102,Male,True,2023-05-13 04:47:39.257431,2024-03-17 13:50:00.191435
103,103,Rep 103,rep103@example.com,+23324000103,Female,True,2023-09-17 01:32:00.166169,2024-01-21 13:48:45.942320
104,104,Rep 104,rep104@example.com,+23324000104,Female,True,2024-08-22 12:50:24.808338,2023-12-04 10:38:41.580068
105,105,Rep 105,rep105@example.com,+23324000105,Female,True,2023-02-10 15:23:11.950717,2023-08-21 10:03:49.828879
106,106,Rep 106,rep106@example.com,+23324000106,Male,True,2023-10-21 10:01:56.319631,2024-12-13 19:16:07.960979
107,107,Rep 107,rep107@example.com,+23324000107,Male,True,2023-04-21 06:24:54.368635,2024-05-08 09:20:32.200134
108,108,Rep 108,rep108@example.com,+23324000108,Male,True,2024-03-19 16:24:46.461497,2024-10-08 15:28:37.737780
109,109,Rep 109,rep109@example.com,+23324000109,Female,True,2023-03-27 11:17:32.968380,2024-02-23 23:23:26.537017
110,110,Rep 110,rep110@example.com,+23324000110,Female,True,2023-08-06 09:51:14.874490,2023-10-24 21:06:38.877161
111,111,Rep 111,rep111@example.com,+23324000111,Male,True,2023-03-26 20:16:56.229835,2024-06-29 09:39:02.021393
112,112,Rep 112,rep112@example.com,+23324000112,Male,True,2024-06-18 16:13:22.987991,2023-01-20 14:42:30.353830
113,113,Rep 113,rep113@example.com,+23324000113,Male,True,2023-07-08 15:08:47.362579,2023-08-18 00:54:02.517713
114,114,Rep 114,rep114@example.com,+23324000114,Female,True,2024-01-02 21:07:15.817816,2023-06-28 00:41:51.347780
115,115,Rep 115,rep115@example.com,+23324000115,Female,True,2024-08-01 04:58:00.495459,2023-03-06 14:09:59.875519
116,116,Rep 116,rep116@example.com,+23324000116,Female,True,2024-12-07 21:25:42.037050,2024-06-22 21:16:14.104839
117,117,Rep 117,rep117@example.com,+23324000117,Female,True,2024-09-08 02:34:12.784524,2023-07-13 06:29:33.605905
118,118,Rep 118,rep118@example.com,+23324000118,Male,True,2023-12-05 15:06:01.886052,2024-01-31 23:21:59.482795
119,119,Rep 119,rep119@example.com,+23324000119,Female,True,2023-12-17 04:22:15.637815,2023-09-24 00:06:29.202197
120,120,Rep 120,rep120@example.com,+23324000120,Male,True,2023-08-11 08:30:14.046419,2023-09-24 20:09:20.711382
121,121,Rep 121,rep121@example.com,+23324000121,Female,True,2023-01-18 03:20:53.070451,2023-12-05 12:37:13.591571
122,122,Rep 122,rep122@example.com,+23324000122,Male,True,2023-11-24 11:57:11.812998,2024-10-15 01:49:41.276221
123,123,Rep 123,rep123@example.com,+23324000123,Male,True,2023-03-05 03:51:48.477763,2023-07-12 09:44:13.928297
124,124,Rep 124,rep124@example.com,+23324000124,Male,True,2023-12-01 16:07:25.157262,2024-06-18 05:14:11.990813
125,125,Rep 125,rep125@example.com,+23324000125,Male,True,2023-08-09 11:24:32.473964,2023-10-10 03:25:49.237733
126,126,Rep 126,rep126@example.com,+23324000126,Female,True,2023-08-22 04:46:49.521303,2024-10-07 22:20:03.573394
127,127,Rep 127,rep127@example.com,+23324000127,Female,True,2023-12-16 23:32:49.438543,2023-12-01 03:31:47.828730
128,128,Rep 128,rep128@example.com,+23324000128,Male,True,2024-07-05 13:32:38.764861,2024-10-11 20:03:54.989428
129,129,Rep 129,rep129@example.com,+23324000129,Female,True,2023-06-11 17:19:26.175076,2024-10-14 03:40:32.412716
130,130,Rep 130,rep130@example.com,+23324000130,Male,True,2023-04-30 00:39:46.672789,2023-04-07 03:24:41.189432
131,131,Rep 131,rep131@example.com,+23324000131,Female,True,2024-05-29 20:21:31.479024,2023-06-15 06:35:03.426243
132,132,Rep 132,rep132@example.com,+23324000132,Male,True,2023-09-25 06:54:50.523497,2023-08-08 14:48:13.367070
133,133,Rep 133,rep133@example.com,+23324000133,Male,True,2023-08-21 14:15:40.662060,2024-02-04 13:46:53.854111
134,134,Rep 134,rep134@example.com,+23324000134,Female,True,2024-07-01 05:03:18.979925,2023-02-04 09:52:19.707339
135,135,Rep 135,rep135@example.com,+23324000135,Female,True,2023-12-29 11:17:44.083666,2024-08-09 01:32:32.827031
136,136,Rep 136,rep136@example.com,+23324000136,Male,True,2024-09-10 10:28:53.594711,2023-08-05 05:03:39.099800
137,137,Rep 137,rep137@example.com,+23324000137,Male,True,2024-06-29 07:45:31.646093,2024-01-08 18:40:30.861545
138,138,Rep 138,rep138@example.com,+23324000138,Female,True,2024-12-24 19:08:05.788611,2024-02-14 14:17:38.934383
139,139,Rep 139,rep139@example.com,+23324000139,Female,True,2023-04-28 03:20:28.259497,2024-01-19 07:10:07.860645
140,140,Rep 140,rep140@example.com,+23324000140,Female,True,2024-02-17 12:23:36.823493,2023-07-31 17:55:16.122824
141,141,Rep 141,rep141@example.com,+23324000141,Female,True,2023-09-11 11:32:12.301238,2024-08-30 23:22:50.691472
142,142,Rep 142,rep142@example.com,+23324000142,Female,True,2023-05-20 14:12:51.723478,2024-05-27 12:20:15.258005
143,143,Rep 143,rep143@example.com,+23324000143,Male,True,2023-06-09 03:34:44.147936,2024-04-19 05:03:40.313311
144,144,Rep 144,rep144@example.com,+23324000144,Female,True,2024-10-06 21:38:45.464932,2024-01-13 09:56:58.743169
145,145,Rep 145,rep145@example.com,+23324000145,Female,True,2023-01-09 07:54:40.342466,2024-09-19 13:23:12.202113
146,146,Rep 146,rep146@example.com,+23324000146,Male,True,2024-06-01 16:08:01.821308,2023-09-22 14:19:16.999476
147,147,Rep 147,rep147@example.com,+23324000147,Male,True,2023-07-22 12:19:05.403501,2024-11-11 01:59:32.129101
148,148,Rep 148,rep148@example.com,+23324000148,Male,True,2024-06-21 08:56:27.674280,2024-12-26 15:20:48.190823
149,149,Rep 149,rep149@example.com,+23324000149,Male,True,2023-08-10 18:12:03.273527,2024-01-29 18:12:14.256873
150,150,Rep 150,rep150@example.com,+23324000150,Male,True,2023-10-29 22:14:57.640267,2023-01-18 14:06:10.329973
151,151,Rep 151,rep151@example.com,+23324000151,Male,True,2024-10-22 08:29:41.121142,2024-04-09 01:53:57.049887
152,152,Rep 152,rep152@example.com,+23324000152,Male,True,2024-03-31 13:21:37.147246,2024-12-09 06:38:21.491270
153,153,Rep 153,rep153@example.com,+23324000153,Female,True,2023-03-18 14:07:54.848795,2023-08-18 01:26:41.262106
154,154,Rep 154,rep154@example.com,+23324000154,Male,True,2023-03-25 16:52:55.249116,2023-02-18 08:16:44.332956
155,155,Rep 155,rep155@example.com,+23324000155,Female,True,2023-06-06 19:30:54.397448,2023-07-03 09:30:46.902588
156,156,Rep 156,rep156@example.com,+23324000156,Female,True,2023-12-19 18:46:08.046529,2023-12-17 18:38:50.558909
157,157,Rep 157,rep157@example.com,+23324000157,Male,True,2023-05-02 17:15:53.894051,2024-04-25 21:10:58.935923
158,158,Rep 158,rep158@example.com,+23324000158,Female,True,2023-06-19 19:53:49.538557,2023-08-14 12:11:13.541410
159,159,Rep 159,rep159@example.com,+23324000159,Female,True,2023-01-27 16:06:38.596757,2023-11-10 14:19:19.540451
160,160,Rep 160,rep160@example.com,+23324000160,Female,True,2024-04-07 00:33:56.288224,2024-05-24 14:45:38.217833
161,161,Rep 161,rep161@example.com,+23324000161,Female,True,2023-09-15 08:12:32.544457,2024-08-05 00:07:08.598358
162,162,Rep 162,rep162@example.com,+23324000162,Male,True,2024-03-28 11:28:52.020731,2024-05-26 03:02:36.848252
163,163,Rep 163,rep163@example.com,+23324000163,Male,True,2024-05-20 00:24:39.342349,2023-08-19 03:26:09.317318
164,164,Rep 164,rep164@example.com,+23324000164,Female,True,2024-10-05 22:03:17.276628,2024-09-17 15:57:45.155720
165,165,Rep 165,rep165@example.com,+23324000165,Female,True,2023-09-28 04:12:19.160680,2024-06-15 18:56:33.892601
166,166,Rep 166,rep166@example.com,+23324000166,Male,True,2024-10-30 01:01:32.701888,2024-07-03 05:40:12.096780
167,167,Rep 167,rep167@example.com,+23324000167,Male,True,2024-07-04 00:17:36.789463,2023-10-03 14:33:59.073125
168,168,Rep 168,rep168@example.com,+23324000168,Female,True,2023-06-17 14:47:34.805606,2023-02-09 21:00:43.379357
169,169,Rep 169,rep169@example.com,+23324000169,Female,True,2023-03-27 16:03:28.034817,2024-05-31 01:34:27.739405
170,170,Rep 170,rep170@example.com,+23324000170,Female,True,2023-03-01 23:19:02.688581,2024-11-17 05:11:13.872031
171,171,Rep 171,rep171@example.com,+23324000171,Male,True,2023-06-21 08:26:41.959982,2023-06-08 03:58:42.724912
172,172,Rep 172,rep172@example.com,+23324000172,Male,True,2023-02-06 01:28:47.425875,2024-04-06 04:10:05.678138
173,173,Rep 173,rep173@example.com,+23324000173,Female,True,2023-05-08 08:33:19.208882,2023-08-16 21:59:59.386605
174,174,Rep 174,rep174@example.com,+23324000174,Male,True,2024-06-24 13:53:11.458047,2024-02-03 07:58:11.177441
175,175,Rep 175,rep175@example.com,+23324000175,Male,True,2024-12-15 16:06:42.549598,2024-11-10 20:31:11.586225
176,176,Rep 176,rep176@example.com,+23324000176,Male,True,2023-03-06 08:57:07.084154,2024-05-06 11:49:14.391990
177,177,Rep 177,rep177@example.com,+23324000177,Male,True,2023-05-27 00:46:18.324739,2023-02-02 22:48:20.235262
178,178,Rep 178,rep178@example.com,+23324000178,Male,True,2024-05-07 14:16:18.555084,2024-12-03 23:54:07.535186
179,179,Rep 179,rep179@example.com,+23324000179,Female,True,2023-10-07 12:49:36.316948,2024-06-09 04:47:45.126850
180,180,Rep 180,rep180@example.com,+23324000180,Female,True,2023-04-28 14:20:22.911463,2024-02-23 23:29:24.013722
181,181,Rep 181,rep181@example.com,+23324000181,Male,True,2023-07-21 02:19:25.195046,2024-11-12 03:47:01.850360
182,182,Rep 182,rep182@example.com,+23324000182,Male,True,2023-11-30 00:19:25.059042,2023-05-12 05:02:25.001255
183,183,Rep 183,rep183@example.com,+23324000183,Female,True,2023-09-20 04:28:48.712560,2024-05-21 11:19:28.329779
184,184,Rep 184,rep184@example.com,+23324000184,Male,True,2024-12-23 15:57:50.742886,2023-07-12 19:49:32.600996
185,185,Rep 185,rep185@example.com,+23324000185,Female,True,2024-05-31 17:15:13.439746,2023-10-09 21:13:04.983958
186,186,Rep 186,rep186@example.com,+23324000186,Male,True,2024-03-13 04:14:02.531243,2024-04-15 23:50:36.130623
187,187,Rep 187,rep187@example.com,+23324000187,Female,True,2023-02-15 04:06:23.890860,2024-10-08 15:14:05.422188
188,188,Rep 188,rep188@example.com,+23324000188,Female,True,2023-01-26 03:27:39.763796,2023-03-05 09:18:36.099814
189,189,Rep 189,rep189@example.com,+23324000189,Female,True,2024-11-06 06:47:50.120102,2024-09-30 22:41:18.654872
190,190,Rep 190,rep190@example.com,+23324000190,Female,True,2023-01-04 20:10:58.728121,2023-07-20 17:26:51.130762
191,191,Rep 191,rep191@example.com,+23324000191,Female,True,2024-06-08 23:50:01.970043,2023-09-12 10:02:40.841478
192,192,Rep 192,rep192@example.com,+23324000192,Male,True,2024-09-15 03:17:01.827280,2024-06-16 01:48:36.987338
193,193,Rep 193,rep193@example.com,+23324000193,Male,True,2024-07-01 05:22:46.521913,2024-12-10 12:15:54.447479
194,194,Rep 194,rep194@example.com,+23324000194,Female,True,2023-08-24 10:58:07.626006,2024-04-23 12:33:32.058988
195,195,Rep 195,rep195@example.com,+23324000195,Male,True,2024-10-19 09:41:34.327770,2024-03-24 19:15:36.616885
196,196,Rep 196,rep196@example.com,+23324000196,Male,True,2024-01-23 03:36:15.513726,2024-08-25 09:15:15.071664
197,197,Rep 197,rep197@example.com,+23324000197,Female,True,2023-01-21 17:49:13.884246,2023-09-29 19:47:46.658571
198,198,Rep 198,rep198@example.com,+23324000198,Female,True,2024-11-02 05:23:05.380261,2024-02-13 23:52:00.116509
199,199,Rep 199,rep199@example.com,+23324000199,Female,True,2023-06-17 18:44:11.188698,2024-12-13 12:24:11.812081
200,200,Rep 200,rep200@example.com,+23324000200,Female,True,2023-12-26 05:47:10.490558,2023-05-23 01:39:32.218500
201,201,Rep 201,rep201@example.com,+23324000201,Male,True,2024-11-07 21:09:41.752236,2024-08-22 18:20:56.350910
202,202,Rep 202,rep202@example.com,+23324000202,Female,True,2023-10-07 17:22:31.856225,2024-06-15 09:32:10.171017
203,203,Rep 203,rep203@example.com,+23324000203,Male,True,2024-08-13 17:36:39.784159,2023-04-28 23:41:08.916528
204,204,Rep 204,rep204@example.com,+23324000204,Female,True,2023-02-28 07:04:00.716937,2023-02-05 02:31:13.398370
205,205,Rep 205,rep205@example.com,+23324000205,Male,True,2024-01-06 20:06:30.422729,2024-01-24 15:59:31.885043
206,206,Rep 206,rep206@example.com,+23324000206,Female,True,2024-11-06 23:02:02.219090,2024-08-29 16:49:00.627465
207,207,Rep 207,rep207@example.com,+23324000207,Male,True,2024-03-21 12:57:45.724119,2024-11-07 20:55:51.876228
208,208,Rep 208,rep208@example.com,+23324000208,Female,True,2023-06-01 05:57:11.588630,2024-06-22 08:36:14.719969
209,209,Rep 209,rep209@example.com,+23324000209,Female,True,2023-07-13 00:32:05.929630,2024-06-17 15:04:47.830348
210,210,Rep 210,rep210@example.com,+23324000210,Male,True,2023-11-03 11:55:07.260298,2024-06-04 23:08:25.749900
211,211,Rep 211,rep211@example.com,+23324000211,Female,True,2024-12-16 22:55:41.896233,2023-05-04 06:48:25.140638
212,212,Rep 212,rep212@example.com,+23324000212,Male,True,2023-01-26 16:15:03.558944,2024-02-15 07:26:50.443603
213,213,Rep 213,rep213@example.com,+23324000213,Male,True,2024-04-12 21:11:54.231847,2023-12-17 17:58:10.883904
214,214,Rep 214,rep214@example.com,+23324000214,Female,True,2024-11-28 12:54:47.175922,2024-04-18 21:03:30.050725
215,215,Rep 215,rep215@example.com,+23324000215,Male,True,2024-01-22 00:06:01.479242,2023-07-12 18:53:22.800217
216,216,Rep 216,rep216@example.com,+23324000216,Male,True,2023-03-30 06:08:52.411133,2023-03-22 14:19:33.687168
217,217,Rep 217,rep217@example.com,+23324000217,Male,True,2023-03-06 02:33:42.838884,2023-12-28 13:33:58.586688
218,218,Rep 218,rep218@example.com,+23324000218,Female,True,2024-01-15 18:52:40.870721,2024-01-12 00:43:02.442093
219,219,Rep 219,rep219@example.com,+23324000219,Male,True,2024-04-28 01:41:12.518288,2023-12-26 01:42:36.980022
220,220,Rep 220,rep220@example.com,+23324000220,Male,True,2024-06-23 15:58:24.282238,2024-08-24 10:03:37.298398
221,221,Rep 221,rep221@example.com,+23324000221,Female,True,2023-08-21 07:10:38.624644,2024-10-26 13:49:44.411299
222,222,Rep 222,rep222@example.com,+23324000222,Male,True,2024-05-03 02:25:29.718989,2024-01-27 16:20:42.511941
223,223,Rep 223,rep223@example.com,+23324000223,Female,True,2023-08-02 10:37:53.415284,2024-11-18 10:06:52.026226
224,224,Rep 224,rep224@example.com,+23324000224,Male,True,2024-08-29 18:05:20.753497,2024-05-11 23:05:04.839951
225,225,Rep 225,rep225@example.com,+23324000225,Female,True,2024-04-02 18:20:29.448906,2023-05-16 23:01:21.505057
226,226,Rep 226,rep226@example.com,+23324000226,Male,True,2023-08-21 23:29:56.256165,2024-07-13 09:41:59.345740
227,227,Rep 227,rep227@example.com,+23324000227,Female,True,2024-04-16 13:15:57.938931,2023-12-28 20:28:56.789670
228,228,Rep 228,rep228@example.com,+23324000228,Male,True,2024-09-17 05:25:44.694533,2024-09-01 03:45:28.833954
229,229,Rep 229,rep229@example.com,+23324000229,Female,True,2023-10-01 15:39:39.078126,2023-09-05 01:42:25.689046
230,230,Rep 230,rep230@example.com,+23324000230,Female,True,2023-02-16 07:24:54.626954,2023-03-31 17:49:22.286844
231,231,Rep 231,rep231@example.com,+23324000231,Female,True,2023-03-03 09:13:51.618654,2024-03-21 07:39:20.392497
232,232,Rep 232,rep232@example.com,+23324000232,Female,True,2024-07-24 19:35:01.726550,2024-06-22 21:35:54.725034
233,233,Rep 233,rep233@example.com,+23324000233,Male,True,2023-03-29 13:34:49.164701,2023-12-29 06:23:02.607461
234,234,Rep 234,rep234@example.com,+23324000234,Female,True,2024-12-14 17:54:48.322688,2024-05-08 19:15:26.123064
235,235,Rep 235,rep235@example.com,+23324000235,Female,True,2024-11-26 14:15:05.493911,2023-11-29 11:02:15.107406
236,236,Rep 236,rep236@example.com,+23324000236,Female,True,2023-11-12 11:03:55.890527,2023-12-28 20:38:32.831137
237,237,Rep 237,rep237@example.com,+23324000237,Male,True,2024-11-07 12:02:08.525485,2023-09-11 17:29:55.575429
238,238,Rep 238,rep238@example.com,+23324000238,Female,True,2023-03-31 19:45:57.290780,2023-03-01 11:26:57.665617
239,239,Rep 239,rep239@example.com,+23324000239,Female,True,2024-05-02 13:49:51.505230,2024-06-12 05:21:14.683947
240,240,Rep 240,rep240@example.com,+23324000240,Male,True,2023-02-24 11:14:02.730388,2023-09-30 05:47:33.147651
241,241,Rep 241,rep241@example.com,+23324000241,Female,True,2023-10-16 06:55:23.448324,2023-01-18 23:49:38.820569
242,242,Rep 242,rep242@example.com,+23324000242,Male,True,2024-11-20 07:20:34.044213,2024-04-02 02:18:20.680225
243,243,Rep 243,rep243@example.com,+23324000243,Female,True,2024-02-11 15:33:53.956758,2023-07-22 08:43:36.598954
244,244,Rep 244,rep244@example.com,+23324000244,Male,True,2024-01-25 07:38:14.358242,2024-08-16 14:07:12.704795
245,245,Rep 245,rep245@example.com,+23324000245,Female,True,2024-03-07 06:35:18.565594,2024-03-08 19:37:53.219507
246,246,Rep 246,rep246@example.com,+23324000246,Male,True,2023-08-19 13:24:49.085858,2024-11-08 01:21:01.755530
247,247,Rep 247,rep247@example.com,+23324000247,Male,True,2024-06-26 13:07:21.852104,2024-10-31 13:52:16.601100
248,248,Rep 248,rep248@example.com,+23324000248,Male,True,2023-09-30 19:24:06.014798,2023-05-21 15:51:41.114462
249,249,Rep 249,rep249@example.com,+23324000249,Male,True,2024-09-14 01:35:55.628075,2024-04-06 15:01:28.308150
250,250,Rep 250,rep250@example.com,+23324000250,Male,True,2024-02-27 09:49:54.511878,2023-07-15 10:14:42.163756
251,251,Rep 251,rep251@example.com,+23324000251,Male,True,2024-12-15 02:18:03.055508,2023-06-24 21:26:14.927060
252,252,Rep 252,rep252@example.com,+23324000252,Male,True,2023-11-17 22:38:43.181008,2023-08-07 07:25:42.330473
253,253,Rep 253,rep253@example.com,+23324000253,Female,True,2023-09-04 15:52:48.539898,2024-06-30 05:33:37.283544
254,254,Rep 254,rep254@example.com,+23324000254,Female,True,2023-02-13 13:12:24.259025,2024-06-27 00:59:46.440884
255,255,Rep 255,rep255@example.com,+23324000255,Female,True,2024-11-30 03:47:48.784566,2024-05-11 03:37:09.128391
256,256,Rep 256,rep256@example.com,+23324000256,Female,True,2024-12-02 14:04:52.648981,2023-07-02 06:09:45.644626
257,257,Rep 257,rep257@example.com,+23324000257,Female,True,2024-10-09 15:23:22.994943,2024-11-12 04:19:32.538822
258,258,Rep 258,rep258@example.com,+23324000258,Female,True,2023-08-29 17:04:42.145301,2023-10-23 11:42:14.992117
259,259,Rep 259,rep259@example.com,+23324000259,Female,True,2024-05-26 02:28:44.038990,2024-08-10 22:18:52.340701
260,260,Rep 260,rep260@example.com,+23324000260,Female,True,2024-07-05 15:14:43.579034,2024-05-20 07:12:50.832016
261,261,Rep 261,rep261@example.com,+23324000261,Female,True,2024-04-01 06:27:35.752705,2023-09-23 06:26:23.133283
262,262,Rep 262,rep262@example.com,+23324000262,Male,True,2023-09-14 11:53:25.839405,2023-08-29 03:10:21.625482
263,263,Rep 263,rep263@example.com,+23324000263,Female,True,2024-12-10 08:44:01.414213,2024-02-06 15:21:47.121168
264,264,Rep 264,rep264@example.com,+23324000264,Female,True,2023-07-19 23:58:53.811152,2024-08-06 07:32:58.506424
265,265,Rep 265,rep265@example.com,+23324000265,Male,True,2023-04-20 20:32:51.326100,2024-03-08 10:30:03.399757
266,266,Rep 266,rep266@example.com,+23324000266,Male,True,2023-01-25 10:23:26.465903,2024-12-01 10:06:31.790526
267,267,Rep 267,rep267@example.com,+23324000267,Male,True,2024-08-12 08:18:28.967104,2024-08-05 11:42:38.353565
268,268,Rep 268,rep268@example.com,+23324000268,Female,True,2024-08-17 09:31:32.339256,2024-09-25 22:47:43.141055
269,269,Rep 269,rep269@example.com,+23324000269,Male,True,2024-10-25 05:39:56.141612,2024-01-31 02:37:45.242851
270,270,Rep 270,rep270@example.com,+23324000270,Female,True,2024-10-08 08:30:14.540462,2024-06-11 19:16:43.575161
271,271,Rep 271,rep271@example.com,+23324000271,Male,True,2023-10-31 10:15:39.611933,2023-11-19 10:34:12.092938
272,272,Rep 272,rep272@example.com,+23324000272,Male,True,2023-04-12 11:11:55.426104,2024-09-22 15:17:20.916588
273,273,Rep 273,rep273@example.com,+23324000273,Male,True,2023-10-16 12:58:58.956394,2023-04-15 08:37:14.137714
274,274,Rep 274,rep274@example.com,+23324000274,Female,True,2023-05-07 07:38:52.812689,2024-01-13 05:23:07.125386
275,275,Rep 275,rep275@example.com,+23324000275,Female,True,2023-12-23 20:22:47.416944,2024-09-17 11:18:57.911452
276,276,Rep 276,rep276@example.com,+23324000276,Female,True,2024-01-26 08:00:32.320103,2023-01-03 07:51:24.862251
277,277,Rep 277,rep277@example.com,+23324000277,Male,True,2023-12-28 13:19:15.596413,2024-05-22 01:53:06.989567
278,278,Rep 278,rep278@example.com,+23324000278,Male,True,2023-07-21 00:37:52.241015,2024-04-28 00:35:58.095961
279,279,Rep 279,rep279@example.com,+23324000279,Male,True,2023-01-07 08:09:03.353980,2024-01-16 17:24:36.493331
280,280,Rep 280,rep280@example.com,+23324000280,Male,True,2023-10-29 22:31:01.271512,2023-05-29 05:54:09.224126
281,281,Rep 281,rep281@example.com,+23324000281,Female,True,2023-11-25 00:25:09.480332,2023-08-24 16:09:18.611499
282,282,Rep 282,rep282@example.com,+23324000282,Female,True,2024-06-09 16:10:03.698337,2023-03-29 13:46:36.163620
283,283,Rep 283,rep283@example.com,+23324000283,Male,True,2023-03-01 17:39:57.107669,2023-02-04 20:29:27.001016
284,284,Rep 284,rep284@example.com,+23324000284,Male,True,2024-11-02 04:08:53.886919,2024-11-15 05:15:11.637460
285,285,Rep 285,rep285@example.com,+23324000285,Male,True,2023-07-23 05:49:02.059943,2024-10-29 21:37:41.714688
286,286,Rep 286,rep286@example.com,+23324000286,Female,True,2024-04-25 10:54:22.157826,2023-06-12 06:14:01.826586
287,287,Rep 287,rep287@example.com,+23324000287,Male,True,2024-03-22 18:56:10.118008,2024-12-25 13:47:59.484217
288,288,Rep 288,rep288@example.com,+23324000288,Female,True,2024-12-13 16:03:08.903959,2023-01-22 08:20:08.243490
289,289,Rep 289,rep289@example.com,+23324000289,Male,True,2023-07-14 17:46:31.484816,2023-03-30 20:53:11.543634
290,290,Rep 290,rep290@example.com,+23324000290,Male,True,2024-07-15 12:09:27.225272,2024-04-21 20:55:29.176891
291,291,Rep 291,rep291@example.com,+23324000291,Female,True,2024-11-28 06:51:31.819709,2023-08-05 22:13:16.410293
292,292,Rep 292,rep292@example.com,+23324000292,Male,True,2024-09-13 12:22:55.609537,2024-04-24 14:38:12.532013
293,293,Rep 293,rep293@example.com,+23324000293,Male,True,2023-07-20 14:11:38.012293,2023-08-31 02:25:45.759733
294,294,Rep 294,rep294@example.com,+23324000294,Male,True,2024-09-21 22:44:22.479495,2024-11-18 01:29:06.296228
295,295,Rep 295,rep295@example.com,+23324000295,Female,True,2023-04-07 11:30:57.596008,2023-08-08 22:40:33.800571
296,296,Rep 296,rep296@example.com,+23324000296,Male,True,2023-03-28 16:53:02.456223,2024-12-16 03:06:16.917820
297,297,Rep 297,rep297@example.com,+23324000297,Female,True,2024-10-03 02:03:21.353300,2023-06-16 16:49:42.618628
298,298,Rep 298,rep298@example.com,+23324000298,Male,True,2023-05-01 15:03:46.230423,2024-08-13 05:13:00.227550
299,299,Rep 299,rep299@example.com,+23324000299,Male,True,2024-08-03 01:57:21.768805,2024-06-27 17:07:58.386916
300,300,Rep 300,rep300@example.com,+23324000300,Female,True,2024-07-13 15:59:15.140703,2024-07-04 21:42:39.066326
301,301,Rep 301,rep301@example.com,+23324000301,Female,True,2024-04-18 11:36:16.569018,2023-09-11 08:35:24.539564
302,302,Rep 302,rep302@example.com,+23324000302,Female,True,2024-06-08 09:06:10.273026,2023-06-10 18:28:26.981615
303,303,Rep 303,rep303@example.com,+23324000303,Female,True,2024-01-18 02:26:55.799131,2023-04-20 20:02:33.808849
304,304,Rep 304,rep304@example.com,+23324000304,Female,True,2023-07-06 05:47:32.209772,2024-10-19 08:15:04.351527
305,305,Rep 305,rep305@example.com,+23324000305,Female,True,2024-06-09 05:17:13.359471,2023-09-11 00:47:21.853221
306,306,Rep 306,rep306@example.com,+23324000306,Female,True,2023-10-02 17:23:40.969971,2024-02-18 01:44:41.136509
307,307,Rep 307,rep307@example.com,+23324000307,Female,True,2023-12-16 18:51:15.359843,2024-10-17 14:37:53.598907
308,308,Rep 308,rep308@example.com,+23324000308,Male,True,2024-08-17 12:42:35.407752,2023-07-15 12:08:57.598693
309,309,Rep 309,rep309@example.com,+23324000309,Male,True,2024-07-02 01:35:24.028956,2023-04-08 19:36:00.184348
310,310,Rep 310,rep310@example.com,+23324000310,Male,True,2024-04-08 11:22:36.956689,2023-06-23 09:48:58.000703
311,311,Rep 311,rep311@example.com,+23324000311,Male,True,2024-09-16 16:31:33.432490,2024-11-03 16:54:52.626174
312,312,Rep 312,rep312@example.com,+23324000312,Female,True,2024-01-26 03:18:11.146459,2023-09-01 14:45:04.330341
313,313,Rep 313,rep313@example.com,+23324000313,Female,True,2024-10-01 04:26:06.865464,2024-09-18 06:07:23.972635
314,314,Rep 314,rep314@example.com,+23324000314,Female,True,2023-03-11 23:25:36.385293,2023-02-15 07:33:14.928604
315,315,Rep 315,rep315@example.com,+23324000315,Female,True,2024-01-18 21:00:54.924519,2024-03-30 22:03:33.406135
316,316,Rep 316,rep316@example.com,+23324000316,Male,True,2024-05-23 04:26:15.724883,2024-07-14 22:50:58.765774
317,317,Rep 317,rep317@example.com,+23324000317,Female,True,2024-08-17 01:23:06.755167,2023-12-14 05:01:10.470125
318,318,Rep 318,rep318@example.com,+23324000318,Female,True,2023-05-02 12:26:25.369813,2024-11-04 10:37:36.889807
319,319,Rep 319,rep319@example.com,+23324000319,Female,True,2024-10-22 17:29:36.854286,2023-08-29 18:40:01.323231
320,320,Rep 320,rep320@example.com,+23324000320,Male,True,2023-09-22 16:03:37.674481,2024-09-26 15:35:02.770135
321,321,Rep 321,rep321@example.com,+23324000321,Male,True,2024-07-21 17:03:29.079132,2023-10-28 22:37:18.858268
322,322,Rep 322,rep322@example.com,+23324000322,Female,True,2024-10-06 22:50:30.867918,2023-05-02 08:37:50.784808
323,323,Rep 323,rep323@example.com,+23324000323,Female,True,2024-05-08 15:57:55.010565,2023-09-29 01:44:17.424865
324,324,Rep 324,rep324@example.com,+23324000324,Male,True,2023-09-21 22:43:33.635827,2023-01-18 18:03:39.854234
325,325,Rep 325,rep325@example.com,+23324000325,Female,True,2024-12-24 17:18:09.979416,2024-06-22 07:33:41.335548
326,326,Rep 326,rep326@example.com,+23324000326,Female,True,2024-05-13 07:28:34.761853,2023-11-12 13:39:06.046864
327,327,Rep 327,rep327@example.com,+23324000327,Male,True,2024-10-07 10:32:49.333505,2024-08-03 00:07:22.756077
328,328,Rep 328,rep328@example.com,+23324000328,Female,True,2023-05-11 16:30:09.678485,2024-08-04 09:24:09.221543
329,329,Rep 329,rep329@example.com,+23324000329,Female,True,2023-03-20 22:40:23.516391,2024-06-04 20:37:03.722215
330,330,Rep 330,rep330@example.com,+23324000330,Female,True,2024-10-06 11:29:25.536126,2023-03-22 03:16:19.350068
331,331,Rep 331,rep331@example.com,+23324000331,Male,True,2023-05-09 08:10:37.888263,2023-02-23 05:51:23.187526
332,332,Rep 332,rep332@example.com,+23324000332,Male,True,2024-09-23 20:01:23.625208,2023-04-26 09:21:00.812249
333,333,Rep 333,rep333@example.com,+23324000333,Male,True,2024-03-07 03:09:06.832319,2024-12-11 11:16:21.762129
334,334,Rep 334,rep334@example.com,+23324000334,Female,True,2024-10-22 09:13:55.867357,2023-10-14 14:42:14.676464
335,335,Rep 335,rep335@example.com,+23324000335,Female,True,2024-10-01 02:17:08.637020,2024-10-30 12:53:23.059492
336,336,Rep 336,rep336@example.com,+23324000336,Male,True,2023-06-05 00:13:29.683386,2024-10-09 00:44:57.136890
337,337,Rep 337,rep337@example.com,+23324000337,Male,True,2024-04-10 16:35:41.250915,2023-03-13 07:36:37.660186
338,338,Rep 338,rep338@example.com,+23324000338,Female,True,2024-11-07 06:08:27.494614,2023-03-15 21:20:06.621357
339,339,Rep 339,rep339@example.com,+23324000339,Male,True,2024-06-29 03:09:00.702426,2023-02-11 13:43:50.832963
340,340,Rep 340,rep340@example.com,+23324000340,Male,True,2023-04-01 01:21:16.734284,2024-04-24 00:18:30.576557
341,341,Rep 341,rep341@example.com,+23324000341,Male,True,2024-05-03 04:02:57.038722,2024-12-07 00:12:57.083830
342,342,Rep 342,rep342@example.com,+23324000342,Male,True,2023-05-13 14:59:00.574166,2023-07-17 07:24:14.814888
343,343,Rep 343,rep343@example.com,+23324000343,Female,True,2024-02-11 23:40:42.638910,2023-02-19 08:01:49.729045
344,344,Rep 344,rep344@example.com,+23324000344,Female,True,2023-06-23 12:38:37.439882,2024-08-21 17:08:45.588845
345,345,Rep 345,rep345@example.com,+23324000345,Female,True,2024-06-07 02:03:26.614922,2024-11-30 14:00:55.411325
346,346,Rep 346,rep346@example.com,+23324000346,Female,True,2023-01-27 03:28:38.881759,2023-06-06 12:13:33.398907
347,347,Rep 347,rep347@example.com,+23324000347,Male,True,2024-10-26 20:49:13.179306,2024-11-22 15:26:36.588268
348,348,Rep 348,rep348@example.com,+23324000348,Female,True,2024-06-27 07:54:14.667169,2023-08-30 06:10:23.952614
349,349,Rep 349,rep349@example.com,+23324000349,Male,True,2023-03-10 15:39:18.058624,2024-04-10 00:38:34.786699
350,350,Rep 350,rep350@example.com,+23324000350,Female,True,2023-10-26 11:14:12.011619,2024-04-24 13:48:51.273485
351,351,Rep 351,rep351@example.com,+23324000351,Male,True,2024-11-16 10:16:11.004737,2023-03-09 15:04:52.700200
352,352,Rep 352,rep352@example.com,+23324000352,Female,True,2024-06-29 14:15:13.941707,2024-02-13 03:00:34.667428
353,353,Rep 353,rep353@example.com,+23324000353,Female,True,2024-04-16 20:32:43.596378,2024-02-15 14:10:23.904713
354,354,Rep 354,rep354@example.com,+23324000354,Male,True,2024-12-11 10:09:16.940934,2023-08-03 21:16:18.840992
355,355,Rep 355,rep355@example.com,+23324000355,Female,True,2023-05-19 12:24:08.436337,2024-01-26 11:46:34.121079
356,356,Rep 356,rep356@example.com,+23324000356,Male,True,2023-03-10 23:54:04.603749,2023-03-20 16:03:38.714393
357,357,Rep 357,rep357@example.com,+23324000357,Female,True,2024-07-23 23:05:11.660348,2024-05-08 03:07:28.978136
358,358,Rep 358,rep358@example.com,+23324000358,Male,True,2023-04-29 11:16:50.278702,2024-05-25 09:49:18.439237
359,359,Rep 359,rep359@example.com,+23324000359,Female,True,2023-05-01 00:25:39.675578,2023-03-11 20:04:02.229388
360,360,Rep 360,rep360@example.com,+23324000360,Female,True,2024-10-24 15:58:55.947837,2023-06-07 12:43:48.688428
361,361,Rep 361,rep361@example.com,+23324000361,Male,True,2024-11-09 17:51:20.711896,2024-01-09 19:42:47.956784
362,362,Rep 362,rep362@example.com,+23324000362,Female,True,2024-12-27 05:39:20.910631,2024-01-25 08:17:06.927026
363,363,Rep 363,rep363@example.com,+23324000363,Male,True,2024-09-14 13:26:21.301597,2024-01-23 11:57:59.280888
364,364,Rep 364,rep364@example.com,+23324000364,Female,True,2024-01-03 23:28:48.129479,2023-05-03 11:24:18.651931
365,365,Rep 365,rep365@example.com,+23324000365,Female,True,2023-05-13 17:36:14.881505,2024-05-01 03:07:46.366670
366,366,Rep 366,rep366@example.com,+23324000366,Male,True,2024-09-09 04:28:12.590139,2024-01-28 04:12:01.063053
367,367,Rep 367,rep367@example.com,+23324000367,Female,True,2024-08-08 16:50:50.573467,2023-10-20 11:20:41.336425
368,368,Rep 368,rep368@example.com,+23324000368,Female,True,2023-11-09 00:28:53.241577,2024-11-12 14:42:23.645799
369,369,Rep 369,rep369@example.com,+23324000369,Male,True,2024-07-15 07:24:49.463047,2023-12-29 06:26:45.913944
370,370,Rep 370,rep370@example.com,+23324000370,Male,True,2023-08-28 18:56:09.979401,2023-04-29 05:42:26.995106
371,371,Rep 371,rep371@example.com,+23324000371,Female,True,2024-10-25 00:23:12.984355,2024-08-01 22:30:48.065481
372,372,Rep 372,rep372@example.com,+23324000372,Female,True,2024-05-23 18:15:42.641720,2023-05-18 05:33:55.799100
373,373,Rep 373,rep373@example.com,+23324000373,Male,True,2024-06-16 15:39:26.828090,2023-10-19 03:13:38.133693
374,374,Rep 374,rep374@example.com,+23324000374,Female,True,2023-05-05 10:44:34.683258,2024-07-16 23:19:03.134762
375,375,Rep 375,rep375@example.com,+23324000375,Male,True,2024-12-06 03:12:23.594583,2023-12-04 09:28:21.702845
376,376,Rep 376,rep376@example.com,+23324000376,Female,True,2023-06-06 13:36:23.383781,2024-11-06 18:31:13.681180
377,377,Rep 377,rep377@example.com,+23324000377,Female,True,2023-11-15 03:02:54.050877,2024-03-30 16:18:58.031570
378,378,Rep 378,rep378@example.com,+23324000378,Male,True,2024-10-02 00:04:30.794565,2023-04-13 00:37:36.563228
379,379,Rep 379,rep379@example.com,+23324000379,Female,True,2023-01-24 10:17:25.240229,2023-03-12 15:31:48.861043
380,380,Rep 380,rep380@example.com,+23324000380,Female,True,2024-11-11 23:26:42.064723,2023-04-12 20:53:30.068496
381,381,Rep 381,rep381@example.com,+23324000381,Female,True,2023-11-30 03:33:26.309678,2024-09-11 21:54:07.182796
382,382,Rep 382,rep382@example.com,+23324000382,Male,True,2024-06-24 10:00:01.712328,2024-08-06 12:32:32.434565
383,383,Rep 383,rep383@example.com,+23324000383,Male,True,2024-09-10 17:23:41.850564,2023-08-31 20:36:06.457391
384,384,Rep 384,rep384@example.com,+23324000384,Male,True,2023-04-02 08:19:14.375677,2024-08-20 12:04:34.708814
385,385,Rep 385,rep385@example.com,+23324000385,Male,True,2024-06-25 16:11:13.344440,2023-04-24 11:26:30.779878
386,386,Rep 386,rep386@example.com,+23324000386,Male,True,2024-12-19 05:42:02.152883,2024-12-30 20:52:37.171751
387,387,Rep 387,rep387@example.com,+23324000387,Male,True,2023-04-07 09:30:07.403278,2024-06-16 11:29:16.786743
388,388,Rep 388,rep388@example.com,+23324000388,Female,True,2024-08-14 06:19:20.561089,2023-11-08 05:33:43.590465
389,389,Rep 389,rep389@example.com,+23324000389,Female,True,2023-09-06 01:13:02.367283,2023-03-02 07:26:14.760221
390,390,Rep 390,rep390@example.com,+23324000390,Female,True,2024-04-05 19:19:26.865963,2024-11-05 11:26:39.934829
391,391,Rep 391,rep391@example.com,+23324000391,Male,True,2024-12-30 03:50:16.832522,2023-03-21 17:37:05.965932
392,392,Rep 392,rep392@example.com,+23324000392,Female,True,2024-04-19 08:34:51.062518,2023-01-14 17:23:30.574145
393,393,Rep 393,rep393@example.com,+23324000393,Male,True,2024-02-22 10:01:48.849551,2024-12-16 14:11:25.214898
394,394,Rep 394,rep394@example.com,+23324000394,Male,True,2024-02-26 04:09:32.304874,2024-02-14 23:36:34.317948
395,395,Rep 395,rep395@example.com,+23324000395,Female,True,2024-09-12 01:02:31.860613,2024-04-01 23:52:53.141636
396,396,Rep 396,rep396@example.com,+23324000396,Female,True,2024-12-30 21:18:49.335760,2024-12-13 08:03:09.250951
397,397,Rep 397,rep397@example.com,+23324000397,Male,True,2023-06-17 03:40:02.977373,2024-09-21 06:20:29.800064
398,398,Rep 398,rep398@example.com,+23324000398,Female,True,2024-03-12 06:43:23.355967,2023-12-07 20:40:07.185300
399,399,Rep 399,rep399@example.com,+23324000399,Male,True,2023-09-01 08:00:03.557934,2024-05-01 18:12:21.828268
400,400,Rep 400,rep400@example.com,+23324000400,Male,True,2024-09-09 16:43:40.754976,2023-01-25 06:24:21.857372
401,401,Rep 401,rep401@example.com,+23324000401,Female,True,2024-06-30 17:44:25.535612,2023-10-25 07:35:16.910662
402,402,Rep 402,rep402@example.com,+23324000402,Female,True,2024-03-14 16:17:08.135660,2024-11-24 07:28:15.214774
403,403,Rep 403,rep403@example.com,+23324000403,Male,True,2023-08-26 10:57:04.094688,2024-11-05 22:26:23.359877
404,404,Rep 404,rep404@example.com,+23324000404,Female,True,2023-05-06 02:48:43.827045,2023-10-26 08:08:28.178970
405,405,Rep 405,rep405@example.com,+23324000405,Female,True,2024-11-15 11:28:23.648901,2023-05-22 12:24:29.260713
406,406,Rep 406,rep406@example.com,+23324000406,Female,True,2024-11-15 19:03:00.798858,2023-09-02 10:28:12.435210
407,407,Rep 407,rep407@example.com,+23324000407,Female,True,2024-04-28 20:16:14.526603,2023-08-19 09:27:54.004514
408,408,Rep 408,rep408@example.com,+23324000408,Female,True,2024-03-24 20:11:08.687255,2024-07-15 23:14:49.363742
409,409,Rep 409,rep409@example.com,+23324000409,Female,True,2023-03-01 02:36:20.794568,2024-05-23 14:16:20.881999
410,410,Rep 410,rep410@example.com,+23324000410,Female,True,2023-06-08 19:52:37.893349,2024-10-08 10:51:57.723146
411,411,Rep 411,rep411@example.com,+23324000411,Male,True,2023-12-21 16:54:47.941320,2024-06-06 05:59:56.196185
412,412,Rep 412,rep412@example.com,+23324000412,Male,True,2023-04-30 17:50:53.061983,2023-03-25 08:25:12.383099
413,413,Rep 413,rep413@example.com,+23324000413,Male,True,2023-10-14 11:05:23.354042,2023-11-19 09:56:57.648700
414,414,Rep 414,rep414@example.com,+23324000414,Male,True,2024-07-07 01:31:42.301192,2024-02-19 12:08:43.528612
415,415,Rep 415,rep415@example.com,+23324000415,Male,True,2024-05-16 19:25:43.508321,2023-03-24 21:31:18.939796
416,416,Rep 416,rep416@example.com,+23324000416,Female,True,2023-01-09 06:08:08.312439,2024-01-08 13:49:34.712588
417,417,Rep 417,rep417@example.com,+23324000417,Female,True,2023-04-07 12:35:27.864623,2023-09-29 00:14:47.390738
418,418,Rep 418,rep418@example.com,+23324000418,Female,True,2024-05-07 02:44:08.565979,2023-02-26 05:25:23.695660
419,419,Rep 419,rep419@example.com,+23324000419,Male,True,2023-07-22 07:18:59.274566,2023-04-06 08:07:54.175074
420,420,Rep 420,rep420@example.com,+23324000420,Female,True,2023-05-26 15:31:17.031452,2023-05-18 21:41:43.345431
421,421,Rep 421,rep421@example.com,+23324000421,Female,True,2023-03-30 22:03:02.549148,2024-02-08 14:58:03.192056
422,422,Rep 422,rep422@example.com,+23324000422,Female,True,2023-11-01 11:33:41.488961,2024-06-01 19:13:29.128461
423,423,Rep 423,rep423@example.com,+23324000423,Male,True,2023-10-02 08:52:01.903911,2024-09-26 01:11:26.590121
424,424,Rep 424,rep424@example.com,+23324000424,Male,True,2024-12-27 09:51:28.201559,2023-03-24 07:26:41.319067
425,425,Rep 425,rep425@example.com,+23324000425,Female,True,2023-11-09 20:31:02.604498,2024-11-08 19:57:52.787757
426,426,Rep 426,rep426@example.com,+23324000426,Male,True,2024-03-30 18:44:55.071914,2024-07-11 10:52:56.977208
427,427,Rep 427,rep427@example.com,+23324000427,Male,True,2023-10-07 01:20:12.445304,2023-08-30 15:02:16.048767
428,428,Rep 428,rep428@example.com,+23324000428,Female,True,2024-03-14 14:35:39.250376,2024-01-24 14:17:01.098507
429,429,Rep 429,rep429@example.com,+23324000429,Female,True,2023-03-12 17:34:57.058087,2023-01-06 15:05:59.892808
430,430,Rep 430,rep430@example.com,+23324000430,Female,True,2023-09-01 22:10:14.970351,2024-07-09 07:10:31.048815
431,431,Rep 431,rep431@example.com,+23324000431,Male,True,2024-02-06 06:07:18.693018,2023-08-20 04:31:40.067107
432,432,Rep 432,rep432@example.com,+23324000432,Female,True,2024-01-13 00:41:10.234608,2024-12-13 16:29:54.107736
433,433,Rep 433,rep433@example.com,+23324000433,Male,True,2024-10-23 22:39:18.253390,2023-03-11 12:36:24.136005
434,434,Rep 434,rep434@example.com,+23324000434,Male,True,2023-02-04 22:44:52.185586,2024-02-29 23:18:08.168816
435,435,Rep 435,rep435@example.com,+23324000435,Female,True,2023-08-18 18:17:41.745305,2023-03-09 05:53:10.842212
436,436,Rep 436,rep436@example.com,+23324000436,Male,True,2024-04-15 20:15:08.686277,2024-06-27 20:23:00.833840
437,437,Rep 437,rep437@example.com,+23324000437,Male,True,2024-04-03 07:27:02.408629,2024-02-19 21:29:02.405510
438,438,Rep 438,rep438@example.com,+23324000438,Female,True,2024-01-13 18:31:12.784864,2024-03-04 21:43:59.908456
439,439,Rep 439,rep439@example.com,+23324000439,Male,True,2024-03-28 21:04:31.825897,2023-01-02 23:12:10.341973
440,440,Rep 440,rep440@example.com,+23324000440,Male,True,2024-08-13 15:22:11.454771,2024-01-22 01:24:11.475659
441,441,Rep 441,rep441@example.com,+23324000441,Male,True,2023-09-23 13:00:45.681827,2024-06-20 12:24:35.695678
442,442,Rep 442,rep442@example.com,+23324000442,Male,True,2024-05-13 10:14:25.473214,2024-06-18 05:34:46.786368
443,443,Rep 443,rep443@example.com,+23324000443,Male,True,2023-01-02 21:34:47.637585,2024-11-24 12:35:42.233951
444,444,Rep 444,rep444@example.com,+23324000444,Male,True,2024-12-07 13:57:37.369929,2023-10-16 16:12:07.298537
445,445,Rep 445,rep445@example.com,+23324000445,Female,True,2024-07-18 00:23:18.148719,2023-03-28 05:11:12.741666
446,446,Rep 446,rep446@example.com,+23324000446,Female,True,2024-02-23 23:58:24.691250,2024-01-26 09:22:06.352783
447,447,Rep 447,rep447@example.com,+23324000447,Female,True,2023-03-22 19:30:24.834093,2023-05-03 20:00:01.910422
448,448,Rep 448,rep448@example.com,+23324000448,Female,True,2024-11-18 08:50:44.087240,2023-11-12 11:49:38.379233
449,449,Rep 449,rep449@example.com,+23324000449,Male,True,2024-07-24 18:01:09.198938,2024-12-03 15:53:33.085106
450,450,Rep 450,rep450@example.com,+23324000450,Male,True,2024-12-05 17:06:24.361416,2023-07-28 16:28:12.076663
451,451,Rep 451,rep451@example.com,+23324000451,Male,True,2024-05-22 12:16:25.167048,2024-08-14 09:14:30.951779
452,452,Rep 452,rep452@example.com,+23324000452,Male,True,2023-08-18 14:37:05.897533,2023-12-06 15:48:49.637567
453,453,Rep 453,rep453@example.com,+23324000453,Male,True,2024-04-24 19:53:33.340183,2023-09-26 02:20:30.090735
454,454,Rep 454,rep454@example.com,+23324000454,Female,True,2024-08-27 05:30:08.779009,2023-07-25 02:41:13.764357
455,455,Rep 455,rep455@example.com,+23324000455,Female,True,2023-07-16 10:07:35.412196,2023-02-13 07:53:19.995380
456,456,Rep 456,rep456@example.com,+23324000456,Male,True,2023-06-14 09:21:51.175047,2024-12-07 20:53:38.170864
457,457,Rep 457,rep457@example.com,+23324000457,Female,True,2024-09-04 01:01:04.324980,2023-11-01 19:16:16.990956
458,458,Rep 458,rep458@example.com,+23324000458,Female,True,2024-11-16 17:41:25.717472,2023-01-05 13:47:05.352695
459,459,Rep 459,rep459@example.com,+23324000459,Male,True,2024-09-30 09:53:17.464711,2024-05-31 02:29:31.726838
460,460,Rep 460,rep460@example.com,+23324000460,Female,True,2023-02-24 19:04:11.494734,2023-08-04 15:41:35.619538
461,461,Rep 461,rep461@example.com,+23324000461,Female,True,2024-12-13 04:22:22.987134,2023-04-27 07:44:29.423456
462,462,Rep 462,rep462@example.com,+23324000462,Male,True,2023-10-13 19:23:53.907343,2024-08-18 05:24:33.789372
463,463,Rep 463,rep463@example.com,+23324000463,Male,True,2023-04-29 15:26:37.868130,2023-06-01 13:22:51.265545
464,464,Rep 464,rep464@example.com,+23324000464,Male,True,2024-10-20 19:33:27.276133,2023-04-22 10:00:25.253443
465,465,Rep 465,rep465@example.com,+23324000465,Male,True,2023-07-27 14:31:11.784689,2024-04-03 19:23:07.342829
466,466,Rep 466,rep466@example.com,+23324000466,Male,True,2024-08-04 03:33:21.058649,2023-09-08 12:52:59.766219
467,467,Rep 467,rep467@example.com,+23324000467,Male,True,2023-10-14 18:40:38.999500,2024-02-18 13:04:17.521420
468,468,Rep 468,rep468@example.com,+23324000468,Male,True,2023-11-02 05:46:27.595664,2024-10-08 19:14:46.186977
469,469,Rep 469,rep469@example.com,+23324000469,Male,True,2023-06-07 21:14:23.439506,2024-03-05 12:12:53.423683
470,470,Rep 470,rep470@example.com,+23324000470,Female,True,2023-09-28 11:13:13.780622,2024-12-28 18:54:37.661254
471,471,Rep 471,rep471@example.com,+23324000471,Male,True,2023-09-18 16:27:34.174722,2023-05-27 01:27:45.242545
472,472,Rep 472,rep472@example.com,+23324000472,Male,True,2024-12-14 20:44:29.966067,2024-07-14 13:59:08.733988
473,473,Rep 473,rep473@example.com,+23324000473,Female,True,2023-07-10 11:24:03.266399,2024-04-18 09:49:28.164590
474,474,Rep 474,rep474@example.com,+23324000474,Female,True,2023-07-05 03:06:39.691648,2024-05-27 21:14:56.458914
475,475,Rep 475,rep475@example.com,+23324000475,Female,True,2024-04-26 17:36:24.981605,2023-05-16 00:19:12.232317
476,476,Rep 476,rep476@example.com,+23324000476,Male,True,2024-11-21 22:16:23.676137,2023-10-24 04:06:13.514017
477,477,Rep 477,rep477@example.com,+23324000477,Female,True,2024-12-01 20:04:59.876304,2023-05-21 13:25:51.710393
478,478,Rep 478,rep478@example.com,+23324000478,Female,True,2023-08-06 00:08:43.425235,2023-09-05 15:12:50.493747
479,479,Rep 479,rep479@example.com,+23324000479,Female,True,2024-05-09 01:38:30.771465,2024-02-08 17:30:26.529651
480,480,Rep 480,rep480@example.com,+23324000480,Female,True,2024-10-08 21:12:59.779317,2024-01-13 10:47:44.506203
481,481,Rep 481,rep481@example.com,+23324000481,Female,True,2023-10-31 01:10:31.770867,2023-07-01 08:49:10.628424
482,482,Rep 482,rep482@example.com,+23324000482,Male,True,2023-11-07 14:56:49.180516,2024-11-23 22:15:34.488516
483,483,Rep 483,rep483@example.com,+23324000483,Female,True,2024-01-06 15:02:13.895202,2023-02-02 06:08:10.022378
484,484,Rep 484,rep484@example.com,+23324000484,Female,True,2023-01-20 18:08:57.774732,2023-10-15 16:54:38.770101
485,485,Rep 485,rep485@example.com,+23324000485,Male,True,2023-10-18 05:27:16.569502,2024-10-28 21:57:10.324727
486,486,Rep 486,rep486@example.com,+23324000486,Female,True,2023-09-22 20:13:52.738171,2023-10-12 15:39:43.664789
487,487,Rep 487,rep487@example.com,+23324000487,Female,True,2024-08-06 14:28:37.995876,2024-11-12 18:19:56.973741
488,488,Rep 488,rep488@example.com,+23324000488,Male,True,2023-10-18 20:34:08.628588,2024-11-12 14:29:02.315053
489,489,Rep 489,rep489@example.com,+23324000489,Female,True,2023-02-18 22:58:22.192887,2023-12-09 07:46:47.241014
490,490,Rep 490,rep490@example.com,+23324000490,Female,True,2024-12-27 07:58:25.599902,2024-10-10 10:30:49.587566
491,491,Rep 491,rep491@example.com,+23324000491,Male,True,2024-01-23 09:43:09.123162,2023-09-28 21:42:47.853787
492,492,Rep 492,rep492@example.com,+23324000492,Female,True,2024-03-11 04:09:08.610682,2024-07-30 11:44:01.674229
493,493,Rep 493,rep493@example.com,+23324000493,Male,True,2023-11-20 08:26:49.145562,2024-05-08 03:37:18.926050
494,494,Rep 494,rep494@example.com,+23324000494,Female,True,2024-08-06 19:26:03.910717,2023-02-23 20:50:31.730960
495,495,Rep 495,rep495@example.com,+23324000495,Female,True,2023-05-03 08:24:27.642380,2023-06-24 11:38:21.257695
496,496,Rep 496,rep496@example.com,+23324000496,Female,True,2023-10-03 14:37:25.164296,2023-02-17 07:54:40.250447
497,497,Rep 497,rep497@example.com,+23324000497,Male,True,2024-01-08 19:52:09.373894,2023-02-12 03:24:36.843416
498,498,Rep 498,rep498@example.com,+23324000498,Female,True,2023-05-07 14:01:31.454070,2024-07-20 01:13:08.379003
499,499,Rep 499,rep499@example.com,+23324000499,Female,True,2024-08-25 15:31:25.217528,2023-11-30 17:49:49.154025
500,500,Rep 500,rep500@example.com,+23324000500,Male,True,2023-09-01 00:49:49.909093,2023-02-23 05:04:09.132156
