id,customer_id,session_id,created_at,updated_at
1,499,session_1,2023-02-06 14:34:33.204557,2023-12-26 08:06:51.491054
2,317,session_2,2023-05-30 19:59:27.878296,2024-02-20 19:34:03.744891
3,636,session_3,2023-01-01 03:56:23.288413,2024-11-26 21:43:53.579849
4,481,session_4,2023-09-21 08:25:42.444490,2024-12-12 00:27:26.964223
5,60,session_5,2023-10-27 04:10:22.109469,2024-02-06 20:50:12.474517
6,479,session_6,2023-07-31 14:07:12.184671,2024-08-28 17:03:09.277679
7,617,session_7,2024-02-26 17:12:53.012270,2024-05-30 04:19:13.400550
8,268,session_8,2023-08-27 03:11:02.505095,2023-12-12 10:01:35.203862
9,432,session_9,2023-08-06 09:05:49.378896,2023-06-12 15:41:31.060134
10,858,session_10,2024-12-01 06:09:28.200769,2023-01-18 06:35:53.347699
11,986,session_11,2024-09-19 08:53:29.034412,2023-11-13 09:51:35.412604
12,496,session_12,2023-12-07 00:43:52.933684,2024-02-12 05:01:14.750352
13,187,session_13,2024-09-21 11:16:46.431729,2024-12-08 18:45:21.237860
14,921,session_14,2024-07-28 12:55:19.808224,2023-04-19 17:14:44.855056
15,583,session_15,2023-07-01 23:00:46.489878,2024-06-12 08:50:14.900913
16,953,session_16,2024-11-30 04:09:08.262653,2024-11-17 10:34:26.018502
17,558,session_17,2024-03-19 07:09:03.709387,2023-09-12 23:39:47.793155
18,44,session_18,2023-08-10 04:33:31.717054,2023-04-14 12:43:25.370054
19,807,session_19,2024-04-11 13:48:18.281278,2024-04-10 09:14:29.663477
20,892,session_20,2024-08-30 18:08:05.565225,2024-07-27 18:50:21.681548
21,994,session_21,2024-02-26 17:47:46.071628,2024-08-08 07:16:45.617465
22,318,session_22,2023-09-28 13:17:29.651018,2024-03-16 20:55:33.766563
23,541,session_23,2024-03-08 01:30:59.059411,2024-01-19 22:59:04.325550
24,136,session_24,2024-08-21 04:12:40.484172,2023-02-03 20:47:54.030955
25,796,session_25,2024-07-07 01:20:14.274159,2024-01-05 05:24:09.534049
26,874,session_26,2023-08-28 08:35:14.853343,2023-05-23 19:58:36.099175
27,880,session_27,2023-01-12 13:00:18.525479,2024-05-25 07:04:32.617275
28,41,session_28,2023-06-05 08:59:21.332765,2024-12-22 22:11:50.745159
29,621,session_29,2023-06-23 12:54:42.836067,2023-02-27 11:24:22.022301
30,521,session_30,2023-02-17 09:57:49.645278,2024-12-27 23:33:36.879641
31,887,session_31,2023-07-01 23:07:12.400308,2023-09-29 05:13:43.524213
32,933,session_32,2024-09-13 04:57:57.172571,2024-09-15 10:40:00.787010
33,442,session_33,2023-12-24 19:38:47.337384,2024-03-28 07:04:04.711402
34,285,session_34,2024-06-25 21:06:21.239152,2024-08-18 22:13:31.962128
35,273,session_35,2024-04-21 23:36:28.191135,2024-11-19 12:43:22.176954
36,158,session_36,2024-01-25 08:55:41.761898,2024-08-08 11:51:46.159482
37,118,session_37,2023-08-05 22:20:26.542344,2023-10-22 19:34:40.207612
38,40,session_38,2023-09-25 18:35:12.423972,2023-05-11 19:30:34.505347
39,273,session_39,2024-12-19 06:49:10.421654,2024-02-01 07:15:17.384749
40,499,session_40,2023-06-15 09:24:25.623210,2023-06-04 12:15:55.060164
41,243,session_41,2023-07-10 11:23:14.361152,2024-01-03 20:09:47.364978
42,181,session_42,2024-02-04 13:15:30.694015,2023-09-04 22:07:01.366411
43,861,session_43,2023-02-06 11:01:15.758721,2023-05-15 21:37:11.815006
44,969,session_44,2024-01-19 04:00:52.183494,2023-04-05 18:10:47.789207
45,819,session_45,2024-09-20 14:38:25.887784,2023-09-05 21:47:09.426621
46,531,session_46,2023-03-10 18:14:52.680857,2023-05-18 09:08:49.815688
47,200,session_47,2023-08-15 04:44:36.662468,2024-07-26 09:15:51.169668
48,861,session_48,2024-08-29 22:48:10.116214,2023-04-07 05:01:56.420459
49,350,session_49,2023-02-22 19:46:38.140271,2024-01-28 02:07:37.331109
50,822,session_50,2023-06-13 14:12:33.819972,2023-06-19 22:03:21.049992
51,972,session_51,2023-06-11 03:50:19.187296,2023-10-17 12:40:26.429534
52,687,session_52,2024-11-20 23:13:23.131390,2023-10-24 22:56:27.837350
53,617,session_53,2023-06-08 04:37:05.154758,2024-12-17 00:01:41.235583
54,81,session_54,2023-07-12 07:12:51.633966,2023-10-09 12:12:11.588068
55,130,session_55,2024-11-24 11:22:13.553634,2023-03-05 15:52:51.696318
56,666,session_56,2023-04-25 21:46:36.423051,2023-04-14 10:59:30.647670
57,475,session_57,2024-07-22 03:58:18.016143,2024-06-24 13:10:11.657256
58,184,session_58,2024-11-07 13:23:17.447293,2023-01-24 14:34:50.813887
59,638,session_59,2024-08-01 18:21:04.914687,2024-06-18 19:48:05.843125
60,91,session_60,2023-11-03 23:45:53.496240,2024-10-25 14:53:53.068303
61,965,session_61,2023-04-18 16:49:11.821637,2024-06-12 01:14:22.662491
62,674,session_62,2023-07-03 14:17:39.284616,2023-01-11 05:36:15.093095
63,141,session_63,2024-06-16 19:19:40.698357,2024-04-18 12:59:37.400433
64,389,session_64,2024-11-01 09:06:51.038884,2024-10-22 10:50:40.174301
65,210,session_65,2024-07-11 14:37:43.890844,2023-10-25 16:46:30.588459
66,136,session_66,2023-11-26 04:34:21.599869,2024-08-17 17:42:55.509034
67,473,session_67,2023-07-03 21:07:05.717479,2024-02-25 22:46:48.586296
68,503,session_68,2024-10-02 13:53:40.169866,2024-08-04 16:00:54.128853
69,41,session_69,2023-09-26 12:27:20.852902,2023-03-25 12:40:43.954239
70,409,session_70,2024-06-13 12:52:22.823381,2024-10-08 14:53:08.750217
71,846,session_71,2024-02-07 14:16:22.347738,2024-11-20 09:28:05.781137
72,695,session_72,2024-06-08 02:20:14.871648,2023-12-20 17:47:53.882947
73,514,session_73,2023-06-22 19:36:49.677793,2024-07-21 20:43:10.606546
74,700,session_74,2023-02-21 06:04:26.914332,2023-03-04 22:28:41.813766
75,760,session_75,2023-06-30 14:37:19.305683,2024-08-30 14:37:05.271515
76,543,session_76,2023-06-20 04:14:40.538278,2023-09-28 12:08:54.343769
77,270,session_77,2024-09-16 10:37:24.189270,2023-06-22 13:14:49.472771
78,301,session_78,2024-03-25 07:23:33.469727,2024-09-01 09:18:37.648087
79,116,session_79,2024-11-29 17:07:00.387795,2024-05-27 08:51:21.189604
80,779,session_80,2023-12-16 10:15:23.519148,2024-05-03 04:32:10.721563
81,552,session_81,2023-02-14 23:57:20.521493,2024-11-03 18:55:33.505218
82,119,session_82,2023-05-08 16:52:43.339806,2024-03-02 12:19:06.502727
83,45,session_83,2024-03-18 17:41:48.929403,2023-05-22 10:38:16.885771
84,405,session_84,2023-09-05 01:33:24.485223,2024-11-08 01:34:43.427601
85,750,session_85,2023-12-03 21:01:33.597910,2024-07-10 23:43:59.261075
86,810,session_86,2023-05-12 01:44:52.880451,2023-01-15 16:34:01.240308
87,128,session_87,2023-12-16 09:19:02.485195,2023-11-03 12:54:24.874705
88,957,session_88,2023-06-01 10:05:36.244526,2023-07-02 13:18:32.472288
89,973,session_89,2023-11-19 03:16:04.082249,2024-12-07 20:49:50.331977
90,520,session_90,2023-07-02 21:50:53.572784,2024-10-31 02:03:18.782732
91,59,session_91,2024-03-29 20:54:53.615040,2023-10-01 06:07:17.193030
92,548,session_92,2023-04-14 03:03:48.222334,2023-12-24 21:49:17.423289
93,217,session_93,2023-02-24 05:45:14.622017,2024-08-06 02:58:58.871402
94,746,session_94,2023-01-18 06:33:26.875449,2024-07-02 20:18:04.574352
95,33,session_95,2024-03-23 11:01:06.336904,2024-03-19 14:03:25.846832
96,163,session_96,2023-05-30 11:01:45.414887,2023-01-16 23:19:20.283906
97,639,session_97,2023-08-25 18:52:55.052450,2024-07-26 06:16:29.217981
98,184,session_98,2023-11-14 18:43:55.368999,2023-07-22 18:43:06.186037
99,67,session_99,2024-07-04 19:27:44.903087,2023-12-11 20:02:40.975473
100,977,session_100,2024-08-21 00:09:00.305937,2024-06-13 19:10:22.955614
101,439,session_101,2024-06-24 14:18:22.033150,2023-01-07 22:36:17.774733
102,479,session_102,2024-05-09 05:52:08.704294,2024-11-17 05:54:21.753973
103,193,session_103,2023-07-17 12:26:02.924570,2024-08-19 12:25:22.555244
104,988,session_104,2023-11-18 06:23:02.446036,2024-07-08 23:23:18.002303
105,152,session_105,2023-08-01 03:48:47.626568,2023-04-28 17:54:43.676353
106,564,session_106,2024-01-16 18:07:07.837961,2023-02-04 23:50:51.780408
107,535,session_107,2023-04-29 22:46:33.685937,2023-09-27 07:37:23.680887
108,976,session_108,2023-02-13 07:51:31.134709,2023-06-26 23:54:25.210877
109,815,session_109,2024-09-01 10:45:21.856714,2024-02-06 01:07:15.265576
110,390,session_110,2023-10-23 17:26:48.924467,2024-06-15 04:37:31.602306
111,751,session_111,2024-12-02 02:43:59.991284,2024-10-23 14:33:53.536285
112,319,session_112,2023-01-15 20:48:04.660504,2024-12-09 01:32:14.492708
113,550,session_113,2024-07-22 07:58:21.683503,2024-01-13 17:54:51.835584
114,918,session_114,2024-01-16 19:47:32.085026,2024-03-19 12:04:06.705150
115,261,session_115,2024-06-26 09:48:25.491086,2024-08-20 10:29:06.116505
116,604,session_116,2023-10-06 03:38:31.272656,2024-05-05 06:32:14.621253
117,258,session_117,2023-08-29 05:35:10.887825,2024-06-10 15:42:46.882033
118,545,session_118,2023-06-07 04:38:43.311868,2024-10-31 19:18:51.736793
119,232,session_119,2024-12-24 12:58:22.235317,2024-08-31 09:28:38.809006
120,901,session_120,2023-01-10 15:06:58.157252,2024-09-25 12:06:36.388176
121,682,session_121,2024-04-14 19:37:45.280868,2023-11-01 16:59:01.132279
122,195,session_122,2024-08-06 01:38:06.356315,2023-06-29 03:54:05.246487
123,510,session_123,2023-03-23 10:02:31.362604,2023-06-07 19:43:01.569812
124,509,session_124,2023-11-04 01:58:45.185887,2024-05-23 21:49:57.602478
125,313,session_125,2024-06-30 18:38:40.762483,2024-11-19 07:22:07.205486
126,801,session_126,2023-11-27 11:28:06.181630,2023-01-11 03:33:04.442659
127,563,session_127,2023-06-05 17:43:07.595081,2024-02-11 19:53:30.238911
128,774,session_128,2024-08-15 03:22:18.647046,2024-07-22 06:35:18.315863
129,346,session_129,2024-06-28 21:04:57.417588,2024-11-21 23:11:14.357692
130,747,session_130,2023-02-03 15:36:54.267667,2024-02-08 06:17:56.201930
131,41,session_131,2024-01-17 10:05:38.389244,2024-10-02 12:52:28.572653
132,507,session_132,2023-05-02 08:30:20.698586,2023-09-21 22:02:23.822100
133,560,session_133,2024-02-06 11:42:53.706564,2024-10-28 01:18:59.426061
134,200,session_134,2023-05-17 10:04:19.113817,2023-12-20 20:34:12.421150
135,573,session_135,2024-02-01 06:50:43.859351,2024-10-24 16:09:46.860457
136,296,session_136,2023-03-04 17:40:11.029344,2023-02-02 15:37:30.104856
137,788,session_137,2023-10-13 09:39:41.047677,2024-07-06 23:14:36.793950
138,259,session_138,2023-01-31 20:17:46.247085,2024-01-25 14:42:32.818311
139,644,session_139,2023-02-09 08:55:52.459855,2023-10-26 02:43:24.444772
140,438,session_140,2024-04-24 03:23:28.447909,2024-07-01 20:30:05.343104
141,625,session_141,2023-06-18 03:16:05.610288,2024-05-31 06:46:31.392716
142,197,session_142,2023-11-14 09:52:42.394401,2023-08-31 17:56:24.753686
143,994,session_143,2023-08-18 01:44:06.173691,2023-08-26 04:08:44.440630
144,769,session_144,2023-09-23 10:43:49.572327,2023-09-11 00:10:52.727537
145,688,session_145,2024-10-21 21:33:03.359304,2024-01-11 23:17:37.974054
146,402,session_146,2024-09-10 04:58:23.660442,2024-05-11 05:45:34.216464
147,25,session_147,2024-07-26 23:58:57.551557,2024-08-04 12:50:13.226496
148,882,session_148,2024-02-29 09:45:45.599795,2023-06-25 18:43:48.721930
149,882,session_149,2024-05-23 22:11:37.448240,2023-05-20 00:40:47.295324
150,406,session_150,2024-10-31 06:06:21.599275,2024-08-27 14:58:01.702804
151,610,session_151,2023-01-31 00:35:46.425184,2023-04-11 18:39:14.826629
152,351,session_152,2023-08-20 09:05:32.716866,2023-07-13 16:12:49.177774
153,261,session_153,2023-01-04 20:40:46.835498,2023-12-04 02:01:51.598083
154,926,session_154,2024-02-29 15:07:51.888772,2023-10-13 01:09:25.780400
155,303,session_155,2024-07-31 16:28:08.280760,2023-08-26 15:30:48.453870
156,947,session_156,2024-08-10 03:07:49.734724,2023-02-13 16:39:30.796832
157,588,session_157,2024-12-23 08:47:32.809238,2024-11-17 05:44:26.387624
158,346,session_158,2023-12-02 20:46:47.286665,2024-03-22 06:54:49.760205
159,500,session_159,2023-04-20 02:04:16.641921,2023-03-22 21:36:25.881317
160,93,session_160,2023-01-25 08:54:16.973079,2024-09-10 01:21:40.483804
161,726,session_161,2023-02-24 23:44:03.422288,2024-03-08 15:12:05.408741
162,40,session_162,2024-08-03 19:58:27.248202,2024-08-03 15:03:23.104738
163,963,session_163,2023-11-06 07:35:39.398278,2023-07-20 05:29:48.123703
164,496,session_164,2023-03-23 18:21:28.950141,2024-05-18 02:52:39.795650
165,208,session_165,2024-12-30 19:12:58.541824,2024-01-30 06:54:56.849759
166,360,session_166,2024-06-15 06:26:38.939277,2024-04-11 20:11:10.641866
167,533,session_167,2024-01-21 04:10:52.429202,2024-01-12 15:06:16.656880
168,393,session_168,2024-07-16 16:39:54.691860,2024-12-10 02:40:51.233962
169,9,session_169,2024-11-19 09:17:11.814007,2023-10-22 04:11:59.414123
170,672,session_170,2024-05-23 15:48:20.901853,2023-08-30 09:02:44.232289
171,599,session_171,2023-10-03 03:47:52.505259,2023-09-01 06:15:22.221996
172,739,session_172,2024-11-01 20:57:24.292399,2024-05-08 23:54:41.120040
173,184,session_173,2023-04-07 16:08:49.333353,2024-06-11 14:54:15.384461
174,615,session_174,2023-01-15 15:46:30.163196,2023-05-18 08:40:46.180767
175,944,session_175,2023-05-21 13:24:18.884308,2023-10-29 00:16:19.125331
176,157,session_176,2023-11-23 03:08:05.344714,2023-12-31 15:51:31.199572
177,653,session_177,2024-11-13 14:40:00.112194,2023-11-08 20:51:07.093893
178,112,session_178,2023-07-17 11:21:43.504460,2023-12-02 09:40:38.607308
179,125,session_179,2024-04-10 17:32:27.789185,2023-05-25 23:49:22.850048
180,867,session_180,2024-06-18 05:13:39.564239,2024-03-07 15:13:26.146346
181,249,session_181,2023-06-02 20:16:44.556006,2024-04-21 04:34:02.829294
182,628,session_182,2024-06-03 03:49:57.749220,2023-10-09 11:22:31.450871
183,542,session_183,2024-03-10 08:11:38.977036,2023-06-09 00:53:12.489786
184,70,session_184,2023-06-26 06:42:59.217307,2024-03-14 08:15:15.362885
185,763,session_185,2023-11-27 12:35:59.166252,2023-12-01 20:58:14.112645
186,920,session_186,2024-06-15 02:53:08.568374,2024-11-16 21:15:03.425796
187,503,session_187,2024-06-09 02:16:44.183460,2024-05-02 13:31:29.816361
188,951,session_188,2023-09-15 11:00:49.852855,2023-10-10 02:54:36.507579
189,570,session_189,2024-05-13 04:39:03.627819,2023-10-23 12:14:02.553523
190,535,session_190,2024-03-23 08:15:48.609926,2023-05-31 00:42:49.892688
191,943,session_191,2024-11-29 17:04:30.729633,2024-03-13 21:25:15.563147
192,534,session_192,2023-08-15 19:53:38.998033,2023-03-15 16:32:24.425028
193,406,session_193,2023-10-25 18:57:25.817105,2024-05-15 10:22:46.670926
194,481,session_194,2024-08-30 22:09:26.147657,2023-12-10 07:08:13.807860
195,522,session_195,2023-02-18 02:39:43.020171,2023-04-27 18:35:27.107683
196,588,session_196,2024-03-13 16:43:02.782685,2024-04-24 04:06:13.502793
197,726,session_197,2023-08-18 09:47:42.200136,2023-06-01 16:12:31.252530
198,838,session_198,2024-06-12 22:03:01.809509,2023-07-28 15:23:59.836185
199,827,session_199,2023-03-04 09:26:04.513068,2024-04-27 04:37:59.235956
200,607,session_200,2023-11-01 03:46:58.317296,2023-12-14 22:39:58.011080
201,509,session_201,2023-11-04 09:24:59.287362,2024-07-27 00:50:26.709496
202,402,session_202,2023-02-20 11:35:34.438899,2023-07-06 23:33:21.796992
203,335,session_203,2023-05-18 00:52:40.348383,2023-12-17 01:11:37.959437
204,646,session_204,2024-06-20 22:48:57.204421,2023-04-21 18:02:27.355650
205,992,session_205,2024-01-26 10:20:11.769434,2023-12-03 22:01:32.584104
206,695,session_206,2024-02-28 05:07:56.141198,2023-06-13 21:16:26.701583
207,799,session_207,2024-01-20 01:52:50.579667,2024-12-20 17:15:52.405471
208,734,session_208,2024-05-19 01:12:35.057163,2023-09-21 06:28:44.690539
209,537,session_209,2024-08-31 08:08:56.677043,2023-02-26 22:41:17.107995
210,440,session_210,2023-04-06 20:44:00.496313,2024-11-20 00:59:30.276994
211,95,session_211,2023-02-24 18:29:05.279489,2023-07-20 04:23:10.390299
212,424,session_212,2024-03-21 17:41:39.699984,2023-02-13 08:30:07.518831
213,90,session_213,2024-02-25 09:03:36.876786,2024-02-13 06:40:24.948071
214,219,session_214,2024-12-07 23:36:54.239733,2024-05-21 05:09:49.042918
215,117,session_215,2023-03-12 19:32:30.331455,2024-11-18 16:28:03.725354
216,752,session_216,2023-08-20 16:21:58.767703,2023-02-12 12:22:51.190444
217,194,session_217,2023-01-21 01:11:36.227230,2024-06-08 18:37:43.515467
218,323,session_218,2023-09-05 01:16:01.765995,2024-06-15 18:38:44.153297
219,458,session_219,2023-07-31 17:16:37.628795,2024-03-25 19:45:58.000219
220,897,session_220,2023-12-19 11:16:51.833320,2024-02-22 01:54:10.269153
221,459,session_221,2024-03-01 13:17:19.760414,2024-10-22 05:49:49.934073
222,471,session_222,2024-07-07 04:38:30.012848,2024-04-30 14:48:02.895453
223,530,session_223,2023-07-23 04:46:54.889774,2023-07-16 04:48:20.730402
224,704,session_224,2023-11-27 04:03:40.961023,2024-08-12 16:41:16.229008
225,334,session_225,2024-01-22 02:09:19.674369,2023-11-06 16:04:44.436211
226,927,session_226,2024-09-01 11:58:11.970283,2024-04-24 18:26:44.618960
227,164,session_227,2023-10-20 05:10:40.136345,2024-06-16 11:40:50.286120
228,424,session_228,2024-11-14 05:53:43.901317,2024-09-21 18:16:08.805565
229,630,session_229,2024-05-18 18:47:29.219948,2024-02-10 06:15:39.036051
230,702,session_230,2024-04-26 02:17:23.829937,2023-02-16 17:30:49.477346
231,44,session_231,2023-04-09 23:44:23.688734,2024-03-30 04:05:03.860624
232,522,session_232,2024-04-10 17:25:27.387530,2024-08-17 20:15:15.027323
233,951,session_233,2023-06-29 00:22:23.250289,2024-07-01 22:50:08.583660
234,736,session_234,2023-11-21 23:28:46.818671,2023-03-12 05:30:00.439741
235,260,session_235,2023-11-24 08:36:38.986299,2023-06-28 16:57:13.883175
236,377,session_236,2024-09-03 21:07:52.411549,2023-11-02 12:14:02.155228
237,467,session_237,2024-01-23 19:48:03.095886,2023-02-16 11:17:17.059620
238,992,session_238,2023-08-04 15:58:48.363167,2024-03-08 00:59:27.185361
239,4,session_239,2023-05-01 16:05:49.784883,2023-09-19 14:11:52.839031
240,592,session_240,2024-07-07 13:45:04.309042,2023-07-19 12:56:48.735716
241,787,session_241,2023-08-26 07:23:19.974444,2024-01-24 07:42:16.233930
242,960,session_242,2023-08-11 15:52:35.543434,2024-07-08 11:54:00.092274
243,43,session_243,2024-10-07 00:03:21.832935,2023-09-06 16:30:30.519509
244,24,session_244,2023-12-06 21:23:00.401570,2024-08-24 16:17:06.439092
245,626,session_245,2023-10-01 15:11:43.013432,2024-10-13 15:38:12.634945
246,968,session_246,2024-08-02 01:19:54.132600,2023-05-29 06:19:00.677788
247,674,session_247,2023-04-10 06:29:17.969610,2023-03-04 13:45:46.170960
248,222,session_248,2023-10-16 06:40:25.567127,2024-07-25 01:39:05.209574
249,924,session_249,2024-05-25 11:25:49.333151,2023-04-01 06:28:39.709067
250,299,session_250,2023-08-27 14:33:27.041485,2024-07-04 02:40:28.470913
251,332,session_251,2023-11-19 23:46:41.956989,2024-06-03 14:55:41.722171
252,918,session_252,2023-08-16 21:06:58.841767,2024-06-15 03:11:24.396897
253,932,session_253,2023-06-08 00:10:30.764102,2023-08-29 11:09:14.584190
254,527,session_254,2023-02-26 14:57:58.123993,2024-02-23 04:36:13.140627
255,443,session_255,2024-11-21 11:20:20.961312,2024-11-07 21:28:37.561645
256,136,session_256,2023-05-14 17:03:08.089101,2024-01-17 08:21:48.632459
257,367,session_257,2024-12-25 11:16:59.307134,2024-11-02 20:12:53.285147
258,287,session_258,2023-09-04 00:05:09.908306,2024-05-22 07:53:55.398323
259,17,session_259,2023-10-11 07:25:21.904754,2024-05-19 19:26:43.217571
260,428,session_260,2023-07-09 17:19:28.494824,2023-08-26 09:22:29.863951
261,171,session_261,2024-01-17 19:47:13.322262,2024-06-04 22:49:32.834130
262,792,session_262,2024-09-16 13:06:50.563675,2023-05-14 11:34:39.187170
263,92,session_263,2023-04-29 13:41:35.784912,2024-11-02 08:06:41.482808
264,653,session_264,2024-07-09 19:27:37.434998,2024-01-24 20:49:38.944491
265,978,session_265,2023-12-30 19:33:11.086361,2023-07-28 19:26:57.436616
266,434,session_266,2023-10-11 01:03:54.999741,2024-08-25 22:23:39.132525
267,894,session_267,2023-01-27 05:56:25.927458,2024-04-07 07:19:13.973840
268,497,session_268,2024-04-02 05:43:14.664191,2023-11-02 07:34:18.407078
269,121,session_269,2023-06-28 00:44:08.483716,2024-05-12 21:06:58.969964
270,152,session_270,2024-05-07 19:52:50.101413,2023-04-19 20:12:43.828325
271,515,session_271,2023-10-16 02:57:07.430852,2024-01-11 22:44:08.860992
272,796,session_272,2024-10-23 19:49:14.269976,2023-03-26 20:25:03.771951
273,417,session_273,2024-09-13 13:50:16.687481,2023-05-01 06:41:45.912892
274,509,session_274,2023-02-12 18:56:59.197467,2024-11-04 00:42:58.324974
275,483,session_275,2023-02-17 17:30:03.189693,2023-08-29 15:04:50.536499
276,181,session_276,2024-09-03 07:00:56.175171,2023-12-12 03:44:19.420322
277,86,session_277,2023-04-28 03:28:16.532470,2024-05-08 21:36:40.430349
278,264,session_278,2023-04-20 13:55:47.136906,2024-03-24 22:50:47.986167
279,540,session_279,2023-05-19 07:34:45.704601,2023-09-04 00:12:02.630166
280,700,session_280,2023-09-26 12:24:19.204355,2024-12-02 14:00:57.419186
281,30,session_281,2023-09-24 00:05:13.213484,2024-12-02 10:53:42.605946
282,142,session_282,2024-11-07 16:00:14.791661,2024-01-23 17:12:05.097208
283,98,session_283,2024-11-16 07:16:30.564934,2023-09-17 11:45:01.446027
284,704,session_284,2024-10-03 00:39:12.308365,2024-10-16 16:37:11.747552
285,954,session_285,2023-07-05 01:31:24.199824,2024-12-09 07:49:46.160570
286,361,session_286,2024-04-14 11:57:22.337481,2024-10-29 12:10:53.370747
287,641,session_287,2024-09-10 08:22:47.520778,2023-12-19 15:16:21.500033
288,891,session_288,2023-12-03 07:14:20.778315,2024-12-06 21:41:12.561027
289,433,session_289,2023-01-13 04:47:43.652558,2023-10-11 16:54:24.262511
290,486,session_290,2024-07-10 23:47:19.208973,2023-09-10 11:38:00.281494
291,640,session_291,2024-02-12 10:52:28.611441,2023-10-06 01:00:30.341033
292,434,session_292,2024-05-06 21:53:04.349706,2023-01-11 03:37:50.498756
293,834,session_293,2023-07-16 03:42:08.887802,2023-01-15 08:55:23.483053
294,838,session_294,2023-03-19 07:17:50.339072,2023-08-02 21:20:34.479154
295,196,session_295,2023-11-24 05:30:32.087421,2024-11-20 09:30:07.342565
296,445,session_296,2024-01-06 09:27:06.478762,2023-03-30 15:19:37.981391
297,327,session_297,2024-01-04 16:00:21.249515,2024-04-04 21:14:50.939173
298,449,session_298,2023-09-06 22:56:56.182753,2024-03-21 11:12:21.556250
299,204,session_299,2023-08-03 06:56:55.344227,2024-12-06 23:27:23.601983
300,569,session_300,2024-11-21 07:43:33.924420,2024-08-11 02:18:13.134015
301,988,session_301,2023-11-30 19:11:01.028667,2024-02-07 21:29:57.294042
302,795,session_302,2023-04-28 18:39:09.996378,2023-06-09 08:03:04.821557
303,578,session_303,2024-07-24 16:56:08.351833,2023-04-10 05:35:45.656559
304,889,session_304,2023-03-10 18:58:31.393171,2023-12-03 09:26:10.378807
305,980,session_305,2024-12-14 13:18:58.317990,2023-07-23 12:35:53.907211
306,249,session_306,2023-11-27 12:50:53.742464,2023-11-02 13:14:39.232899
307,530,session_307,2023-12-10 03:41:13.725782,2024-03-19 07:10:11.022750
308,618,session_308,2023-04-09 09:33:01.322246,2023-11-07 11:21:03.611506
309,510,session_309,2024-05-22 16:57:35.145115,2024-12-09 19:16:34.452975
310,369,session_310,2023-12-25 20:35:55.529947,2024-04-11 22:41:45.171066
311,870,session_311,2023-06-01 10:55:18.259665,2023-08-25 04:52:47.855936
312,227,session_312,2024-09-19 04:51:17.896022,2024-08-29 04:45:12.923685
313,577,session_313,2023-05-13 11:47:20.610858,2024-09-17 08:24:19.754496
314,475,session_314,2023-10-28 14:47:03.757135,2023-12-31 22:56:20.936962
315,346,session_315,2024-04-10 16:09:46.179303,2023-12-18 02:55:23.133414
316,389,session_316,2024-02-11 23:33:58.573440,2024-04-18 07:36:15.435835
317,485,session_317,2023-01-03 18:11:35.184002,2024-11-26 03:45:37.705213
318,274,session_318,2024-03-21 07:30:40.058618,2024-01-30 17:13:35.973538
319,279,session_319,2024-03-18 22:33:08.522251,2023-08-03 11:49:48.873065
320,454,session_320,2024-12-16 05:59:59.990036,2023-06-10 09:07:14.352401
321,957,session_321,2024-09-26 02:10:47.260074,2023-11-21 14:08:33.671206
322,995,session_322,2023-08-20 03:16:45.740527,2024-10-27 03:34:41.760245
323,956,session_323,2024-01-10 10:31:39.616887,2023-02-24 13:11:27.569042
324,335,session_324,2023-01-03 17:36:11.048738,2023-03-14 07:27:23.982811
325,448,session_325,2024-10-09 01:55:26.032269,2024-07-01 20:35:44.646114
326,585,session_326,2023-06-27 00:23:21.425075,2023-08-15 22:11:56.803053
327,515,session_327,2023-04-11 06:18:55.896483,2023-05-25 13:10:19.517311
328,364,session_328,2023-11-27 23:58:49.268979,2024-01-17 09:37:57.301558
329,24,session_329,2023-01-16 14:35:31.993572,2024-03-22 15:34:14.488770
330,1,session_330,2024-10-09 12:53:22.388964,2024-03-18 01:03:12.368808
331,19,session_331,2023-12-09 18:25:28.510192,2023-12-11 19:14:39.488921
332,469,session_332,2024-01-31 16:51:27.335447,2023-04-28 19:56:08.884280
333,887,session_333,2023-03-12 15:29:51.309595,2024-05-14 20:26:10.300832
334,734,session_334,2024-11-28 02:29:45.000271,2024-12-03 13:14:19.573111
335,171,session_335,2023-08-11 07:24:17.321630,2023-06-25 03:27:51.844702
336,717,session_336,2024-06-06 08:35:38.319575,2024-10-04 02:12:22.903532
337,662,session_337,2023-03-27 19:13:45.386361,2024-11-30 12:14:25.600127
338,675,session_338,2023-04-11 06:18:05.680458,2024-09-10 21:38:54.042682
339,104,session_339,2024-09-08 23:44:27.429678,2023-08-04 03:28:36.495002
340,135,session_340,2023-10-08 14:30:07.642269,2023-05-16 18:51:43.492997
341,75,session_341,2024-05-08 22:48:13.272978,2023-11-02 22:19:13.309650
342,783,session_342,2024-06-05 21:16:21.362798,2024-06-12 05:07:25.669471
343,96,session_343,2023-10-21 00:38:16.824001,2023-07-01 10:54:33.306537
344,315,session_344,2023-03-31 02:08:11.741702,2023-01-11 01:14:31.592400
345,329,session_345,2024-06-23 15:05:20.430879,2024-12-17 14:43:53.129185
346,340,session_346,2024-10-10 21:22:00.551517,2024-08-23 03:45:41.297912
347,489,session_347,2023-11-19 01:52:21.943268,2023-06-19 16:52:03.987962
348,275,session_348,2024-05-29 09:31:40.187437,2023-08-16 07:29:51.947392
349,486,session_349,2024-10-08 11:42:12.190231,2024-02-23 18:26:10.968140
350,54,session_350,2024-03-30 20:43:34.651193,2023-10-09 18:56:15.836744
351,900,session_351,2023-03-08 18:38:53.104622,2023-05-22 06:58:14.159280
352,92,session_352,2024-11-23 15:14:34.811334,2024-03-31 17:17:31.733521
353,632,session_353,2023-10-24 20:46:19.883990,2024-04-08 16:40:45.388567
354,327,session_354,2024-07-04 15:33:10.878441,2023-07-16 22:23:46.691196
355,821,session_355,2024-01-09 10:18:47.140207,2023-11-28 17:16:38.045209
356,655,session_356,2023-06-19 18:48:43.843369,2023-09-23 07:11:21.883769
357,92,session_357,2024-05-25 00:06:25.138976,2024-10-15 23:22:41.729183
358,636,session_358,2024-02-15 15:27:28.441237,2024-02-14 18:55:01.049643
359,273,session_359,2024-01-26 16:50:01.018402,2024-02-26 10:03:31.934455
360,896,session_360,2023-02-13 13:39:52.949271,2024-05-31 09:26:02.346745
361,485,session_361,2024-05-20 17:21:33.895648,2024-10-22 06:49:28.292861
362,542,session_362,2023-06-22 05:11:49.078273,2024-03-10 19:47:11.467400
363,98,session_363,2023-04-16 00:19:06.887105,2024-08-01 20:58:06.870876
364,992,session_364,2024-05-16 04:25:19.709834,2023-03-06 21:06:06.355753
365,109,session_365,2024-10-02 01:06:41.163082,2024-09-23 03:37:42.951576
366,601,session_366,2023-12-22 19:08:39.032309,2024-12-15 00:50:45.091459
367,818,session_367,2024-06-27 19:26:06.100707,2023-04-02 17:51:11.458818
368,336,session_368,2024-08-08 16:59:29.151327,2024-03-02 16:11:13.571588
369,435,session_369,2023-05-01 06:31:43.888971,2023-03-21 20:07:14.476812
370,165,session_370,2024-11-18 16:49:03.898169,2024-04-17 00:25:56.660840
371,628,session_371,2024-08-14 05:14:29.256113,2023-09-23 21:16:28.323240
372,345,session_372,2024-03-22 20:56:03.262212,2024-09-29 16:02:22.427518
373,460,session_373,2024-03-17 03:26:50.789680,2024-01-09 18:56:27.947330
374,932,session_374,2024-12-12 11:34:39.646525,2023-01-03 16:40:11.215908
375,357,session_375,2024-08-25 12:59:21.417316,2023-11-20 07:38:55.939639
376,321,session_376,2023-06-17 00:43:09.766660,2024-10-25 10:41:56.686872
377,390,session_377,2024-06-19 05:42:33.762086,2023-05-25 06:07:18.751929
378,110,session_378,2023-08-06 14:12:17.280558,2024-04-12 03:18:15.483991
379,83,session_379,2023-05-23 14:40:34.783329,2024-09-03 10:39:34.245304
380,666,session_380,2023-06-21 20:33:25.469183,2023-09-15 16:37:28.401616
381,453,session_381,2023-09-20 06:23:40.703186,2024-04-15 05:15:18.681638
382,420,session_382,2023-08-21 10:33:52.254653,2023-02-07 18:39:46.482878
383,719,session_383,2023-07-03 07:59:39.634412,2024-03-02 01:44:31.735553
384,761,session_384,2023-08-31 06:19:29.633397,2023-10-29 20:51:26.968419
385,302,session_385,2024-10-31 11:03:47.546128,2023-06-08 11:23:39.955811
386,669,session_386,2023-11-02 15:53:31.908633,2024-11-11 18:39:26.625374
387,13,session_387,2024-07-30 16:34:33.393701,2023-09-18 19:22:37.419119
388,942,session_388,2023-02-13 12:05:49.218543,2024-01-25 04:08:59.391201
389,242,session_389,2024-12-03 09:51:19.283341,2024-09-15 16:50:18.967509
390,956,session_390,2024-09-06 15:05:16.223990,2024-06-13 10:13:42.379452
391,199,session_391,2023-04-12 09:31:31.693506,2023-09-12 10:40:29.751543
392,563,session_392,2023-03-25 16:49:12.207747,2023-04-23 21:08:29.708095
393,796,session_393,2023-03-05 14:02:57.847454,2024-11-07 11:35:20.954095
394,532,session_394,2024-05-16 10:56:31.247514,2024-11-15 15:58:07.397179
395,728,session_395,2024-08-07 09:36:24.707825,2023-07-08 08:42:34.023885
396,799,session_396,2023-01-19 06:10:58.311365,2024-09-04 21:19:22.684401
397,518,session_397,2023-09-27 02:29:25.746892,2023-08-26 20:42:10.589647
398,978,session_398,2024-12-24 16:57:02.178968,2023-05-03 05:31:20.680220
399,377,session_399,2024-01-21 03:08:01.073985,2024-03-22 17:25:45.728159
400,80,session_400,2024-04-06 04:51:58.709823,2024-03-09 04:57:31.144322
401,849,session_401,2023-08-30 05:30:17.081324,2023-10-20 07:03:04.456772
402,209,session_402,2024-05-29 00:25:20.570081,2023-03-24 01:03:44.535945
403,606,session_403,2023-05-04 01:27:03.064369,2024-10-04 00:24:12.175260
404,793,session_404,2024-08-22 13:20:16.956550,2023-03-26 20:45:23.524702
405,95,session_405,2023-12-14 00:18:08.303986,2024-05-05 23:36:12.735785
406,937,session_406,2023-08-08 20:27:42.911689,2023-10-25 14:39:42.303166
407,505,session_407,2024-07-14 21:55:49.827760,2024-12-06 10:19:52.953035
408,664,session_408,2024-11-06 06:46:07.236766,2023-12-24 07:59:00.911928
409,506,session_409,2024-01-28 11:56:43.588207,2024-06-07 11:40:53.711127
410,998,session_410,2023-04-22 10:57:39.714070,2023-02-21 10:39:47.715643
411,177,session_411,2024-11-06 08:13:19.555991,2023-04-17 13:57:06.366256
412,151,session_412,2024-07-02 04:24:45.026702,2024-01-20 19:13:13.576962
413,568,session_413,2024-09-26 22:31:16.176612,2024-10-27 04:05:48.303792
414,755,session_414,2024-03-11 06:10:00.996936,2024-01-23 02:35:22.154717
415,367,session_415,2024-02-14 11:26:32.206430,2024-12-20 01:05:00.177859
416,861,session_416,2024-08-12 12:07:52.523457,2024-06-22 00:14:16.755935
417,374,session_417,2023-08-21 10:15:50.083047,2023-06-26 06:27:59.519477
418,4,session_418,2024-09-04 18:25:21.033332,2024-06-10 20:42:12.983464
419,482,session_419,2024-12-24 16:51:59.443555,2024-07-14 16:46:37.857803
420,144,session_420,2023-12-31 18:48:44.038246,2023-05-05 04:06:06.735797
421,985,session_421,2023-03-18 19:26:49.953858,2023-02-22 15:11:09.880667
422,818,session_422,2023-09-19 17:32:58.614223,2024-04-05 19:43:46.636033
423,310,session_423,2023-10-27 02:31:24.257833,2024-11-24 21:15:44.529572
424,93,session_424,2024-12-13 07:52:57.988501,2023-09-25 01:43:16.485788
425,453,session_425,2023-07-30 12:46:03.577237,2023-11-18 05:03:52.289780
426,422,session_426,2023-03-19 16:47:04.042835,2023-02-03 22:51:57.562159
427,221,session_427,2023-07-28 04:25:14.637723,2023-10-06 21:18:14.981434
428,1,session_428,2023-05-27 08:25:27.699968,2024-06-15 21:43:22.302097
429,356,session_429,2023-03-18 00:37:20.839948,2023-01-24 23:52:35.989945
430,26,session_430,2023-09-27 11:16:18.615312,2023-01-08 19:05:10.028479
431,704,session_431,2023-04-17 20:23:50.583157,2023-09-11 21:16:16.027665
432,338,session_432,2023-01-29 19:41:24.257078,2023-08-15 04:19:55.036393
433,99,session_433,2023-11-22 07:36:51.383557,2024-07-10 05:35:40.234501
434,469,session_434,2023-08-24 16:01:14.247491,2023-09-23 00:11:04.020103
435,382,session_435,2023-04-12 15:16:28.280973,2024-08-09 14:22:23.913565
436,424,session_436,2023-09-27 06:42:59.526253,2024-12-16 03:08:08.511584
437,508,session_437,2023-09-20 08:19:23.074314,2023-07-04 01:56:43.348451
438,723,session_438,2023-01-18 04:45:22.600879,2023-08-03 23:54:31.518716
439,396,session_439,2023-12-02 07:56:30.983552,2024-09-23 18:09:59.657424
440,383,session_440,2024-06-12 12:13:33.462164,2024-04-08 22:38:46.903113
441,365,session_441,2024-04-10 13:13:36.377479,2024-02-19 06:16:05.755924
442,917,session_442,2024-08-26 22:21:01.310250,2024-07-09 11:35:17.268504
443,846,session_443,2024-09-21 02:50:14.268529,2023-11-08 11:03:02.409913
444,83,session_444,2024-02-09 13:49:27.287456,2023-04-10 17:13:55.860409
445,523,session_445,2024-09-01 05:37:05.526107,2024-10-07 12:40:34.120347
446,655,session_446,2023-08-25 07:06:10.168140,2023-09-12 01:53:32.782255
447,851,session_447,2024-11-20 22:36:36.199339,2024-08-17 09:20:42.408751
448,755,session_448,2023-09-29 10:35:50.788910,2024-01-18 01:37:09.525736
449,942,session_449,2023-06-19 13:27:00.214720,2024-02-16 07:48:23.753707
450,147,session_450,2023-11-26 09:39:49.869877,2024-07-07 02:17:06.312183
451,342,session_451,2023-09-19 18:58:56.123594,2024-03-16 19:17:17.437005
452,678,session_452,2023-03-31 08:16:56.829482,2023-06-05 17:33:26.284529
453,524,session_453,2024-02-04 21:01:47.507983,2023-12-08 11:30:53.451515
454,636,session_454,2024-03-07 20:56:09.318107,2024-02-09 07:12:13.727491
455,797,session_455,2023-02-18 12:44:28.084668,2024-12-02 16:52:08.255342
456,573,session_456,2023-02-25 01:26:20.880538,2024-07-11 07:18:03.555652
457,944,session_457,2024-03-21 03:42:02.668267,2024-09-11 14:20:36.308051
458,533,session_458,2023-12-11 08:56:59.280406,2024-09-21 01:03:47.077802
459,75,session_459,2023-06-08 12:34:07.206549,2024-11-12 22:50:29.084751
460,864,session_460,2024-11-27 01:54:28.722078,2023-09-13 13:46:18.167868
461,142,session_461,2023-04-25 03:58:20.694205,2024-10-04 00:07:30.899151
462,634,session_462,2024-02-29 18:04:53.132606,2024-09-24 13:04:26.737780
463,754,session_463,2024-07-16 15:41:31.266046,2023-09-02 00:55:18.907719
464,385,session_464,2024-11-27 21:56:03.470634,2023-08-27 09:16:26.322286
465,795,session_465,2023-01-15 22:54:50.225839,2024-06-06 04:25:44.784597
466,370,session_466,2024-01-02 07:58:35.040535,2023-04-10 05:25:09.084071
467,463,session_467,2023-11-04 17:16:35.694807,2024-10-17 20:52:30.356478
468,869,session_468,2024-08-13 22:35:50.142706,2024-02-16 13:48:26.733106
469,3,session_469,2024-06-10 23:16:38.935231,2023-05-22 03:56:03.462268
470,745,session_470,2023-03-21 19:20:49.620444,2023-11-18 20:41:03.876482
471,589,session_471,2024-07-30 12:58:28.124049,2024-07-16 06:27:03.781102
472,483,session_472,2023-10-15 07:54:45.559025,2023-07-13 22:00:14.048969
473,253,session_473,2024-11-21 15:33:57.321807,2024-01-27 07:14:45.989847
474,133,session_474,2024-06-14 12:11:16.973603,2023-01-30 23:38:59.994403
475,35,session_475,2024-09-02 12:54:00.022614,2024-07-04 15:06:50.427406
476,507,session_476,2024-05-11 18:19:53.889755,2024-05-31 09:43:26.650534
477,277,session_477,2023-08-13 01:30:42.366069,2024-02-15 10:23:01.086503
478,628,session_478,2024-05-30 23:15:07.700634,2023-09-16 13:34:35.847610
479,266,session_479,2024-01-12 10:41:33.378683,2023-03-13 04:59:12.305689
480,302,session_480,2023-11-07 16:23:52.952825,2024-07-30 22:55:14.871909
481,14,session_481,2024-02-04 18:10:17.606626,2023-12-13 17:26:20.900316
482,953,session_482,2023-02-02 08:38:46.139019,2023-10-09 07:18:48.237030
483,229,session_483,2024-08-30 04:42:52.081383,2023-12-03 07:02:14.927507
484,375,session_484,2024-08-18 14:28:10.778662,2024-07-02 10:25:37.967141
485,85,session_485,2023-02-15 20:38:59.161983,2024-08-17 02:12:58.529421
486,999,session_486,2023-06-12 07:16:02.645926,2024-11-20 23:04:20.506383
487,111,session_487,2023-12-15 14:19:27.346552,2023-12-31 07:32:36.029710
488,68,session_488,2024-01-30 20:03:16.114857,2023-03-03 22:09:51.813049
489,304,session_489,2024-10-26 02:37:17.742454,2023-01-18 11:33:12.950301
490,633,session_490,2024-01-06 23:11:50.170147,2023-09-12 08:44:28.260823
491,607,session_491,2024-10-31 06:04:57.185085,2023-07-12 22:07:45.591516
492,706,session_492,2024-03-11 09:45:13.860736,2024-12-05 06:41:57.587847
493,107,session_493,2024-10-18 00:33:41.678645,2024-07-28 08:14:24.884131
494,753,session_494,2023-06-21 18:47:18.955410,2024-03-02 04:02:05.817486
495,299,session_495,2024-11-25 08:47:04.746823,2023-03-03 23:23:24.106678
496,427,session_496,2023-02-24 17:41:58.941354,2023-01-17 16:30:43.467959
497,727,session_497,2023-12-16 15:26:01.355804,2024-12-24 08:55:12.863278
498,557,session_498,2024-10-01 11:09:40.349988,2024-12-04 12:53:09.059577
499,382,session_499,2024-06-03 13:47:06.083710,2023-08-31 12:53:42.987154
500,470,session_500,2023-08-23 07:38:20.514143,2024-06-07 22:18:00.899605
501,443,session_501,2023-05-19 00:16:57.268745,2023-12-31 20:06:03.345693
502,551,session_502,2024-06-07 19:30:25.547747,2024-07-15 01:26:22.722094
503,953,session_503,2023-05-26 10:40:00.090285,2023-02-01 12:24:47.795326
504,83,session_504,2023-12-13 23:47:24.442716,2024-11-09 22:18:05.575651
505,971,session_505,2024-03-18 11:58:56.236850,2024-03-01 13:24:30.497294
506,725,session_506,2023-01-10 23:19:48.759469,2024-12-19 22:24:04.910265
507,176,session_507,2024-10-15 05:35:45.697562,2023-12-26 11:58:17.134903
508,740,session_508,2023-02-15 13:21:24.956979,2023-05-21 04:40:01.113148
509,400,session_509,2023-09-25 04:38:19.638163,2023-07-19 05:03:56.991943
510,93,session_510,2023-02-14 20:41:36.733471,2023-06-16 16:18:25.908603
511,127,session_511,2024-06-21 04:51:01.361970,2023-05-22 12:43:12.504425
512,429,session_512,2024-07-12 14:27:42.821412,2023-10-05 11:12:45.831281
513,214,session_513,2024-09-02 19:18:51.400826,2023-12-08 15:31:58.275878
514,865,session_514,2023-11-17 01:31:28.996300,2024-12-21 21:20:49.871012
515,198,session_515,2024-04-12 15:33:25.630845,2024-05-04 14:16:51.948566
516,525,session_516,2024-06-23 11:06:24.480402,2024-04-08 15:26:08.188532
517,740,session_517,2023-02-01 09:47:24.000632,2024-02-03 08:44:56.599058
518,950,session_518,2023-01-15 18:58:16.379822,2023-04-28 13:56:48.751237
519,418,session_519,2023-02-15 05:37:05.969086,2023-03-12 00:32:34.946060
520,72,session_520,2024-06-03 23:26:16.753713,2024-02-06 01:38:26.407062
521,225,session_521,2023-07-24 05:50:29.642447,2024-07-23 12:37:20.734034
522,650,session_522,2023-03-05 03:21:36.612944,2024-12-18 19:34:10.302098
523,599,session_523,2024-05-22 16:49:47.793346,2024-05-24 06:39:33.112371
524,903,session_524,2024-01-13 08:44:11.719248,2023-09-12 16:04:36.981343
525,79,session_525,2024-01-10 11:46:32.920633,2024-01-02 15:10:15.837943
526,403,session_526,2023-09-21 19:17:17.162297,2024-10-08 02:43:58.474531
527,988,session_527,2024-02-21 19:35:39.360492,2024-10-05 05:53:21.685613
528,861,session_528,2023-02-13 21:43:22.405360,2024-09-26 19:05:31.686888
529,905,session_529,2023-08-02 21:10:11.946669,2023-07-20 20:35:39.903895
530,409,session_530,2024-02-06 09:44:13.284412,2023-06-26 12:33:44.624858
531,585,session_531,2024-08-05 03:38:24.281313,2024-05-19 09:04:30.508852
532,84,session_532,2024-12-07 18:45:21.119591,2024-05-16 16:45:49.709039
533,294,session_533,2024-10-23 17:30:07.125326,2023-08-14 19:09:32.269605
534,407,session_534,2023-06-19 22:54:05.087292,2023-07-22 01:57:01.462374
535,507,session_535,2023-11-09 12:09:00.410458,2023-04-12 17:34:55.290200
536,567,session_536,2024-07-14 17:14:41.227751,2023-12-02 04:25:54.679039
537,532,session_537,2023-03-03 05:50:20.986849,2023-03-24 16:57:36.907649
538,126,session_538,2024-05-09 02:04:42.266850,2024-08-04 22:57:47.810767
539,828,session_539,2023-03-10 23:51:06.469938,2023-04-14 14:09:31.723873
540,314,session_540,2024-03-23 07:30:47.255180,2023-09-30 04:08:19.567743
541,807,session_541,2024-11-11 01:33:48.475291,2024-07-14 13:49:15.353626
542,336,session_542,2024-04-30 20:33:42.259476,2024-09-25 04:29:02.189637
543,433,session_543,2023-05-27 03:03:42.710679,2023-06-19 04:50:46.505985
544,571,session_544,2024-04-27 12:36:02.585036,2024-08-31 07:16:01.426250
545,555,session_545,2023-04-23 03:11:12.074537,2024-10-16 02:28:48.917410
546,465,session_546,2024-05-14 18:02:51.596693,2024-11-24 12:03:49.068867
547,460,session_547,2024-07-06 14:40:04.987582,2024-08-10 06:35:45.133406
548,505,session_548,2023-01-24 04:20:08.872913,2023-05-15 00:08:14.826101
549,504,session_549,2024-11-21 19:55:23.839026,2023-05-17 00:57:32.649691
550,589,session_550,2023-07-06 22:18:17.948408,2023-08-28 07:49:29.212165
551,607,session_551,2023-03-21 22:56:13.266789,2023-12-10 23:36:00.640378
552,235,session_552,2023-03-23 23:02:15.995343,2023-01-14 19:57:43.338487
553,214,session_553,2023-10-21 11:02:06.879310,2024-07-07 11:36:30.968188
554,307,session_554,2024-11-27 00:17:08.932629,2023-12-30 16:16:54.626662
555,672,session_555,2024-01-25 01:44:14.930610,2023-11-24 02:17:35.705348
556,791,session_556,2023-07-22 18:37:24.743989,2023-04-03 01:59:58.387762
557,548,session_557,2024-08-07 14:12:46.478428,2024-01-29 11:02:01.393240
558,805,session_558,2024-07-02 08:15:37.510203,2023-08-23 19:41:54.626959
559,262,session_559,2023-02-17 17:02:59.848757,2023-08-19 17:11:46.999545
560,782,session_560,2023-02-01 23:29:03.861094,2024-03-11 12:56:24.296845
561,850,session_561,2024-08-20 00:29:09.358228,2023-07-08 02:45:53.179409
562,991,session_562,2024-02-23 16:23:10.704650,2024-12-09 03:35:16.705253
563,663,session_563,2023-08-13 12:51:23.405298,2023-12-13 20:31:12.412692
564,481,session_564,2024-11-02 18:38:25.009607,2024-12-25 21:54:24.481626
565,123,session_565,2024-03-31 03:18:58.700529,2023-09-16 02:38:03.074627
566,707,session_566,2023-05-05 05:47:33.496313,2024-06-25 08:30:46.631148
567,762,session_567,2023-11-30 05:09:40.529919,2024-06-01 16:36:27.301201
568,239,session_568,2023-06-07 08:37:10.289252,2023-02-19 05:38:36.056893
569,295,session_569,2024-07-09 22:18:18.116207,2024-07-08 06:46:07.293087
570,68,session_570,2023-10-28 04:37:07.327882,2024-11-26 11:10:39.878417
571,334,session_571,2023-09-29 17:50:15.792397,2024-11-05 08:30:16.613071
572,862,session_572,2023-03-14 23:16:18.889535,2024-11-10 11:28:12.307081
573,521,session_573,2023-09-22 06:53:05.745139,2024-10-23 07:33:45.824300
574,714,session_574,2023-05-18 19:07:21.823320,2023-03-24 10:11:03.100521
575,747,session_575,2024-07-29 16:32:20.382191,2023-04-28 10:32:24.916558
576,151,session_576,2024-04-26 10:24:48.113398,2024-02-12 17:07:42.557818
577,340,session_577,2024-09-19 21:10:05.115664,2024-11-16 02:01:22.871765
578,345,session_578,2023-05-30 22:44:21.105497,2023-11-27 11:29:17.902756
579,499,session_579,2024-07-18 19:53:58.640826,2024-09-11 11:19:34.515252
580,593,session_580,2023-07-20 23:38:20.315104,2023-07-19 16:26:48.297565
581,566,session_581,2023-09-24 23:05:00.444577,2024-10-05 10:26:21.350254
582,997,session_582,2023-04-27 21:31:14.367103,2023-04-11 19:52:10.595741
583,725,session_583,2024-08-29 05:36:27.453613,2024-03-16 02:21:48.172547
584,607,session_584,2024-07-17 22:16:19.753066,2023-08-27 08:27:57.312326
585,320,session_585,2023-03-28 19:17:32.897711,2023-02-15 03:39:14.497418
586,602,session_586,2023-05-04 20:21:09.043224,2024-10-25 23:51:39.635580
587,142,session_587,2024-03-20 02:12:50.764660,2024-04-04 02:01:35.367817
588,659,session_588,2023-11-21 20:42:20.655642,2023-04-26 14:50:43.559246
589,717,session_589,2023-03-19 21:07:23.844630,2023-04-18 16:05:15.537202
590,681,session_590,2023-06-04 18:41:27.466153,2024-11-29 19:22:16.887720
591,523,session_591,2023-06-02 10:13:29.857795,2023-05-23 14:32:51.220562
592,69,session_592,2024-01-23 15:46:01.228794,2024-10-08 04:26:39.539490
593,655,session_593,2023-10-28 21:16:19.044068,2024-04-11 13:59:54.996640
594,314,session_594,2023-05-25 08:54:57.789541,2023-12-23 12:08:50.531088
595,398,session_595,2023-02-19 14:05:08.446259,2024-08-28 12:33:22.787295
596,741,session_596,2023-01-25 04:53:02.949138,2024-09-07 07:37:24.048937
597,700,session_597,2024-11-01 10:56:45.019133,2024-05-02 10:38:29.108493
598,388,session_598,2023-09-10 21:23:16.679406,2024-04-03 19:26:11.538775
599,584,session_599,2023-05-03 10:35:17.570367,2024-10-18 06:34:45.103204
600,46,session_600,2024-06-21 20:11:10.972680,2023-08-13 19:11:10.186855
601,950,session_601,2023-10-18 18:22:05.142490,2024-08-06 07:46:49.383364
602,17,session_602,2023-03-28 00:07:47.808055,2024-09-24 19:41:40.600301
603,218,session_603,2024-04-03 20:13:52.126574,2023-08-08 16:40:17.021307
604,151,session_604,2024-11-13 02:16:06.237314,2024-11-03 05:32:35.392146
605,962,session_605,2023-02-22 17:14:13.576758,2023-12-14 16:30:38.481073
606,988,session_606,2023-07-20 15:53:11.530531,2023-04-19 08:10:32.117767
607,276,session_607,2023-11-01 20:38:02.949675,2024-05-22 10:38:41.970101
608,844,session_608,2023-02-19 03:20:16.552506,2023-07-18 01:34:06.799126
609,171,session_609,2023-11-27 22:10:26.350225,2023-12-28 20:10:41.394214
610,164,session_610,2024-12-15 19:58:42.288626,2023-04-11 12:12:02.189814
611,75,session_611,2023-04-23 22:07:18.476481,2023-10-06 18:29:18.762966
612,389,session_612,2023-10-21 05:46:12.033814,2023-10-24 12:50:21.824126
613,64,session_613,2024-09-10 02:14:47.771633,2023-09-20 16:58:58.388269
614,904,session_614,2024-10-14 19:31:48.017089,2023-03-19 00:41:45.713801
615,421,session_615,2023-10-09 01:47:04.864841,2023-10-25 22:06:56.191667
616,784,session_616,2023-08-12 17:21:25.085734,2023-11-29 16:52:57.374082
617,586,session_617,2023-08-30 01:51:49.491141,2024-10-07 03:28:12.030007
618,426,session_618,2023-12-04 11:54:40.487428,2023-04-26 02:28:15.211568
619,73,session_619,2023-08-24 01:34:50.065154,2023-01-20 03:12:52.501374
620,41,session_620,2024-04-20 07:11:29.119815,2024-09-06 06:34:21.219772
621,656,session_621,2023-08-21 13:21:33.757198,2024-11-03 04:28:06.451143
622,65,session_622,2024-07-22 07:09:08.530452,2024-01-22 08:00:23.921702
623,550,session_623,2024-09-14 03:28:48.824368,2023-10-26 18:57:21.071932
624,621,session_624,2024-06-08 07:13:32.853340,2024-09-19 08:35:10.882579
625,650,session_625,2024-01-13 00:34:41.462201,2023-07-16 06:16:24.994684
626,659,session_626,2024-09-09 05:53:54.139737,2024-03-10 08:16:13.077486
627,968,session_627,2024-01-09 16:59:11.957978,2024-11-18 00:16:53.520991
628,873,session_628,2023-11-08 05:02:52.454560,2024-03-05 04:32:44.818979
629,412,session_629,2024-10-06 21:50:36.597407,2024-02-21 10:26:46.881606
630,361,session_630,2024-11-15 19:26:25.758217,2023-06-09 22:23:56.858539
631,38,session_631,2023-01-23 05:32:29.185592,2024-01-09 14:13:56.235768
632,588,session_632,2023-01-30 07:03:37.354258,2024-02-02 02:43:07.899351
633,91,session_633,2024-06-28 03:20:56.936556,2023-08-14 22:42:13.418925
634,631,session_634,2024-02-26 09:26:29.552660,2023-10-18 14:09:13.917847
635,205,session_635,2024-01-29 04:01:46.919000,2023-02-20 00:24:34.315016
636,850,session_636,2024-08-27 13:22:34.945070,2023-10-29 22:00:11.530705
637,941,session_637,2023-01-06 11:59:41.168385,2023-09-07 20:30:02.951643
638,936,session_638,2023-10-30 12:35:15.409241,2024-08-30 10:02:50.760588
639,527,session_639,2023-03-21 00:44:39.880004,2023-04-20 23:45:32.675918
640,141,session_640,2024-08-04 16:53:28.179926,2024-02-19 00:27:51.364503
641,171,session_641,2024-06-02 08:23:24.453890,2024-04-05 19:21:08.645890
642,453,session_642,2024-08-21 12:32:08.482299,2024-09-07 03:10:32.679311
643,985,session_643,2023-11-28 07:43:39.399734,2023-11-06 07:00:03.007617
644,413,session_644,2024-05-26 14:48:41.429079,2023-05-10 15:51:58.718035
645,596,session_645,2024-11-20 11:37:11.077972,2024-11-15 03:29:44.895212
646,302,session_646,2023-08-20 23:54:11.169794,2023-04-21 18:09:08.809727
647,330,session_647,2023-05-17 15:25:34.689594,2023-02-12 17:23:03.033345
648,626,session_648,2024-10-27 03:51:47.234755,2024-01-19 18:19:11.750947
649,451,session_649,2024-11-13 05:43:56.207883,2024-12-26 13:20:27.376457
650,92,session_650,2023-05-26 19:33:48.331812,2024-08-10 19:07:05.818379
651,267,session_651,2023-04-06 16:53:36.248703,2024-07-22 03:06:28.762570
652,405,session_652,2024-06-26 12:35:40.079065,2023-08-21 00:56:42.400640
653,731,session_653,2023-06-23 01:04:30.561940,2023-06-07 13:40:02.713522
654,287,session_654,2024-01-24 20:32:53.136148,2024-04-13 02:52:03.224502
655,850,session_655,2024-06-14 21:59:04.617391,2023-07-31 13:43:03.091629
656,12,session_656,2024-05-14 13:52:39.913778,2023-09-07 14:37:06.988180
657,465,session_657,2023-04-21 02:01:14.190085,2023-03-15 13:30:28.824206
658,1,session_658,2024-06-12 03:44:38.025672,2023-02-01 13:29:24.447686
659,244,session_659,2024-05-13 04:34:14.340707,2024-11-08 15:27:10.240457
660,455,session_660,2023-10-11 07:04:24.435022,2023-11-01 09:03:36.118318
661,794,session_661,2024-04-13 19:53:27.305573,2023-11-02 09:37:23.249755
662,147,session_662,2023-07-26 01:42:20.112763,2023-09-03 04:08:57.949010
663,428,session_663,2023-01-28 06:41:09.085835,2024-11-28 14:05:51.921253
664,603,session_664,2023-10-11 20:25:55.489864,2024-11-29 19:40:31.604650
665,558,session_665,2024-01-03 09:16:50.228770,2024-09-15 18:10:21.036528
666,176,session_666,2024-02-13 17:16:04.966673,2023-11-09 00:18:14.176154
667,107,session_667,2024-08-03 23:06:17.370659,2024-11-17 21:51:47.875479
668,737,session_668,2024-02-12 13:46:33.813785,2024-02-01 13:43:20.779168
669,121,session_669,2023-01-14 06:42:26.668087,2024-03-25 03:58:04.649786
670,707,session_670,2024-07-14 22:28:28.693643,2023-05-04 13:25:06.816603
671,381,session_671,2024-04-29 12:53:39.167761,2024-06-29 22:02:11.765517
672,556,session_672,2024-10-18 03:37:22.550673,2023-06-08 16:53:44.409168
673,855,session_673,2024-11-15 05:08:12.242998,2024-08-08 13:47:39.085492
674,78,session_674,2023-10-14 03:49:22.339000,2023-02-18 22:08:34.219934
675,989,session_675,2023-05-28 21:54:58.711303,2023-08-24 20:34:52.143235
676,562,session_676,2024-02-02 22:34:05.774230,2023-04-29 13:25:40.101045
677,533,session_677,2023-10-21 22:21:24.956599,2023-02-06 13:45:27.777181
678,406,session_678,2023-12-13 22:27:18.583647,2024-09-07 14:35:20.016736
679,512,session_679,2023-09-13 12:13:43.709096,2024-04-21 04:39:25.818857
680,194,session_680,2024-10-16 02:09:50.023629,2023-01-19 05:44:31.150001
681,702,session_681,2023-07-12 10:29:22.267892,2023-01-27 02:25:03.067929
682,348,session_682,2023-10-03 09:02:20.432939,2023-04-04 12:45:29.471661
683,330,session_683,2024-01-09 10:27:40.872414,2023-05-15 07:20:57.783918
684,844,session_684,2023-05-23 11:05:41.933417,2024-12-11 21:06:18.725798
685,311,session_685,2023-03-04 05:36:05.695861,2023-06-27 19:13:54.260865
686,481,session_686,2024-07-03 05:30:47.539312,2023-01-22 01:36:47.675034
687,413,session_687,2024-08-21 04:49:20.748406,2023-09-23 02:28:46.771852
688,53,session_688,2024-08-23 17:20:52.272162,2023-07-24 19:23:26.779171
689,969,session_689,2024-07-24 09:09:47.799192,2024-12-14 06:41:19.905275
690,707,session_690,2023-12-26 10:21:46.373165,2023-01-12 12:56:46.515595
691,277,session_691,2023-01-04 22:03:50.287418,2023-01-29 03:37:37.041345
692,163,session_692,2023-10-21 19:09:13.188945,2024-10-06 12:21:31.926233
693,592,session_693,2024-04-07 12:26:13.937999,2024-01-05 15:22:23.842089
694,712,session_694,2023-08-08 02:45:21.891742,2023-05-24 01:15:51.388454
695,296,session_695,2023-07-19 19:51:45.535271,2024-02-29 04:04:40.152972
696,845,session_696,2024-01-08 00:30:57.415985,2023-11-08 06:53:25.039673
697,24,session_697,2024-08-29 01:48:10.692320,2024-07-07 19:25:45.077829
698,622,session_698,2023-01-18 17:09:34.267884,2023-01-02 13:15:45.535839
699,927,session_699,2023-04-19 07:45:21.571529,2023-11-22 02:05:49.423756
700,407,session_700,2024-04-22 01:16:53.792628,2024-07-01 10:20:13.509417
701,341,session_701,2024-07-07 07:28:03.161208,2024-06-09 01:24:44.293900
702,713,session_702,2024-09-12 05:19:53.079952,2023-08-20 12:22:18.335458
703,519,session_703,2024-10-28 12:33:50.343863,2024-11-12 16:37:29.189359
704,817,session_704,2023-10-19 08:31:14.141683,2024-06-17 11:27:36.216142
705,7,session_705,2023-12-20 06:22:59.226457,2024-03-03 08:22:05.719610
706,670,session_706,2024-11-10 14:40:41.796551,2024-03-09 23:30:45.425468
707,936,session_707,2023-04-23 05:47:30.416882,2024-07-22 16:48:07.350890
708,594,session_708,2023-12-28 20:26:37.206266,2024-03-06 11:35:25.772220
709,789,session_709,2024-11-20 17:22:20.862124,2023-05-23 04:54:01.158172
710,788,session_710,2024-03-20 13:03:21.585047,2023-07-07 04:52:22.074727
711,336,session_711,2023-12-15 11:35:41.027382,2024-09-16 08:41:20.334602
712,486,session_712,2023-12-12 09:34:06.161959,2023-02-09 09:44:40.974084
713,99,session_713,2024-08-11 12:30:05.446174,2024-01-06 11:05:07.269027
714,608,session_714,2023-11-21 22:02:56.507728,2023-01-11 07:22:49.494370
715,654,session_715,2023-05-02 06:10:02.021882,2024-04-25 02:56:11.344434
716,418,session_716,2023-03-16 22:49:06.064353,2023-01-22 05:00:52.779644
717,879,session_717,2024-01-07 15:57:29.734411,2023-01-12 00:11:33.037666
718,627,session_718,2023-12-14 06:05:51.300448,2023-07-07 20:08:44.099331
719,844,session_719,2024-05-27 16:42:10.469113,2024-03-23 07:45:54.065610
720,693,session_720,2024-10-21 22:33:28.093368,2023-12-29 16:47:38.773931
721,847,session_721,2023-08-14 06:38:26.657780,2023-11-07 21:32:54.549581
722,558,session_722,2024-12-13 22:46:45.389787,2024-12-30 20:58:36.606820
723,962,session_723,2024-02-29 04:17:23.866485,2024-08-31 01:37:46.649092
724,297,session_724,2023-04-09 14:28:10.827246,2024-10-26 12:37:27.358741
725,421,session_725,2024-10-27 21:22:43.178041,2023-07-23 21:14:36.165947
726,591,session_726,2023-11-16 03:24:08.970577,2024-09-08 02:53:42.512069
727,640,session_727,2024-12-04 19:10:44.947692,2023-01-03 03:48:04.377055
728,92,session_728,2024-11-23 19:52:10.487397,2024-03-20 08:33:11.063546
729,889,session_729,2023-05-25 07:04:51.062766,2023-07-11 05:54:17.677033
730,31,session_730,2024-01-27 23:57:03.487002,2023-05-06 11:55:25.787643
731,417,session_731,2024-04-19 13:18:55.949319,2024-12-19 14:24:52.057324
732,581,session_732,2023-10-18 04:59:05.525805,2023-09-15 05:16:42.558128
733,10,session_733,2023-11-11 15:26:24.853117,2023-11-06 08:41:18.582830
734,326,session_734,2023-02-14 06:23:58.493829,2023-03-24 08:30:23.666837
735,471,session_735,2023-09-08 17:15:33.601605,2023-09-16 22:29:30.682059
736,371,session_736,2024-12-30 11:29:00.156965,2023-03-01 09:06:37.274391
737,486,session_737,2023-12-06 15:00:39.953148,2023-05-07 04:36:32.769409
738,60,session_738,2023-10-02 10:39:11.530047,2023-12-05 17:01:57.373127
739,565,session_739,2023-06-03 20:11:21.241612,2024-05-31 11:29:10.136360
740,911,session_740,2023-06-14 23:33:21.890017,2023-06-20 10:17:12.453115
741,117,session_741,2024-04-05 22:03:09.236568,2024-02-12 02:01:01.660620
742,339,session_742,2024-05-04 01:43:08.708266,2024-04-26 20:03:27.889483
743,719,session_743,2024-01-25 09:27:02.279642,2023-11-03 19:29:29.191272
744,295,session_744,2024-08-15 09:13:30.005402,2023-04-18 13:52:57.808523
745,233,session_745,2024-01-24 22:27:07.573105,2024-07-27 09:25:53.035476
746,906,session_746,2023-08-09 07:18:03.174045,2024-04-28 06:02:24.294526
747,650,session_747,2023-09-22 01:14:12.029829,2023-02-14 08:14:53.991889
748,797,session_748,2024-10-25 11:01:22.278422,2023-09-13 19:21:27.305728
749,920,session_749,2023-08-06 17:55:31.599064,2024-08-28 18:56:56.039870
750,367,session_750,2023-08-21 17:54:18.657960,2024-06-03 23:49:35.253658
751,600,session_751,2024-10-17 05:32:48.034032,2023-02-28 13:16:33.980709
752,962,session_752,2023-08-23 08:32:27.870147,2023-06-03 18:13:01.460268
753,439,session_753,2023-06-02 20:55:10.349082,2023-11-29 10:22:18.484303
754,430,session_754,2023-06-16 00:13:55.530203,2024-02-21 17:44:12.512155
755,213,session_755,2023-08-03 14:32:42.831870,2024-08-11 22:34:14.919735
756,234,session_756,2024-02-19 03:12:36.649056,2023-04-08 14:29:28.745476
757,566,session_757,2023-03-14 23:21:16.155287,2024-02-05 03:22:54.591671
758,247,session_758,2023-09-03 14:48:27.838551,2023-04-22 03:44:47.205459
759,444,session_759,2024-07-10 03:39:51.149351,2023-01-20 13:33:27.180502
760,348,session_760,2024-07-20 18:05:37.242583,2024-05-28 18:47:09.908249
761,539,session_761,2024-09-23 22:12:33.063612,2024-06-14 03:40:52.028336
762,978,session_762,2023-09-13 05:25:41.098116,2024-05-21 23:36:42.638793
763,621,session_763,2023-05-08 08:14:20.323099,2023-09-17 18:31:33.109361
764,295,session_764,2024-08-30 11:12:10.522635,2023-06-27 15:59:00.890613
765,789,session_765,2023-12-15 03:43:20.954571,2024-02-22 21:17:09.304266
766,947,session_766,2023-08-02 15:00:16.275464,2023-10-14 22:29:50.959022
767,556,session_767,2023-05-27 04:49:41.638024,2024-01-15 19:33:17.169406
768,643,session_768,2023-02-10 17:42:00.539166,2023-04-12 01:20:57.009293
769,701,session_769,2023-09-08 09:48:24.746735,2023-08-14 21:59:13.584203
770,70,session_770,2024-03-20 03:10:16.145004,2024-05-29 06:42:56.036473
771,244,session_771,2024-01-07 09:09:37.228084,2024-07-31 06:55:34.753350
772,122,session_772,2024-04-06 00:23:44.284342,2023-04-28 02:14:12.333976
773,956,session_773,2023-04-11 16:01:29.318137,2023-11-01 04:30:04.803539
774,686,session_774,2024-12-12 04:46:52.394050,2024-07-27 01:05:41.527045
775,104,session_775,2024-01-08 01:37:11.918440,2023-12-06 15:01:23.134493
776,940,session_776,2023-01-08 16:48:26.380473,2023-12-23 11:22:08.798441
777,110,session_777,2023-07-13 04:45:48.480504,2023-10-24 12:55:25.957829
778,306,session_778,2023-05-07 01:36:35.878559,2023-07-05 17:09:32.776293
779,884,session_779,2024-03-07 17:06:08.873058,2023-08-22 02:54:22.455618
780,610,session_780,2024-02-19 00:26:09.345107,2023-04-29 09:04:12.222609
781,548,session_781,2024-05-14 03:25:57.857896,2024-08-25 19:35:07.336376
782,591,session_782,2023-04-08 14:53:40.985968,2024-11-17 15:11:17.696011
783,15,session_783,2024-03-27 15:07:24.228901,2023-01-19 18:55:33.752131
784,186,session_784,2024-01-08 18:14:57.148631,2023-01-04 14:02:54.843259
785,477,session_785,2024-12-01 21:21:11.794647,2023-06-18 06:20:09.449251
786,994,session_786,2023-07-30 11:30:15.254076,2023-10-30 04:40:14.384158
787,270,session_787,2024-06-02 16:06:32.539432,2023-10-13 17:26:43.197224
788,640,session_788,2024-02-19 22:42:39.537302,2023-05-31 19:42:22.177599
789,373,session_789,2024-06-22 23:08:54.015706,2024-02-09 12:41:26.598531
790,714,session_790,2023-12-14 04:37:19.301416,2023-08-29 19:31:19.452376
791,479,session_791,2023-01-16 04:09:54.954081,2023-12-23 22:20:53.423639
792,291,session_792,2023-10-12 11:09:32.503625,2024-05-17 01:18:23.961990
793,3,session_793,2024-06-02 16:39:01.065742,2023-12-20 21:41:46.746354
794,994,session_794,2024-04-05 02:05:24.450097,2023-10-31 17:54:38.651627
795,953,session_795,2023-03-30 11:13:20.228405,2023-06-01 12:51:38.945911
796,941,session_796,2023-11-11 19:02:34.976998,2023-04-01 02:44:14.391741
797,15,session_797,2023-03-16 19:34:15.810474,2024-06-05 18:04:21.176239
798,37,session_798,2023-12-13 10:48:09.377639,2024-03-10 18:53:23.710994
799,269,session_799,2023-03-02 18:22:35.856498,2024-09-30 11:27:51.612327
800,90,session_800,2023-04-20 23:57:20.257846,2024-12-28 12:35:18.138315
801,674,session_801,2023-10-04 20:50:35.308081,2023-09-01 23:27:01.986870
802,141,session_802,2023-05-06 05:01:07.327802,2024-05-26 01:11:31.932792
803,881,session_803,2024-09-04 00:05:27.011516,2024-02-17 20:33:39.678203
804,179,session_804,2024-12-22 02:34:40.465469,2024-09-27 15:31:45.938291
805,687,session_805,2023-03-02 20:35:40.480526,2024-01-07 14:49:06.592058
806,178,session_806,2023-04-05 18:27:17.556814,2023-04-17 05:39:38.851339
807,467,session_807,2023-08-22 03:10:58.329959,2024-08-28 16:21:20.937587
808,719,session_808,2024-04-08 13:09:46.427789,2024-10-31 01:42:14.678810
809,537,session_809,2023-11-07 09:52:36.708216,2024-10-11 14:32:31.484883
810,525,session_810,2023-09-23 01:17:15.326486,2024-06-11 15:15:28.358076
811,919,session_811,2023-11-04 07:16:31.045936,2024-10-27 21:58:33.449606
812,287,session_812,2024-06-28 12:19:25.046780,2023-11-06 13:22:47.789944
813,258,session_813,2023-09-17 10:45:47.222619,2024-04-27 02:56:26.592215
814,647,session_814,2023-12-24 20:43:59.785135,2024-09-22 11:59:00.544086
815,649,session_815,2024-05-04 09:03:15.710581,2024-09-26 12:14:38.975721
816,265,session_816,2024-04-07 04:52:29.314589,2024-01-01 13:09:48.119084
817,679,session_817,2023-10-01 08:49:36.465372,2024-01-06 11:15:39.440082
818,700,session_818,2024-09-04 23:49:56.386297,2023-10-14 00:15:18.629198
819,165,session_819,2023-12-23 12:27:59.437003,2024-09-21 01:01:42.145333
820,622,session_820,2024-07-13 21:31:30.086329,2024-07-07 02:35:31.869145
821,735,session_821,2023-02-19 08:09:06.312169,2023-03-23 18:24:46.219000
822,752,session_822,2023-02-13 06:43:14.749348,2023-10-29 11:18:04.273934
823,481,session_823,2024-06-19 11:52:34.032769,2024-05-14 03:55:15.044458
824,708,session_824,2024-11-05 12:40:02.262223,2023-12-24 00:47:54.480304
825,449,session_825,2023-05-10 01:43:49.058255,2023-03-12 17:17:00.815060
826,537,session_826,2024-09-12 05:48:28.515383,2023-04-05 18:53:32.636372
827,886,session_827,2023-02-04 07:00:24.447383,2024-04-24 14:20:36.059971
828,275,session_828,2024-12-16 08:55:34.331296,2023-07-20 01:38:15.864188
829,554,session_829,2024-06-13 03:12:29.022848,2023-09-29 10:03:57.757141
830,974,session_830,2024-01-03 23:51:06.310383,2024-10-26 14:29:54.454546
831,842,session_831,2023-03-15 11:49:50.198503,2024-03-09 18:05:53.330193
832,265,session_832,2024-02-25 03:19:29.243557,2024-04-24 15:33:19.546203
833,410,session_833,2024-06-29 07:11:14.429717,2024-06-12 22:07:26.337321
834,221,session_834,2024-12-23 17:49:18.888856,2023-12-14 15:53:52.444113
835,405,session_835,2024-12-15 01:01:07.059298,2023-09-14 17:53:15.177510
836,74,session_836,2024-11-08 02:43:16.243005,2024-01-20 13:23:22.397348
837,757,session_837,2023-07-23 02:12:47.851749,2023-02-10 06:18:30.308177
838,817,session_838,2023-12-07 11:34:15.115029,2024-08-21 12:58:02.227354
839,584,session_839,2024-09-03 11:05:07.875976,2023-04-01 04:45:32.823214
840,853,session_840,2024-08-21 03:29:58.189760,2023-01-31 12:33:51.317298
841,317,session_841,2023-12-14 02:04:36.429536,2023-08-21 22:12:35.939686
842,938,session_842,2023-10-04 09:24:47.318863,2023-04-28 19:33:49.936982
843,10,session_843,2023-12-06 15:29:24.713397,2024-01-29 09:59:23.621513
844,105,session_844,2023-02-15 16:05:36.564495,2023-03-19 17:58:16.781085
845,53,session_845,2024-07-27 08:25:28.695634,2023-01-17 01:18:17.677924
846,992,session_846,2023-08-02 22:03:33.314698,2024-12-12 19:07:48.180237
847,307,session_847,2024-06-09 20:54:22.574025,2023-06-14 13:15:30.623709
848,496,session_848,2024-10-18 12:23:49.807712,2024-10-01 17:19:15.853775
849,842,session_849,2024-03-27 22:10:26.467284,2023-04-11 22:38:07.098330
850,43,session_850,2023-12-04 22:08:24.377481,2023-04-08 15:29:36.031368
851,881,session_851,2024-12-07 17:44:30.376429,2024-06-30 06:17:25.528106
852,293,session_852,2024-09-24 10:26:24.871945,2024-02-28 23:43:07.222299
853,646,session_853,2024-07-27 11:12:21.123054,2024-11-23 23:27:48.750849
854,958,session_854,2023-08-19 13:21:50.452011,2024-02-10 19:57:05.745868
855,557,session_855,2024-07-18 10:58:25.833552,2023-05-25 23:37:02.924457
856,347,session_856,2024-03-23 02:01:23.203618,2023-05-14 01:40:41.551263
857,709,session_857,2023-03-16 21:56:18.723340,2024-12-15 20:00:06.132123
858,589,session_858,2023-10-13 14:38:28.149928,2024-02-12 09:31:49.697986
859,26,session_859,2024-10-25 18:01:09.697977,2023-01-26 13:02:48.799869
860,961,session_860,2024-09-08 11:34:01.485539,2024-09-29 14:15:45.354025
861,331,session_861,2023-12-03 15:49:00.872040,2023-08-03 12:11:40.997081
862,169,session_862,2024-01-23 23:02:05.979174,2023-08-11 18:11:37.486639
863,219,session_863,2023-09-13 10:01:08.047357,2024-04-18 16:56:29.179794
864,925,session_864,2023-12-10 06:50:56.598008,2024-10-15 15:57:30.658368
865,599,session_865,2024-11-21 14:18:06.496251,2023-08-18 00:09:23.792914
866,926,session_866,2023-12-17 11:56:14.740580,2023-05-30 03:04:20.491207
867,828,session_867,2024-07-01 03:31:48.614554,2023-10-25 06:46:25.567548
868,91,session_868,2023-07-09 02:35:28.719748,2023-07-18 07:15:20.676589
869,978,session_869,2024-02-22 22:29:48.867426,2023-09-26 09:37:37.121814
870,232,session_870,2023-02-10 15:49:45.308032,2024-05-30 05:50:46.147114
871,285,session_871,2023-10-03 07:13:34.694492,2023-01-29 15:50:03.578526
872,429,session_872,2024-07-13 15:39:58.590396,2023-08-12 01:50:23.118599
873,343,session_873,2024-01-09 19:02:46.097701,2024-09-17 11:26:04.688915
874,468,session_874,2023-08-08 20:09:44.960252,2024-03-28 07:14:36.101271
875,401,session_875,2024-03-01 09:53:40.198831,2023-06-06 08:48:24.647218
876,413,session_876,2024-06-06 03:24:21.133798,2024-06-24 04:07:49.923237
877,618,session_877,2024-02-29 08:01:12.162963,2024-12-30 17:22:01.952548
878,15,session_878,2023-10-06 17:22:59.567803,2023-12-22 22:35:21.098521
879,643,session_879,2023-11-23 21:36:04.898073,2023-11-27 00:54:06.801726
880,54,session_880,2024-01-31 03:30:35.666262,2023-07-10 14:54:47.797546
881,747,session_881,2023-11-27 10:40:50.183001,2023-11-27 13:40:35.065577
882,549,session_882,2023-08-06 07:19:40.857600,2024-10-28 19:25:19.218260
883,482,session_883,2023-02-15 11:24:33.584437,2024-07-23 16:43:31.814994
884,546,session_884,2023-11-08 10:58:59.650862,2024-11-18 13:34:05.963174
885,357,session_885,2023-09-12 22:39:16.585047,2024-07-05 10:35:18.830097
886,945,session_886,2023-09-26 16:29:53.312577,2024-01-12 20:19:37.212864
887,865,session_887,2023-09-14 16:16:10.279853,2024-08-28 00:33:10.665754
888,17,session_888,2023-12-05 18:45:45.306406,2023-02-17 05:23:32.555938
889,917,session_889,2023-02-17 05:28:36.473334,2024-09-15 15:53:33.513860
890,869,session_890,2023-12-08 21:32:56.243468,2024-05-08 22:44:07.322551
891,84,session_891,2023-09-22 08:38:30.921977,2024-03-17 12:08:49.446651
892,104,session_892,2023-02-20 08:54:23.257863,2023-11-24 13:29:26.322376
893,306,session_893,2024-04-16 07:11:31.198610,2024-01-07 17:53:30.281963
894,812,session_894,2023-10-08 21:32:00.908728,2023-06-18 04:23:29.240781
895,586,session_895,2023-01-19 01:35:00.101487,2023-02-18 11:15:47.023783
896,312,session_896,2024-11-05 03:13:12.403857,2024-06-14 08:35:02.016722
897,622,session_897,2023-06-13 06:24:21.313412,2024-07-15 02:05:54.005886
898,723,session_898,2024-12-28 07:09:35.706325,2024-08-07 15:23:29.446670
899,54,session_899,2023-09-26 13:58:30.305958,2023-06-22 13:10:04.236507
900,630,session_900,2024-05-21 10:11:50.430255,2024-12-13 11:51:12.046172
901,79,session_901,2024-11-17 17:51:57.856025,2023-09-24 03:21:36.862766
902,309,session_902,2023-04-16 00:59:00.761845,2024-08-22 00:20:10.820048
903,927,session_903,2023-01-17 12:27:28.002350,2023-12-19 06:47:16.393675
904,632,session_904,2023-12-16 09:11:59.207180,2024-06-26 16:12:16.652184
905,48,session_905,2023-01-15 05:16:35.286512,2023-06-22 03:15:37.780356
906,540,session_906,2023-12-11 04:42:19.420260,2023-07-03 21:02:10.058193
907,591,session_907,2024-01-09 12:23:53.675407,2024-06-27 06:31:59.247073
908,581,session_908,2023-06-02 22:57:07.415051,2024-08-03 08:27:40.892572
909,959,session_909,2024-11-21 10:12:21.734553,2024-06-16 01:30:35.326993
910,193,session_910,2023-05-18 04:00:14.187260,2023-11-26 22:14:24.304883
911,920,session_911,2024-12-23 01:16:55.179537,2023-11-20 09:25:14.995832
912,400,session_912,2024-10-01 13:55:12.667405,2023-07-19 04:13:19.865122
913,365,session_913,2024-03-22 12:56:40.686095,2023-07-05 16:31:57.544418
914,37,session_914,2024-02-07 06:18:42.991269,2024-09-26 18:18:01.323585
915,832,session_915,2024-09-18 03:14:47.475143,2024-06-11 06:18:32.091186
916,387,session_916,2023-12-03 07:54:19.474060,2023-02-28 12:01:19.585247
917,447,session_917,2023-06-23 09:29:27.794562,2023-10-20 12:37:21.750981
918,642,session_918,2023-03-17 07:53:37.999926,2023-05-01 11:53:24.361457
919,536,session_919,2023-11-17 01:15:23.532524,2023-02-03 10:21:36.805350
920,825,session_920,2023-07-10 08:53:04.957936,2024-04-28 20:41:52.574441
921,871,session_921,2024-01-30 15:29:46.713614,2024-05-03 05:51:33.291699
922,944,session_922,2024-12-15 11:06:36.214679,2024-03-27 17:50:19.950373
923,629,session_923,2023-11-03 08:08:41.467821,2024-08-04 05:48:58.404349
924,184,session_924,2024-12-04 13:50:20.687100,2023-08-12 18:35:19.543729
925,254,session_925,2023-06-13 17:05:19.072232,2023-10-04 19:10:10.343687
926,366,session_926,2023-05-21 18:46:26.685478,2023-02-12 11:31:28.416785
927,217,session_927,2024-10-22 06:56:47.156626,2023-07-25 09:15:07.816538
928,626,session_928,2024-10-22 01:52:01.034176,2023-12-30 12:50:37.806123
929,22,session_929,2023-09-11 07:42:58.963408,2024-05-28 17:10:50.798629
930,11,session_930,2023-06-25 11:49:18.852418,2023-08-17 10:19:32.792357
931,412,session_931,2023-11-25 11:29:15.233975,2023-09-17 06:34:56.538425
932,493,session_932,2024-11-02 08:52:55.127803,2023-11-21 22:09:01.671586
933,872,session_933,2024-06-02 00:57:24.009618,2024-03-05 16:00:21.984824
934,630,session_934,2024-06-02 00:49:20.796414,2023-03-11 23:57:55.012445
935,117,session_935,2024-12-07 15:13:35.313152,2023-06-28 21:08:34.484863
936,77,session_936,2024-02-07 22:53:54.982356,2024-03-18 13:00:41.907577
937,519,session_937,2023-05-22 18:06:18.770599,2023-11-28 01:32:34.586960
938,862,session_938,2024-11-19 04:34:21.522644,2024-04-18 20:16:38.086591
939,20,session_939,2024-03-03 03:17:08.368541,2023-05-29 20:16:45.918029
940,120,session_940,2024-02-17 15:47:50.105332,2024-12-05 06:55:29.638104
941,356,session_941,2024-11-16 00:17:49.504948,2023-09-28 11:40:04.578889
942,40,session_942,2024-03-23 21:11:35.562684,2023-05-18 02:20:52.630534
943,99,session_943,2023-06-27 19:27:03.190973,2024-02-04 06:16:35.391200
944,671,session_944,2024-11-17 14:34:17.137423,2023-09-30 05:37:06.898417
945,956,session_945,2024-02-01 17:32:58.213581,2024-09-21 15:10:08.035382
946,487,session_946,2023-10-03 00:42:33.407015,2023-05-01 20:21:48.067528
947,987,session_947,2023-07-17 02:33:49.137143,2023-09-09 07:08:04.858048
948,18,session_948,2024-10-31 00:58:12.281746,2024-12-10 08:54:42.211865
949,670,session_949,2023-05-23 02:42:21.598319,2023-12-25 16:54:51.860985
950,928,session_950,2024-12-12 09:04:02.815208,2024-01-19 08:56:52.760924
951,798,session_951,2024-04-30 15:23:14.501681,2024-09-24 21:19:43.822894
952,506,session_952,2023-03-25 07:22:24.479718,2024-03-11 01:07:13.679699
953,629,session_953,2023-02-09 03:29:38.503337,2023-07-23 21:02:36.185832
954,650,session_954,2024-05-23 06:59:45.020721,2024-09-28 13:04:41.294918
955,431,session_955,2023-08-21 04:04:06.955263,2024-05-24 07:20:06.541352
956,32,session_956,2024-11-09 11:13:38.805933,2024-03-04 08:11:48.423377
957,642,session_957,2024-02-06 13:04:21.253646,2023-05-20 14:29:55.897347
958,777,session_958,2024-01-25 01:52:06.693113,2023-02-16 13:27:04.763972
959,850,session_959,2023-02-05 23:02:43.321257,2023-07-02 18:40:18.917254
960,335,session_960,2023-04-26 04:01:44.448511,2024-11-19 05:41:47.538256
961,499,session_961,2023-10-31 09:19:54.691241,2023-04-02 12:42:53.208328
962,923,session_962,2023-03-16 07:28:03.954765,2024-10-03 03:21:48.045797
963,507,session_963,2023-07-21 01:05:43.090136,2024-08-26 14:49:36.154152
964,401,session_964,2024-07-15 01:03:46.644401,2023-03-04 14:06:48.947960
965,743,session_965,2024-12-30 03:18:48.804882,2023-07-23 09:06:41.966801
966,47,session_966,2023-05-30 23:05:49.133236,2023-10-21 00:16:12.655062
967,38,session_967,2024-05-18 09:54:36.466381,2023-09-05 23:52:36.502917
968,61,session_968,2024-01-10 03:15:30.730919,2024-05-10 17:47:53.475108
969,31,session_969,2023-11-23 17:40:36.507051,2024-11-05 15:03:42.918526
970,826,session_970,2024-09-30 20:54:49.662285,2023-02-18 21:27:03.056162
971,731,session_971,2024-02-12 11:39:42.464896,2024-05-27 16:39:54.702796
972,968,session_972,2024-06-07 19:36:52.442143,2023-10-05 04:11:32.177051
973,427,session_973,2024-04-11 22:16:21.815082,2023-03-04 16:22:36.219697
974,433,session_974,2023-02-04 12:32:35.840750,2024-10-14 14:55:39.771159
975,159,session_975,2024-07-18 10:39:09.852860,2023-04-27 08:06:51.199163
976,47,session_976,2023-07-16 19:09:34.300067,2024-06-22 07:19:47.694094
977,977,session_977,2023-12-28 08:30:05.544406,2024-08-07 22:07:53.689605
978,951,session_978,2023-11-02 16:04:43.933254,2024-04-17 11:20:02.208898
979,326,session_979,2023-05-30 08:16:30.096811,2023-12-26 23:53:14.657179
980,869,session_980,2023-10-14 19:07:13.638588,2024-07-02 03:42:19.213396
981,847,session_981,2023-07-24 17:20:38.081552,2024-01-06 17:26:43.670449
982,54,session_982,2024-03-25 18:25:02.316266,2024-08-10 16:14:47.816308
983,864,session_983,2024-09-07 18:13:23.525219,2023-11-29 19:12:28.050521
984,718,session_984,2024-06-29 02:38:16.905844,2023-08-11 13:37:21.926275
985,811,session_985,2023-09-30 19:49:08.411918,2024-11-07 22:19:44.438006
986,614,session_986,2023-06-15 18:59:57.928691,2023-03-12 15:41:06.341788
987,197,session_987,2024-03-13 02:37:33.876833,2024-06-09 02:37:13.258836
988,989,session_988,2024-05-19 11:58:30.058029,2024-04-28 23:35:41.125380
989,989,session_989,2024-03-04 19:22:31.522277,2023-03-28 16:11:57.554499
990,503,session_990,2023-11-16 01:39:17.866618,2023-04-01 16:47:32.903514
991,59,session_991,2023-12-17 21:51:45.543999,2023-06-04 02:03:08.665304
992,561,session_992,2023-11-15 03:15:52.732359,2024-02-08 09:01:48.594601
993,707,session_993,2023-07-12 18:19:31.866431,2024-04-25 22:18:35.302940
994,569,session_994,2023-12-09 18:37:55.096685,2023-08-12 05:48:31.278434
995,289,session_995,2023-06-06 02:20:43.743679,2024-12-14 14:51:04.765941
996,462,session_996,2023-11-27 19:20:51.692755,2023-08-07 21:59:10.822513
997,492,session_997,2024-01-28 22:54:34.932848,2024-11-20 23:46:42.473661
998,183,session_998,2024-10-30 21:36:18.345235,2023-09-13 01:58:48.910256
999,74,session_999,2023-03-03 02:44:52.788582,2023-02-23 09:20:32.215015
1000,380,session_1000,2023-01-26 18:06:15.377018,2023-06-21 06:54:04.250606
