id,sender_id,receiver_id,content,is_read,created_at
1,999,350,Message content 1,True,2023-11-11 03:39:30.649653
2,482,542,Message content 2,False,2024-10-15 17:53:35.422890
3,139,568,Message content 3,True,2023-08-25 12:05:54.746261
4,281,965,Message content 4,False,2024-10-26 11:05:02.585540
5,634,537,Message content 5,False,2024-06-14 01:41:19.985911
6,202,960,Message content 6,True,2024-12-10 23:21:38.810659
7,625,614,Message content 7,True,2024-08-29 16:00:55.485415
8,128,308,Message content 8,False,2024-02-27 09:39:38.034495
9,269,126,Message content 9,True,2023-07-20 06:11:16.435846
10,134,778,Message content 10,False,2024-05-07 01:25:02.501567
11,558,401,Message content 11,False,2024-05-31 17:29:15.545982
12,637,885,Message content 12,True,2023-04-05 04:23:48.170406
13,880,108,Message content 13,False,2024-06-05 16:22:08.714681
14,310,407,Message content 14,True,2023-10-10 07:02:36.500235
15,652,331,Message content 15,False,2023-01-20 10:55:50.300724
16,847,678,Message content 16,True,2024-06-04 02:19:58.243202
17,515,879,Message content 17,False,2023-05-24 16:18:51.574151
18,509,946,Message content 18,True,2023-10-17 01:20:40.498608
19,492,303,Message content 19,False,2024-01-20 05:05:01.550520
20,466,308,Message content 20,True,2023-05-18 19:03:57.929113
21,674,623,Message content 21,True,2024-10-21 03:35:53.620278
22,989,413,Message content 22,True,2023-08-05 03:00:17.678801
23,110,331,Message content 23,True,2024-12-11 06:16:29.919121
24,404,258,Message content 24,True,2024-03-18 06:23:25.998334
25,319,984,Message content 25,False,2024-05-26 05:32:29.051619
26,966,811,Message content 26,False,2023-08-08 19:54:11.577672
27,708,497,Message content 27,False,2023-02-02 23:10:52.489664
28,735,342,Message content 28,True,2023-08-12 19:42:56.432987
29,785,553,Message content 29,False,2024-02-20 06:38:52.689373
30,567,669,Message content 30,True,2024-12-13 18:15:19.685660
31,796,191,Message content 31,False,2024-05-18 06:00:50.121759
32,825,95,Message content 32,True,2024-01-25 17:08:42.156657
33,286,510,Message content 33,False,2023-07-21 19:26:58.309756
34,257,580,Message content 34,False,2023-06-03 22:17:47.072594
35,154,697,Message content 35,False,2023-02-10 15:38:35.144137
36,833,750,Message content 36,True,2024-11-20 00:19:16.647568
37,79,387,Message content 37,False,2024-06-11 02:50:25.183851
38,860,363,Message content 38,True,2024-08-01 08:55:29.253767
39,112,563,Message content 39,True,2023-10-11 17:05:15.277622
40,301,184,Message content 40,False,2024-11-19 15:21:36.552465
41,176,597,Message content 41,True,2024-02-26 01:19:22.201699
42,152,338,Message content 42,False,2024-04-07 08:04:43.552934
43,145,245,Message content 43,False,2023-10-04 01:26:48.513597
44,240,95,Message content 44,False,2023-05-26 12:40:55.302102
45,607,996,Message content 45,False,2023-11-02 21:14:22.744208
46,634,738,Message content 46,False,2024-08-25 13:25:20.004746
47,238,980,Message content 47,True,2023-05-19 17:13:13.989040
48,928,18,Message content 48,True,2023-03-15 23:39:11.306784
49,197,572,Message content 49,False,2023-10-18 14:09:55.474361
50,456,897,Message content 50,True,2024-07-23 12:29:23.975405
51,669,54,Message content 51,True,2024-04-12 18:13:01.769229
52,23,172,Message content 52,False,2023-01-13 12:40:05.322439
53,449,339,Message content 53,True,2023-02-01 13:00:09.440187
54,535,819,Message content 54,False,2024-03-11 14:08:42.003541
55,153,825,Message content 55,False,2024-05-24 10:19:18.257261
56,521,445,Message content 56,False,2023-01-22 19:41:48.668064
57,891,486,Message content 57,True,2023-11-13 17:36:11.041820
58,421,697,Message content 58,True,2023-12-24 01:43:38.626675
59,457,200,Message content 59,False,2024-11-14 02:23:04.516428
60,713,241,Message content 60,False,2023-01-24 13:53:19.635420
61,699,229,Message content 61,False,2023-09-09 00:32:55.515797
62,861,464,Message content 62,False,2024-04-02 22:23:51.742936
63,610,575,Message content 63,False,2023-02-27 13:45:04.977601
64,19,336,Message content 64,False,2024-04-01 23:33:05.553891
65,464,733,Message content 65,True,2024-07-17 09:57:34.137471
66,995,653,Message content 66,False,2023-05-03 07:04:20.657456
67,738,607,Message content 67,True,2024-09-16 11:29:06.990054
68,340,734,Message content 68,False,2023-10-10 11:49:37.167113
69,541,288,Message content 69,True,2024-02-05 09:50:58.697658
70,419,688,Message content 70,False,2024-06-05 09:24:02.205371
71,423,899,Message content 71,True,2023-06-09 13:40:13.081974
72,852,961,Message content 72,False,2024-01-01 12:26:37.873732
73,929,343,Message content 73,True,2023-10-18 02:03:14.949541
74,515,595,Message content 74,False,2023-02-25 09:11:22.278544
75,358,231,Message content 75,False,2023-04-07 02:26:14.486553
76,796,627,Message content 76,True,2023-06-05 23:42:24.024512
77,554,322,Message content 77,True,2024-07-06 10:54:10.757315
78,395,722,Message content 78,True,2024-09-16 20:15:19.889448
79,342,208,Message content 79,True,2023-01-02 10:54:34.667471
80,289,29,Message content 80,False,2023-10-01 04:51:36.777899
81,315,884,Message content 81,False,2024-03-28 03:45:33.412268
82,912,670,Message content 82,True,2024-09-28 21:39:24.474981
83,193,18,Message content 83,True,2024-07-19 21:28:11.323245
84,623,690,Message content 84,True,2024-09-28 06:14:48.667361
85,676,570,Message content 85,False,2024-07-09 11:39:12.522443
86,945,646,Message content 86,True,2023-11-24 16:18:30.696225
87,205,434,Message content 87,True,2023-03-13 00:44:10.335990
88,458,639,Message content 88,False,2024-05-12 19:45:09.484408
89,559,851,Message content 89,True,2024-07-03 23:05:55.499858
90,735,484,Message content 90,False,2023-12-27 19:11:57.055080
91,592,657,Message content 91,True,2024-03-15 00:46:03.902554
92,889,376,Message content 92,True,2023-07-20 02:45:14.241059
93,787,671,Message content 93,False,2023-09-21 23:17:59.912488
94,659,386,Message content 94,True,2024-05-09 17:21:37.351172
95,756,229,Message content 95,False,2024-06-06 06:18:10.039573
96,410,371,Message content 96,False,2023-08-07 04:54:34.946254
97,847,30,Message content 97,False,2024-05-22 19:26:49.442271
98,198,844,Message content 98,False,2023-10-15 03:53:33.413693
99,874,897,Message content 99,False,2023-07-14 18:55:15.738829
100,505,563,Message content 100,True,2024-10-02 19:24:57.361241
101,937,713,Message content 101,False,2024-06-28 07:35:36.183089
102,633,949,Message content 102,False,2024-06-26 16:16:49.922814
103,110,681,Message content 103,False,2024-02-10 15:51:56.876584
104,633,791,Message content 104,False,2023-12-22 13:31:24.515905
105,254,824,Message content 105,False,2023-02-10 05:31:21.477065
106,237,828,Message content 106,False,2023-06-23 17:56:04.777268
107,988,96,Message content 107,True,2023-03-08 15:16:57.310710
108,681,39,Message content 108,True,2024-07-07 15:52:16.068537
109,734,979,Message content 109,False,2024-07-03 22:35:25.498208
110,725,1,Message content 110,True,2024-07-18 17:33:35.764221
111,48,853,Message content 111,False,2024-03-02 12:11:39.933776
112,349,206,Message content 112,True,2024-10-19 05:40:24.471393
113,72,223,Message content 113,True,2023-11-07 21:05:57.339012
114,262,856,Message content 114,True,2024-07-07 12:50:08.798274
115,1,243,Message content 115,True,2024-06-24 13:01:33.303043
116,384,68,Message content 116,False,2023-05-07 08:22:04.636959
117,893,845,Message content 117,False,2023-06-19 19:46:05.470462
118,786,409,Message content 118,True,2024-08-12 02:11:46.905365
119,84,434,Message content 119,False,2024-03-01 17:14:49.177063
120,600,259,Message content 120,False,2024-09-08 12:29:12.001459
121,261,976,Message content 121,True,2023-08-12 17:04:19.223803
122,632,568,Message content 122,False,2024-01-10 20:27:33.598993
123,841,556,Message content 123,False,2023-06-07 10:44:33.930858
124,810,615,Message content 124,True,2024-05-25 18:21:28.499600
125,915,315,Message content 125,True,2023-09-23 22:12:01.758513
126,571,195,Message content 126,True,2024-04-04 21:08:34.946042
127,387,367,Message content 127,False,2023-06-29 15:19:28.502128
128,839,728,Message content 128,True,2024-01-10 10:25:38.264310
129,129,380,Message content 129,True,2023-10-22 04:58:08.269302
130,160,355,Message content 130,False,2023-10-24 10:37:00.328898
131,251,76,Message content 131,False,2023-08-03 19:41:05.491737
132,464,161,Message content 132,False,2023-07-24 01:16:08.627482
133,402,441,Message content 133,True,2024-03-21 13:51:29.499131
134,281,487,Message content 134,False,2024-10-21 11:02:59.818463
135,445,361,Message content 135,False,2023-03-06 18:53:51.042988
136,154,856,Message content 136,False,2023-04-05 09:58:57.002513
137,36,459,Message content 137,True,2024-11-13 03:09:05.611495
138,527,606,Message content 138,True,2024-10-22 00:47:49.281439
139,933,101,Message content 139,False,2023-08-30 23:27:35.497242
140,789,708,Message content 140,True,2023-11-09 16:43:56.519375
141,136,152,Message content 141,False,2023-09-25 03:32:32.852482
142,993,456,Message content 142,False,2024-05-31 06:53:39.339353
143,17,235,Message content 143,False,2023-10-12 10:09:01.013412
144,729,98,Message content 144,False,2024-04-01 23:16:20.123616
145,987,450,Message content 145,False,2023-12-03 07:36:59.815497
146,805,934,Message content 146,True,2023-08-05 15:40:38.936956
147,509,229,Message content 147,False,2024-01-04 23:08:10.547540
148,641,872,Message content 148,True,2024-03-12 19:10:07.400571
149,774,949,Message content 149,True,2024-09-02 05:47:02.563434
150,833,721,Message content 150,True,2024-11-05 10:36:10.076578
151,59,590,Message content 151,True,2023-03-07 21:52:56.561489
152,913,750,Message content 152,False,2023-12-11 16:24:13.473777
153,12,563,Message content 153,False,2023-03-06 21:35:14.181904
154,960,641,Message content 154,False,2023-10-06 10:43:23.190868
155,926,368,Message content 155,False,2023-11-29 06:51:40.827160
156,506,719,Message content 156,False,2024-05-29 04:32:09.068539
157,833,454,Message content 157,True,2024-04-16 23:16:15.380378
158,555,106,Message content 158,True,2024-04-24 12:28:24.421563
159,557,878,Message content 159,False,2024-08-29 02:07:54.550692
160,302,923,Message content 160,True,2024-05-11 03:11:49.609420
161,897,583,Message content 161,False,2023-03-06 22:39:09.597631
162,446,389,Message content 162,True,2023-03-13 07:39:53.985859
163,584,633,Message content 163,True,2023-12-13 11:57:01.678503
164,296,574,Message content 164,False,2023-12-08 10:49:13.355835
165,386,568,Message content 165,False,2023-03-19 00:10:53.018788
166,162,763,Message content 166,True,2023-04-08 03:02:23.266185
167,966,869,Message content 167,False,2023-02-13 09:16:52.494784
168,174,426,Message content 168,True,2023-09-11 18:11:27.960527
169,65,722,Message content 169,False,2024-07-15 23:09:51.367271
170,875,977,Message content 170,True,2024-02-07 17:29:31.716121
171,650,661,Message content 171,False,2023-07-18 12:50:37.611695
172,935,969,Message content 172,True,2024-12-11 05:53:30.147397
173,122,181,Message content 173,True,2024-07-21 13:31:56.714427
174,726,407,Message content 174,True,2023-02-08 06:44:58.439197
175,573,745,Message content 175,True,2023-09-17 05:45:36.030559
176,560,440,Message content 176,False,2023-10-16 18:54:43.457434
177,364,64,Message content 177,True,2024-03-10 23:57:42.641255
178,310,991,Message content 178,True,2024-11-06 09:48:59.709057
179,7,475,Message content 179,False,2023-04-30 18:11:34.761995
180,542,279,Message content 180,True,2024-01-13 10:11:55.360580
181,326,750,Message content 181,False,2023-11-10 21:00:05.857907
182,725,490,Message content 182,False,2023-12-17 13:41:03.134645
183,687,979,Message content 183,False,2023-05-24 04:47:41.825773
184,441,838,Message content 184,True,2024-09-11 10:24:26.428101
185,783,398,Message content 185,False,2023-04-03 00:42:52.163963
186,481,227,Message content 186,False,2023-05-23 16:59:18.212911
187,542,189,Message content 187,False,2024-09-13 07:39:08.134638
188,439,243,Message content 188,False,2023-04-18 12:23:22.068515
189,315,998,Message content 189,False,2024-07-08 23:00:28.062569
190,816,992,Message content 190,False,2023-05-21 18:01:22.991039
191,345,910,Message content 191,False,2024-08-22 03:14:28.209437
192,255,737,Message content 192,True,2024-02-25 21:40:40.780751
193,628,911,Message content 193,False,2024-08-01 22:18:47.313557
194,695,186,Message content 194,True,2024-06-19 15:54:29.349973
195,349,194,Message content 195,False,2023-10-25 21:18:40.925307
196,621,474,Message content 196,True,2024-08-15 11:38:05.950862
197,181,871,Message content 197,False,2023-01-21 08:30:11.516608
198,770,363,Message content 198,False,2023-04-08 01:32:26.603468
199,889,511,Message content 199,True,2023-05-18 16:44:43.498743
200,33,536,Message content 200,True,2023-10-10 05:15:56.363417
201,71,131,Message content 201,False,2023-09-28 10:27:40.055541
202,812,711,Message content 202,True,2024-02-03 23:24:04.362683
203,239,287,Message content 203,True,2024-10-21 18:06:11.009671
204,333,224,Message content 204,False,2024-02-20 04:42:38.805887
205,9,33,Message content 205,False,2023-11-20 13:16:43.490202
206,798,575,Message content 206,False,2023-01-17 19:47:01.663471
207,338,893,Message content 207,False,2024-07-06 13:56:18.770949
208,577,969,Message content 208,True,2024-12-28 06:24:59.495138
209,472,98,Message content 209,False,2024-03-14 04:54:45.208318
210,327,720,Message content 210,False,2024-07-16 01:42:32.415632
211,649,159,Message content 211,False,2024-06-29 15:49:54.415943
212,67,723,Message content 212,True,2023-08-02 16:40:47.750346
213,82,479,Message content 213,False,2023-11-13 05:56:23.623700
214,694,220,Message content 214,False,2023-10-08 13:07:38.398138
215,215,864,Message content 215,True,2023-07-14 22:26:41.789925
216,25,792,Message content 216,True,2023-08-31 02:41:06.148266
217,124,746,Message content 217,True,2023-09-17 03:54:22.339650
218,494,340,Message content 218,False,2023-07-29 20:52:42.405607
219,984,721,Message content 219,False,2024-12-01 19:55:02.371409
220,930,720,Message content 220,True,2024-06-23 19:07:59.376249
221,632,943,Message content 221,False,2023-01-29 08:42:17.474291
222,280,991,Message content 222,False,2024-05-31 21:32:38.285932
223,175,522,Message content 223,False,2023-03-19 14:14:50.518331
224,491,127,Message content 224,False,2023-09-05 16:31:47.450839
225,519,596,Message content 225,True,2024-05-09 09:59:23.895316
226,905,910,Message content 226,False,2024-05-11 00:59:13.362215
227,782,432,Message content 227,True,2023-09-13 15:40:56.160868
228,736,398,Message content 228,False,2023-09-23 20:29:11.366805
229,590,58,Message content 229,False,2023-06-26 22:29:56.103840
230,204,934,Message content 230,True,2023-08-24 14:59:36.961786
231,796,360,Message content 231,True,2023-02-15 14:41:21.402554
232,379,53,Message content 232,False,2023-11-04 11:40:19.542867
233,952,679,Message content 233,True,2024-05-15 13:22:17.759443
234,245,839,Message content 234,False,2023-05-29 06:55:59.106151
235,696,965,Message content 235,True,2023-10-19 14:51:40.098009
236,95,913,Message content 236,True,2024-08-08 21:36:45.142422
237,275,435,Message content 237,True,2024-08-06 19:47:44.801201
238,545,386,Message content 238,False,2024-11-18 17:23:56.094344
239,839,218,Message content 239,True,2023-02-25 07:23:33.726679
240,935,295,Message content 240,True,2024-11-18 21:50:29.884056
241,654,882,Message content 241,False,2023-03-13 22:04:15.460141
242,444,30,Message content 242,False,2023-06-14 14:20:41.516471
243,474,682,Message content 243,False,2024-11-24 03:44:14.707397
244,726,450,Message content 244,False,2024-05-28 13:50:08.552860
245,168,129,Message content 245,True,2024-05-17 21:15:31.175513
246,385,958,Message content 246,False,2024-02-01 23:19:27.135808
247,163,781,Message content 247,True,2024-09-16 14:43:15.547117
248,359,414,Message content 248,True,2024-07-29 09:45:24.393476
249,249,717,Message content 249,True,2023-08-16 10:19:55.157109
250,589,632,Message content 250,True,2024-02-04 10:26:51.893180
251,510,630,Message content 251,True,2024-12-11 09:46:05.049502
252,384,868,Message content 252,True,2023-11-24 21:45:02.042458
253,892,750,Message content 253,True,2024-11-03 10:04:09.515832
254,58,673,Message content 254,True,2023-06-20 04:22:33.652693
255,895,43,Message content 255,False,2023-06-14 06:20:44.905968
256,94,840,Message content 256,False,2024-04-17 00:52:24.827479
257,985,864,Message content 257,False,2024-10-07 18:41:10.116071
258,235,3,Message content 258,False,2024-02-15 01:48:51.711342
259,345,840,Message content 259,False,2023-04-02 08:00:49.556622
260,975,505,Message content 260,False,2023-08-09 08:38:08.309636
261,441,990,Message content 261,True,2024-05-25 00:41:32.513284
262,108,855,Message content 262,False,2024-03-24 02:56:19.625058
263,235,355,Message content 263,False,2024-08-20 20:45:26.064066
264,793,508,Message content 264,True,2024-05-04 05:47:44.549998
265,762,542,Message content 265,True,2023-10-01 18:25:56.078546
266,386,938,Message content 266,True,2023-06-28 23:34:09.626338
267,615,510,Message content 267,False,2023-10-28 04:11:43.214650
268,120,968,Message content 268,True,2023-10-15 18:30:24.611728
269,744,207,Message content 269,True,2023-12-26 01:48:03.710107
270,898,732,Message content 270,True,2023-06-08 12:04:38.761602
271,405,154,Message content 271,False,2023-02-26 04:22:49.457740
272,689,666,Message content 272,False,2024-05-23 22:22:17.249808
273,949,195,Message content 273,True,2023-06-12 06:03:53.779726
274,271,198,Message content 274,False,2024-06-01 12:46:52.246852
275,558,852,Message content 275,True,2023-07-30 11:11:09.038959
276,525,303,Message content 276,True,2024-12-30 12:55:41.419827
277,358,224,Message content 277,False,2024-07-20 07:28:18.424445
278,281,121,Message content 278,True,2024-08-14 19:40:59.722703
279,131,353,Message content 279,True,2024-10-23 15:44:35.024540
280,344,48,Message content 280,False,2024-04-18 08:55:03.598122
281,822,377,Message content 281,True,2023-12-17 13:20:57.653643
282,765,139,Message content 282,True,2023-03-09 05:01:44.814467
283,416,420,Message content 283,False,2024-09-04 02:02:11.976365
284,66,525,Message content 284,False,2023-05-30 01:01:27.925203
285,262,329,Message content 285,True,2023-06-04 06:34:30.246022
286,578,783,Message content 286,False,2023-12-14 01:18:36.281421
287,12,519,Message content 287,False,2023-10-28 09:16:06.543567
288,140,598,Message content 288,False,2023-02-19 10:26:12.895160
289,451,755,Message content 289,True,2023-06-05 03:40:26.301720
290,332,655,Message content 290,False,2024-12-29 11:29:12.275018
291,995,584,Message content 291,True,2023-10-31 20:33:33.356072
292,543,234,Message content 292,False,2024-11-16 11:04:19.703305
293,603,289,Message content 293,False,2024-09-09 14:02:23.827216
294,37,108,Message content 294,False,2023-09-30 08:13:41.301589
295,575,707,Message content 295,False,2024-12-19 05:49:37.157613
296,848,887,Message content 296,False,2023-06-11 07:13:41.296643
297,649,290,Message content 297,False,2023-08-16 15:00:44.304883
298,879,971,Message content 298,False,2024-11-24 10:42:00.576761
299,339,327,Message content 299,False,2024-07-27 03:07:59.847516
300,321,176,Message content 300,True,2024-08-16 07:05:14.197264
301,918,399,Message content 301,True,2023-03-18 23:11:58.521264
302,417,419,Message content 302,False,2023-04-12 21:57:49.500543
303,714,800,Message content 303,False,2023-08-18 22:39:33.089580
304,740,773,Message content 304,False,2023-07-12 12:58:55.476141
305,959,16,Message content 305,False,2023-12-29 15:45:34.994820
306,327,105,Message content 306,False,2023-07-13 19:31:05.777443
307,889,923,Message content 307,True,2024-07-16 12:19:01.789231
308,311,831,Message content 308,False,2024-04-01 00:46:29.873556
309,704,811,Message content 309,False,2024-08-20 01:05:31.601776
310,182,222,Message content 310,True,2024-03-10 09:22:40.996681
311,406,859,Message content 311,False,2023-10-21 17:20:07.094338
312,441,890,Message content 312,True,2024-03-07 02:44:43.753301
313,444,3,Message content 313,True,2024-09-20 12:52:31.586362
314,33,80,Message content 314,True,2023-02-22 09:39:04.170031
315,436,956,Message content 315,True,2023-06-25 04:58:06.006608
316,739,127,Message content 316,True,2024-10-28 02:37:39.798071
317,367,653,Message content 317,True,2023-01-24 14:08:50.013147
318,838,396,Message content 318,False,2023-04-29 10:55:22.765910
319,704,494,Message content 319,True,2023-02-17 11:15:41.934348
320,544,861,Message content 320,False,2024-05-27 15:44:33.683864
321,294,39,Message content 321,True,2023-03-11 06:04:03.988717
322,725,84,Message content 322,False,2024-10-31 19:06:26.224277
323,878,457,Message content 323,False,2023-04-19 11:40:55.741781
324,290,259,Message content 324,False,2023-11-20 12:29:45.978900
325,71,536,Message content 325,False,2024-05-05 17:33:26.407822
326,479,412,Message content 326,True,2023-04-10 18:37:32.304894
327,551,175,Message content 327,True,2024-04-28 07:18:20.214980
328,875,357,Message content 328,True,2023-11-07 21:06:23.506446
329,482,681,Message content 329,True,2024-07-04 10:08:24.053045
330,354,703,Message content 330,False,2023-12-27 03:01:49.930569
331,639,823,Message content 331,True,2024-01-14 09:39:33.457540
332,716,631,Message content 332,False,2023-03-02 13:43:53.977431
333,695,9,Message content 333,True,2024-11-18 09:51:14.571198
334,266,306,Message content 334,True,2023-06-06 02:53:08.208460
335,177,174,Message content 335,True,2023-01-23 14:55:36.568634
336,871,459,Message content 336,True,2023-12-18 12:36:37.814108
337,810,839,Message content 337,True,2024-09-25 11:04:14.675585
338,830,312,Message content 338,False,2024-12-12 21:47:46.222095
339,842,347,Message content 339,False,2024-10-03 20:16:29.751893
340,864,829,Message content 340,False,2024-12-05 20:53:35.639739
341,873,897,Message content 341,True,2024-07-27 16:41:51.847643
342,595,119,Message content 342,True,2024-07-27 01:42:12.752538
343,640,609,Message content 343,False,2023-09-02 23:47:30.633199
344,791,137,Message content 344,False,2023-07-20 01:40:55.750873
345,618,968,Message content 345,True,2024-07-08 11:09:44.405412
346,625,529,Message content 346,False,2024-07-24 15:33:31.508017
347,305,678,Message content 347,False,2024-05-02 12:23:49.742136
348,156,798,Message content 348,True,2023-11-01 03:55:48.815163
349,851,380,Message content 349,True,2023-03-17 07:44:57.791005
350,982,806,Message content 350,False,2023-05-23 17:42:42.501499
351,740,730,Message content 351,True,2023-05-15 08:04:37.975602
352,837,788,Message content 352,False,2024-02-17 12:08:17.122582
353,331,618,Message content 353,True,2024-09-26 14:28:07.598091
354,823,851,Message content 354,False,2023-10-19 06:05:47.122336
355,793,693,Message content 355,False,2024-09-13 21:21:43.758432
356,527,3,Message content 356,True,2024-04-27 16:14:22.441616
357,705,198,Message content 357,False,2023-04-01 13:42:09.105674
358,280,236,Message content 358,True,2024-02-05 03:32:51.894093
359,639,857,Message content 359,True,2024-12-07 01:50:01.454867
360,85,473,Message content 360,True,2023-08-23 12:18:43.227811
361,500,101,Message content 361,True,2024-08-15 18:16:01.218696
362,837,997,Message content 362,True,2023-03-07 17:53:49.212593
363,93,94,Message content 363,True,2023-03-10 01:28:11.251600
364,906,460,Message content 364,False,2024-06-12 03:43:15.704553
365,713,130,Message content 365,True,2024-05-03 03:11:00.127387
366,707,537,Message content 366,True,2024-08-05 11:49:43.572990
367,294,526,Message content 367,False,2024-02-09 13:51:26.195017
368,695,14,Message content 368,False,2024-07-17 05:08:26.982522
369,443,109,Message content 369,False,2023-09-08 04:57:15.383135
370,219,693,Message content 370,False,2023-11-24 20:40:53.057382
371,170,127,Message content 371,True,2023-04-13 23:41:45.933249
372,216,743,Message content 372,True,2024-12-25 07:02:36.823870
373,897,507,Message content 373,False,2023-04-16 21:30:24.367590
374,851,3,Message content 374,True,2024-08-30 08:33:27.685707
375,324,400,Message content 375,True,2023-05-01 09:57:06.200158
376,294,13,Message content 376,False,2023-11-30 17:29:35.803923
377,684,311,Message content 377,False,2024-03-01 01:30:03.173738
378,73,443,Message content 378,True,2024-12-31 12:46:36.427924
379,242,404,Message content 379,True,2023-04-05 06:59:11.811361
380,432,387,Message content 380,False,2023-09-08 03:06:42.965059
381,622,721,Message content 381,True,2023-11-16 20:57:40.533536
382,236,7,Message content 382,True,2024-03-20 20:31:58.144985
383,675,853,Message content 383,False,2023-08-20 22:30:15.950904
384,856,575,Message content 384,True,2024-10-16 07:46:14.246619
385,656,920,Message content 385,True,2023-11-17 05:16:59.985125
386,923,536,Message content 386,True,2023-02-23 09:37:08.896042
387,189,873,Message content 387,False,2023-09-30 03:37:47.218870
388,147,672,Message content 388,False,2024-11-13 04:17:10.416698
389,897,165,Message content 389,False,2024-01-05 16:43:39.045173
390,769,25,Message content 390,False,2024-03-07 23:26:16.946807
391,263,139,Message content 391,False,2023-11-07 03:43:49.714665
392,460,978,Message content 392,False,2023-10-09 06:50:16.058668
393,96,623,Message content 393,False,2024-05-07 02:00:41.147911
394,334,471,Message content 394,True,2023-07-10 00:38:08.902078
395,922,921,Message content 395,True,2023-12-30 03:58:09.038087
396,158,257,Message content 396,False,2023-02-14 04:07:26.609931
397,168,216,Message content 397,False,2023-06-18 20:22:31.915021
398,124,85,Message content 398,True,2024-02-21 15:33:17.536344
399,312,124,Message content 399,True,2023-12-14 11:18:31.271493
400,791,676,Message content 400,True,2024-06-09 11:03:13.293194
401,437,542,Message content 401,True,2023-08-20 21:00:17.766245
402,905,728,Message content 402,True,2024-11-01 22:50:55.983046
403,864,837,Message content 403,True,2023-01-15 09:10:50.433071
404,522,149,Message content 404,True,2024-06-16 22:48:13.498270
405,904,19,Message content 405,False,2024-06-27 09:02:27.346603
406,373,502,Message content 406,False,2024-03-11 12:07:50.595821
407,575,719,Message content 407,False,2024-08-13 16:16:55.038629
408,5,431,Message content 408,True,2024-08-09 09:06:14.351382
409,313,880,Message content 409,False,2024-06-27 04:43:22.650211
410,403,447,Message content 410,True,2023-06-16 06:50:54.028060
411,829,694,Message content 411,True,2023-03-04 11:24:12.149308
412,569,927,Message content 412,True,2023-01-16 15:14:52.740071
413,615,864,Message content 413,False,2023-06-25 11:17:10.419751
414,699,808,Message content 414,False,2023-10-14 09:00:52.655433
415,228,162,Message content 415,False,2023-03-31 21:21:10.330770
416,5,68,Message content 416,False,2024-04-01 00:12:14.826668
417,50,804,Message content 417,False,2023-03-26 23:41:35.261502
418,752,785,Message content 418,True,2023-03-13 10:44:55.132426
419,36,23,Message content 419,True,2024-10-24 16:48:17.046493
420,614,885,Message content 420,True,2023-12-15 15:44:30.190737
421,812,669,Message content 421,False,2024-10-24 06:25:41.577561
422,496,734,Message content 422,False,2024-01-22 20:06:05.450483
423,669,581,Message content 423,True,2024-12-06 08:47:45.956065
424,550,558,Message content 424,False,2023-12-29 14:10:21.986855
425,676,854,Message content 425,True,2024-01-06 20:18:52.150948
426,741,126,Message content 426,False,2023-02-24 09:05:23.338886
427,364,761,Message content 427,True,2023-03-20 05:56:57.952474
428,814,547,Message content 428,True,2024-08-11 09:38:02.878039
429,435,15,Message content 429,False,2024-03-21 00:33:49.065140
430,157,679,Message content 430,True,2023-07-29 15:54:42.021605
431,606,242,Message content 431,True,2023-10-11 02:01:33.464979
432,701,859,Message content 432,True,2024-11-16 01:05:17.172715
433,530,979,Message content 433,True,2023-08-01 00:27:48.829159
434,828,156,Message content 434,False,2024-02-28 08:39:33.745400
435,356,739,Message content 435,True,2024-10-29 12:15:00.134971
436,829,962,Message content 436,False,2024-04-26 19:28:02.142273
437,989,26,Message content 437,False,2023-08-26 04:24:31.240466
438,34,667,Message content 438,False,2024-11-13 21:41:28.705635
439,625,579,Message content 439,True,2024-11-29 23:02:12.980031
440,245,460,Message content 440,True,2024-07-27 08:48:56.466132
441,644,415,Message content 441,True,2024-01-16 03:41:57.520377
442,422,549,Message content 442,False,2024-08-18 00:34:16.137833
443,275,372,Message content 443,False,2023-07-02 23:19:31.317707
444,760,169,Message content 444,True,2023-06-20 17:23:19.429908
445,555,686,Message content 445,False,2023-11-01 03:48:37.024617
446,672,683,Message content 446,False,2024-12-09 19:34:57.670247
447,241,173,Message content 447,False,2024-10-23 05:14:11.162579
448,823,911,Message content 448,True,2024-03-13 18:16:01.091390
449,645,662,Message content 449,False,2024-01-28 22:49:19.137860
450,988,295,Message content 450,False,2023-07-15 14:18:20.352604
451,501,115,Message content 451,False,2024-06-10 00:17:07.173482
452,650,6,Message content 452,False,2023-12-05 15:06:21.127640
453,739,238,Message content 453,True,2023-02-21 08:07:34.972160
454,55,976,Message content 454,False,2024-01-10 21:47:23.601441
455,880,343,Message content 455,False,2024-04-12 13:23:04.018273
456,628,734,Message content 456,False,2024-01-16 20:56:09.670707
457,641,703,Message content 457,True,2024-11-27 19:48:09.225584
458,449,748,Message content 458,False,2023-12-09 10:24:20.889336
459,229,546,Message content 459,False,2024-10-10 23:25:22.639868
460,414,516,Message content 460,False,2023-07-11 22:27:54.868289
461,989,379,Message content 461,False,2023-08-04 17:08:57.372892
462,597,179,Message content 462,True,2023-06-06 02:08:01.030428
463,365,249,Message content 463,True,2023-08-26 10:15:34.168560
464,482,984,Message content 464,True,2024-04-13 03:22:32.845794
465,185,600,Message content 465,False,2023-12-20 08:21:06.822835
466,278,217,Message content 466,False,2024-04-12 23:37:58.672739
467,84,552,Message content 467,False,2024-06-22 13:54:12.551781
468,672,11,Message content 468,False,2024-02-23 07:30:40.287906
469,732,436,Message content 469,False,2023-10-10 08:29:20.669934
470,1000,345,Message content 470,True,2024-04-15 15:59:46.665362
471,223,897,Message content 471,True,2024-08-02 18:46:57.835051
472,418,2,Message content 472,False,2023-02-16 21:36:40.201027
473,707,901,Message content 473,False,2024-12-23 11:38:22.009992
474,28,971,Message content 474,True,2023-07-21 11:45:12.121805
475,941,644,Message content 475,True,2023-12-09 19:47:14.710875
476,94,438,Message content 476,True,2023-09-14 18:15:23.116067
477,96,686,Message content 477,False,2024-09-01 07:02:29.236435
478,324,220,Message content 478,False,2023-01-11 08:55:49.974607
479,917,373,Message content 479,False,2024-09-07 12:47:00.291925
480,46,108,Message content 480,True,2024-06-19 07:05:10.211840
481,459,774,Message content 481,False,2024-03-17 11:12:26.976983
482,517,938,Message content 482,False,2023-06-01 12:10:57.391922
483,69,420,Message content 483,False,2024-12-05 08:10:59.334159
484,498,503,Message content 484,True,2023-06-16 18:38:27.987548
485,946,983,Message content 485,False,2024-05-01 19:11:12.137584
486,588,70,Message content 486,False,2024-05-06 22:48:26.290962
487,763,233,Message content 487,True,2024-12-11 14:59:58.964270
488,581,9,Message content 488,False,2023-06-11 17:40:04.511084
489,326,687,Message content 489,False,2023-08-10 15:49:40.386833
490,579,672,Message content 490,True,2023-07-07 05:40:32.528180
491,574,46,Message content 491,True,2023-06-16 21:04:46.672230
492,899,990,Message content 492,True,2023-11-01 17:01:01.527477
493,449,95,Message content 493,True,2023-01-25 11:42:38.115998
494,129,463,Message content 494,False,2024-03-17 05:38:06.819804
495,507,521,Message content 495,False,2024-05-26 17:29:43.307877
496,827,975,Message content 496,True,2023-12-20 00:00:40.036438
497,559,463,Message content 497,True,2024-05-28 13:51:26.724678
498,158,854,Message content 498,True,2023-01-24 05:19:24.347992
499,267,876,Message content 499,True,2024-04-09 03:15:36.377867
500,344,145,Message content 500,True,2024-01-21 18:55:57.714996
501,270,88,Message content 501,True,2023-04-23 00:13:06.781698
502,695,533,Message content 502,False,2024-08-10 02:03:23.660023
503,960,522,Message content 503,True,2023-09-06 06:10:48.057236
504,933,923,Message content 504,True,2024-01-31 02:47:46.139431
505,569,115,Message content 505,True,2023-08-15 12:19:18.238492
506,521,818,Message content 506,False,2024-01-04 05:52:50.699841
507,76,183,Message content 507,True,2023-05-02 04:24:06.637954
508,816,94,Message content 508,True,2023-01-28 08:27:07.316662
509,283,725,Message content 509,False,2024-12-15 08:15:48.849486
510,823,869,Message content 510,True,2024-05-09 01:56:29.616624
511,978,222,Message content 511,True,2023-09-25 20:35:04.518535
512,241,907,Message content 512,False,2023-01-19 15:32:07.044282
513,564,279,Message content 513,False,2023-02-11 19:37:09.401966
514,625,136,Message content 514,False,2024-04-15 04:37:29.430344
515,749,406,Message content 515,True,2023-09-21 03:06:51.068404
516,926,706,Message content 516,False,2023-08-02 08:35:28.940756
517,288,225,Message content 517,False,2024-09-20 21:32:27.660604
518,529,450,Message content 518,False,2023-09-14 17:53:13.036700
519,341,881,Message content 519,True,2024-10-08 01:18:08.088188
520,123,568,Message content 520,True,2023-10-31 15:26:16.798809
521,801,278,Message content 521,False,2024-09-10 12:14:59.484806
522,630,995,Message content 522,True,2023-02-04 00:44:37.037469
523,533,684,Message content 523,False,2024-12-21 12:31:20.803317
524,596,455,Message content 524,False,2024-07-09 02:42:56.636731
525,940,897,Message content 525,False,2024-12-10 18:49:44.987374
526,448,338,Message content 526,False,2024-09-07 06:47:59.163614
527,879,183,Message content 527,True,2023-01-07 23:43:07.078918
528,591,4,Message content 528,False,2024-03-19 22:45:21.287950
529,152,956,Message content 529,True,2024-03-09 06:29:51.336294
530,163,864,Message content 530,True,2024-11-30 19:22:46.543753
531,718,887,Message content 531,True,2024-07-14 15:14:17.126965
532,539,236,Message content 532,False,2023-10-30 23:18:46.769515
533,66,832,Message content 533,False,2024-03-22 04:51:59.223057
534,324,324,Message content 534,True,2024-12-09 09:41:56.691512
535,130,680,Message content 535,False,2023-07-24 11:34:55.546716
536,899,474,Message content 536,True,2023-06-17 00:30:02.293039
537,701,376,Message content 537,False,2024-08-12 09:45:57.892909
538,86,781,Message content 538,True,2023-03-24 12:56:25.320922
539,926,404,Message content 539,False,2024-07-15 11:26:36.464383
540,298,375,Message content 540,True,2023-06-27 13:55:13.793446
541,766,234,Message content 541,False,2023-07-21 16:40:51.242433
542,485,364,Message content 542,True,2024-02-23 10:30:23.831879
543,74,620,Message content 543,False,2023-07-24 23:43:33.997920
544,627,92,Message content 544,False,2023-12-17 06:27:56.742718
545,403,89,Message content 545,True,2023-11-26 21:53:44.621042
546,979,1,Message content 546,False,2023-09-04 18:27:16.334231
547,846,693,Message content 547,True,2023-04-10 20:14:32.060854
548,330,720,Message content 548,False,2024-06-02 20:54:25.902297
549,741,353,Message content 549,False,2023-05-23 23:24:24.841067
550,703,242,Message content 550,True,2024-08-24 21:23:58.278988
551,819,902,Message content 551,False,2023-12-03 12:32:32.321606
552,101,289,Message content 552,True,2023-02-24 20:05:54.288036
553,810,470,Message content 553,True,2023-05-28 09:44:04.845041
554,722,396,Message content 554,False,2024-06-20 04:46:41.695253
555,266,987,Message content 555,True,2024-05-27 23:59:14.977355
556,963,196,Message content 556,False,2023-11-27 21:01:52.334923
557,45,762,Message content 557,False,2024-01-14 18:13:36.730329
558,10,802,Message content 558,True,2023-07-22 04:00:01.387970
559,613,511,Message content 559,True,2023-08-08 11:13:08.079897
560,890,849,Message content 560,True,2023-03-19 15:07:28.565996
561,182,533,Message content 561,True,2023-10-06 17:24:07.464897
562,708,875,Message content 562,True,2023-10-02 15:12:42.677914
563,936,804,Message content 563,True,2023-06-14 01:04:04.783193
564,576,87,Message content 564,True,2024-10-29 08:03:03.677647
565,529,772,Message content 565,True,2023-04-09 02:42:29.149779
566,850,419,Message content 566,False,2023-03-25 11:06:45.374248
567,374,722,Message content 567,False,2023-02-28 06:52:19.718882
568,196,304,Message content 568,False,2024-01-14 10:41:01.363004
569,556,362,Message content 569,False,2023-03-16 13:24:22.296533
570,342,554,Message content 570,True,2024-06-30 22:09:05.785619
571,259,846,Message content 571,True,2024-09-03 20:32:30.085755
572,339,185,Message content 572,False,2023-02-01 00:18:01.378155
573,890,829,Message content 573,True,2024-01-16 21:01:11.386826
574,239,4,Message content 574,False,2023-03-24 22:00:14.615767
575,866,919,Message content 575,False,2024-07-29 11:03:38.782794
576,202,465,Message content 576,False,2024-09-01 21:13:59.013232
577,942,137,Message content 577,True,2023-09-04 10:13:26.987486
578,210,955,Message content 578,False,2023-03-10 23:17:02.372311
579,144,809,Message content 579,False,2023-02-22 20:38:58.139772
580,107,462,Message content 580,False,2023-01-03 10:37:37.729842
581,604,8,Message content 581,True,2024-02-03 19:10:08.497120
582,942,683,Message content 582,True,2023-10-03 09:15:58.671568
583,955,657,Message content 583,True,2024-05-22 16:20:27.544612
584,23,946,Message content 584,False,2024-07-15 19:45:53.621758
585,646,591,Message content 585,False,2023-08-07 00:24:04.413528
586,885,470,Message content 586,False,2024-06-28 14:52:42.374608
587,316,295,Message content 587,True,2024-05-29 20:20:18.174898
588,752,420,Message content 588,True,2023-08-26 06:38:26.665858
589,346,990,Message content 589,False,2023-11-21 21:05:56.080343
590,359,537,Message content 590,False,2023-09-23 01:15:59.315313
591,263,68,Message content 591,False,2023-07-23 01:10:17.943525
592,299,279,Message content 592,False,2023-08-25 03:21:18.518191
593,540,670,Message content 593,True,2024-06-26 16:54:13.541872
594,561,190,Message content 594,False,2024-06-19 03:50:22.990875
595,90,924,Message content 595,True,2024-07-31 07:23:57.937035
596,331,111,Message content 596,False,2023-11-08 12:06:36.737330
597,349,891,Message content 597,False,2023-08-29 11:52:59.806440
598,610,403,Message content 598,True,2024-01-30 09:58:45.311664
599,189,448,Message content 599,True,2023-07-16 20:37:26.782837
600,785,912,Message content 600,False,2023-02-21 17:09:06.411409
601,494,841,Message content 601,True,2024-05-20 07:24:19.956228
602,206,941,Message content 602,False,2024-07-30 20:52:38.494660
603,440,323,Message content 603,False,2023-06-24 06:01:01.278188
604,248,556,Message content 604,True,2023-08-20 02:08:03.620939
605,593,937,Message content 605,True,2023-12-27 06:06:13.777601
606,919,668,Message content 606,True,2023-04-24 03:15:39.520322
607,720,931,Message content 607,False,2024-08-06 18:28:00.534230
608,266,325,Message content 608,False,2024-03-10 23:55:45.113167
609,639,672,Message content 609,False,2023-02-01 11:48:27.826551
610,27,231,Message content 610,False,2024-04-28 11:21:02.295520
611,367,89,Message content 611,False,2024-03-01 23:06:56.114861
612,396,601,Message content 612,True,2024-04-24 10:12:49.875144
613,703,912,Message content 613,False,2023-04-09 22:03:54.240705
614,549,687,Message content 614,False,2024-12-01 13:17:29.950043
615,200,544,Message content 615,False,2024-10-31 05:07:18.076354
616,829,402,Message content 616,True,2023-12-07 07:29:16.784118
617,305,735,Message content 617,False,2023-05-05 19:54:00.403929
618,966,485,Message content 618,True,2024-10-21 19:10:55.888953
619,515,441,Message content 619,False,2023-04-13 21:52:26.793802
620,491,687,Message content 620,False,2023-03-29 03:19:21.479530
621,2,102,Message content 621,True,2023-07-08 21:44:29.321838
622,542,687,Message content 622,False,2023-07-23 11:42:37.559039
623,12,159,Message content 623,True,2023-04-27 21:59:57.129837
624,28,115,Message content 624,True,2023-09-01 18:12:13.023256
625,767,322,Message content 625,False,2023-04-24 02:10:58.855517
626,972,326,Message content 626,True,2023-02-05 09:51:46.480405
627,755,478,Message content 627,False,2024-07-26 12:26:13.832720
628,463,911,Message content 628,False,2024-09-27 21:36:30.502531
629,192,591,Message content 629,True,2023-09-23 08:05:23.512682
630,482,124,Message content 630,False,2023-04-08 08:57:15.374002
631,124,121,Message content 631,False,2024-03-16 09:41:02.171723
632,194,829,Message content 632,True,2024-07-03 13:02:48.738012
633,202,331,Message content 633,False,2023-12-29 15:16:42.909356
634,597,785,Message content 634,False,2024-02-11 11:24:04.487654
635,178,348,Message content 635,True,2023-09-06 20:00:39.704106
636,159,23,Message content 636,True,2023-02-15 14:30:34.529088
637,217,922,Message content 637,True,2023-03-27 07:45:04.412658
638,588,534,Message content 638,False,2024-07-14 14:17:16.581101
639,826,637,Message content 639,True,2024-04-24 04:48:05.929353
640,21,486,Message content 640,False,2023-10-08 15:51:41.785425
641,701,705,Message content 641,False,2024-08-22 02:00:24.232651
642,104,297,Message content 642,True,2023-11-26 16:15:31.976039
643,569,971,Message content 643,True,2024-10-16 21:26:20.991528
644,475,365,Message content 644,False,2023-05-15 13:43:56.155238
645,966,366,Message content 645,False,2024-03-12 06:10:31.461789
646,593,149,Message content 646,False,2023-08-09 04:35:01.273813
647,725,597,Message content 647,False,2024-05-05 22:26:01.153975
648,271,696,Message content 648,True,2023-10-26 21:24:02.277608
649,520,285,Message content 649,True,2024-05-20 13:51:33.730472
650,67,793,Message content 650,True,2024-07-25 16:21:46.150473
651,41,438,Message content 651,True,2023-04-19 14:41:02.822184
652,910,313,Message content 652,False,2023-09-07 14:30:23.794518
653,897,623,Message content 653,True,2023-04-07 11:43:51.975054
654,816,3,Message content 654,False,2024-05-02 06:19:53.726348
655,261,644,Message content 655,False,2024-12-18 17:35:57.705514
656,282,171,Message content 656,False,2023-12-05 19:41:40.493129
657,396,882,Message content 657,False,2023-11-18 13:20:14.573239
658,294,445,Message content 658,True,2024-03-12 14:51:01.695106
659,548,116,Message content 659,True,2024-09-14 02:27:50.250770
660,169,512,Message content 660,False,2023-07-04 18:11:31.625329
661,236,166,Message content 661,True,2024-03-20 03:27:36.575995
662,384,872,Message content 662,True,2023-03-17 15:42:04.855091
663,807,173,Message content 663,True,2023-10-05 10:47:09.614054
664,698,637,Message content 664,False,2023-06-25 07:42:45.882359
665,82,521,Message content 665,False,2024-07-22 07:04:55.288021
666,387,481,Message content 666,True,2024-08-30 06:52:39.211663
667,118,647,Message content 667,False,2024-12-18 05:03:19.564974
668,96,233,Message content 668,False,2023-11-13 18:54:02.101131
669,7,903,Message content 669,True,2024-03-31 19:45:35.678191
670,585,693,Message content 670,True,2023-04-03 15:44:32.863091
671,834,234,Message content 671,True,2023-05-29 04:41:31.079503
672,391,554,Message content 672,True,2023-01-22 05:10:11.659472
673,82,506,Message content 673,False,2023-01-29 16:33:02.137887
674,247,130,Message content 674,False,2023-12-12 17:08:16.230211
675,65,308,Message content 675,True,2023-08-12 08:40:18.581553
676,461,141,Message content 676,False,2024-10-11 23:43:27.244104
677,730,618,Message content 677,False,2023-08-01 06:42:54.974862
678,662,882,Message content 678,False,2024-10-08 00:03:37.541376
679,800,54,Message content 679,True,2024-10-24 13:02:03.708480
680,569,711,Message content 680,False,2024-08-15 03:28:35.747202
681,387,103,Message content 681,True,2024-02-09 13:47:39.041088
682,625,698,Message content 682,False,2024-07-08 23:43:55.276705
683,695,849,Message content 683,False,2024-11-17 13:01:30.645678
684,867,133,Message content 684,False,2024-08-23 09:39:21.248327
685,732,655,Message content 685,True,2023-03-29 16:37:16.772979
686,595,9,Message content 686,True,2023-11-24 11:02:58.015849
687,754,731,Message content 687,True,2023-06-25 22:43:48.474401
688,849,205,Message content 688,False,2023-11-07 22:59:28.462819
689,319,53,Message content 689,True,2024-04-06 10:12:00.485518
690,879,629,Message content 690,False,2023-01-28 15:06:36.947525
691,726,309,Message content 691,True,2023-04-23 01:39:35.395172
692,564,425,Message content 692,False,2023-04-13 08:31:38.961918
693,268,176,Message content 693,True,2024-05-27 06:55:40.734444
694,370,371,Message content 694,True,2024-01-31 04:38:19.382970
695,993,855,Message content 695,False,2024-05-11 06:31:57.803504
696,719,693,Message content 696,True,2024-09-26 18:19:56.908393
697,247,801,Message content 697,True,2024-12-29 19:31:22.607539
698,991,943,Message content 698,False,2023-09-07 15:46:43.971861
699,165,827,Message content 699,False,2024-04-27 20:31:57.477914
700,232,982,Message content 700,True,2024-12-28 18:08:40.255266
701,477,95,Message content 701,False,2024-09-20 02:24:17.812491
702,745,341,Message content 702,True,2024-05-08 06:35:07.417813
703,110,909,Message content 703,False,2024-08-20 03:19:15.484925
704,714,81,Message content 704,False,2024-05-01 19:31:58.953829
705,876,696,Message content 705,False,2024-03-23 09:54:47.297936
706,190,598,Message content 706,True,2023-06-23 16:38:21.221931
707,511,721,Message content 707,False,2023-01-06 14:52:58.986277
708,885,9,Message content 708,True,2023-10-27 03:23:02.497570
709,691,756,Message content 709,True,2023-06-07 08:15:21.341467
710,968,416,Message content 710,True,2023-12-06 21:22:46.817471
711,756,400,Message content 711,False,2024-04-13 03:08:14.593154
712,363,377,Message content 712,False,2024-02-12 13:20:05.665699
713,595,463,Message content 713,False,2023-11-16 08:17:27.471211
714,992,512,Message content 714,False,2023-03-13 07:56:23.387483
715,192,623,Message content 715,True,2023-11-15 05:31:23.466435
716,322,604,Message content 716,False,2023-06-03 05:41:36.573819
717,880,295,Message content 717,True,2023-07-07 12:33:50.078736
718,628,82,Message content 718,True,2024-02-06 11:19:40.942849
719,764,557,Message content 719,True,2023-10-18 00:34:40.885490
720,33,751,Message content 720,False,2023-12-27 19:29:57.885177
721,605,173,Message content 721,True,2023-07-22 19:11:12.640773
722,4,973,Message content 722,True,2023-09-05 21:47:28.776242
723,30,989,Message content 723,False,2024-08-30 22:52:36.532071
724,71,75,Message content 724,False,2023-09-02 15:59:12.278770
725,31,326,Message content 725,True,2024-03-19 09:22:56.096285
726,698,24,Message content 726,True,2024-10-16 23:45:38.532774
727,211,500,Message content 727,False,2023-08-25 20:25:14.060010
728,198,79,Message content 728,False,2023-03-12 22:47:48.844353
729,357,175,Message content 729,True,2024-02-07 22:42:43.942518
730,587,398,Message content 730,False,2024-08-09 03:38:15.004371
731,116,123,Message content 731,True,2023-08-23 10:36:13.396067
732,350,516,Message content 732,True,2024-11-30 12:06:03.801079
733,627,927,Message content 733,False,2024-02-14 10:12:16.888883
734,399,200,Message content 734,False,2024-04-30 16:43:28.810135
735,754,966,Message content 735,False,2024-03-16 10:19:42.686452
736,906,257,Message content 736,False,2023-12-08 02:52:35.752231
737,376,69,Message content 737,True,2024-11-21 04:53:56.969948
738,2,225,Message content 738,False,2023-02-06 13:20:44.942392
739,312,5,Message content 739,False,2023-03-08 22:53:36.125343
740,457,62,Message content 740,False,2023-08-21 01:35:21.851881
741,247,767,Message content 741,False,2023-02-08 23:27:20.633793
742,750,466,Message content 742,False,2023-11-03 07:02:07.782662
743,876,717,Message content 743,True,2023-05-22 19:36:10.267453
744,747,873,Message content 744,True,2024-10-03 15:03:42.175281
745,655,545,Message content 745,True,2023-04-23 02:53:57.581987
746,420,246,Message content 746,False,2024-03-29 22:54:04.283719
747,723,861,Message content 747,True,2024-10-29 04:53:31.392379
748,212,47,Message content 748,True,2024-08-09 11:57:28.876505
749,193,759,Message content 749,True,2023-12-28 14:52:34.287768
750,556,859,Message content 750,False,2023-02-28 19:57:48.124604
751,283,122,Message content 751,False,2023-01-05 20:34:20.677154
752,849,4,Message content 752,True,2023-03-31 02:12:21.449449
753,603,240,Message content 753,False,2023-12-14 21:50:16.760958
754,439,74,Message content 754,True,2024-01-27 07:13:05.718594
755,349,882,Message content 755,True,2023-09-08 09:24:45.740660
756,194,689,Message content 756,False,2024-01-20 06:00:11.314402
757,290,901,Message content 757,False,2024-04-26 12:18:07.253946
758,477,636,Message content 758,False,2024-11-15 01:41:55.420255
759,377,961,Message content 759,False,2023-05-25 11:17:02.935256
760,405,819,Message content 760,False,2024-03-16 08:51:25.804693
761,980,182,Message content 761,False,2023-04-17 05:05:53.044836
762,318,337,Message content 762,True,2024-04-12 00:23:43.033516
763,535,484,Message content 763,False,2023-04-26 15:20:19.660019
764,561,673,Message content 764,False,2023-09-25 07:19:33.059683
765,882,327,Message content 765,True,2024-09-04 23:39:25.338008
766,210,650,Message content 766,False,2024-09-22 23:43:54.492027
767,576,639,Message content 767,True,2023-08-31 06:06:47.470912
768,749,270,Message content 768,True,2023-05-27 17:50:45.349643
769,159,980,Message content 769,False,2023-11-18 00:58:03.677097
770,803,327,Message content 770,False,2023-04-04 10:28:19.005374
771,981,458,Message content 771,False,2024-02-20 07:45:03.199217
772,540,727,Message content 772,False,2023-05-06 07:17:48.727987
773,761,227,Message content 773,False,2023-02-03 23:19:46.552873
774,798,343,Message content 774,False,2024-02-17 07:43:27.208640
775,435,808,Message content 775,True,2024-12-07 05:47:30.536340
776,853,500,Message content 776,False,2024-02-23 01:11:52.845384
777,250,954,Message content 777,False,2023-09-14 05:35:16.059737
778,614,200,Message content 778,True,2024-08-06 14:41:22.549944
779,629,785,Message content 779,True,2024-11-14 18:45:32.941498
780,818,742,Message content 780,True,2024-05-20 17:00:15.538404
781,514,300,Message content 781,False,2023-05-16 05:49:57.818736
782,194,93,Message content 782,False,2023-12-05 18:06:18.391345
783,739,301,Message content 783,False,2023-07-28 07:36:35.694769
784,328,353,Message content 784,False,2023-08-30 07:24:14.171984
785,276,227,Message content 785,False,2024-03-29 07:27:27.880270
786,114,383,Message content 786,True,2023-05-23 10:55:20.691841
787,388,391,Message content 787,True,2023-03-30 11:23:26.671290
788,407,428,Message content 788,True,2024-07-02 18:41:44.202708
789,642,958,Message content 789,False,2023-05-11 06:51:30.870591
790,223,456,Message content 790,False,2024-05-26 09:57:46.963298
791,786,137,Message content 791,True,2023-11-12 18:26:53.852011
792,188,7,Message content 792,True,2024-06-02 18:36:36.531667
793,541,204,Message content 793,False,2024-03-19 06:38:06.215702
794,696,639,Message content 794,False,2024-07-11 09:29:32.022266
795,903,723,Message content 795,True,2024-04-12 18:44:25.643115
796,292,218,Message content 796,False,2024-10-30 03:47:46.420266
797,364,207,Message content 797,False,2023-04-15 22:24:03.794423
798,406,634,Message content 798,False,2023-02-22 22:32:27.968082
799,537,998,Message content 799,False,2024-01-16 11:29:36.111823
800,530,454,Message content 800,False,2024-05-21 20:19:24.946529
801,46,385,Message content 801,False,2023-05-05 14:05:31.865762
802,618,944,Message content 802,False,2024-11-08 11:59:56.072987
803,751,885,Message content 803,False,2023-02-18 21:18:51.930850
804,514,396,Message content 804,True,2024-05-19 05:58:58.221243
805,925,879,Message content 805,True,2024-01-28 09:49:52.118262
806,227,671,Message content 806,False,2023-03-21 16:37:30.057243
807,279,432,Message content 807,True,2023-02-06 07:10:35.655750
808,661,964,Message content 808,False,2024-01-10 22:44:32.878375
809,264,807,Message content 809,True,2024-12-22 16:15:29.038811
810,452,379,Message content 810,True,2024-11-20 12:25:50.077220
811,328,230,Message content 811,False,2023-02-11 16:47:28.371290
812,849,174,Message content 812,False,2024-08-14 15:23:44.234051
813,841,667,Message content 813,False,2024-03-13 12:09:47.484218
814,167,718,Message content 814,True,2024-05-23 07:06:05.117276
815,754,373,Message content 815,False,2023-04-06 02:39:03.097934
816,576,707,Message content 816,False,2023-11-10 01:43:48.489474
817,475,413,Message content 817,True,2024-09-15 21:40:23.424481
818,390,999,Message content 818,False,2023-09-25 11:10:57.840100
819,141,213,Message content 819,False,2023-01-23 18:26:31.318356
820,623,568,Message content 820,False,2024-10-13 22:39:58.056472
821,541,227,Message content 821,True,2023-10-14 19:12:30.880314
822,434,937,Message content 822,True,2023-06-01 20:26:27.584924
823,118,940,Message content 823,False,2023-11-13 10:11:58.352276
824,585,457,Message content 824,False,2024-01-21 11:48:13.376208
825,969,656,Message content 825,True,2024-11-22 02:52:03.984629
826,699,780,Message content 826,True,2024-04-05 03:45:48.266920
827,998,584,Message content 827,True,2024-09-11 10:49:29.727259
828,211,714,Message content 828,False,2024-04-12 19:29:43.227932
829,8,147,Message content 829,False,2024-12-13 22:47:27.723728
830,61,687,Message content 830,False,2024-10-26 19:40:24.340140
831,370,152,Message content 831,False,2023-08-27 08:06:54.949663
832,758,672,Message content 832,True,2023-10-07 06:55:48.109856
833,788,186,Message content 833,False,2023-11-24 16:56:54.024612
834,379,946,Message content 834,False,2024-01-21 06:24:01.489532
835,367,269,Message content 835,False,2024-11-13 12:50:45.741708
836,744,649,Message content 836,False,2024-04-03 14:09:20.681859
837,191,411,Message content 837,True,2023-02-25 06:17:50.473083
838,171,5,Message content 838,False,2024-09-17 16:56:47.067891
839,114,593,Message content 839,False,2024-12-14 15:40:44.398010
840,149,946,Message content 840,False,2024-10-05 09:58:13.432214
841,689,240,Message content 841,True,2023-04-26 12:42:26.181744
842,112,529,Message content 842,False,2023-07-23 18:13:55.195611
843,785,978,Message content 843,True,2023-11-19 02:05:44.216584
844,939,722,Message content 844,False,2023-04-10 19:51:53.723501
845,804,451,Message content 845,True,2024-08-13 17:16:46.089639
846,340,916,Message content 846,False,2024-05-29 02:10:16.091767
847,163,556,Message content 847,False,2024-12-03 12:35:33.668224
848,42,390,Message content 848,True,2023-03-21 19:48:57.444282
849,432,403,Message content 849,True,2024-03-11 13:04:30.450948
850,797,557,Message content 850,False,2023-07-05 01:33:26.267042
851,78,454,Message content 851,True,2023-04-21 15:48:13.580972
852,780,940,Message content 852,True,2023-04-09 11:05:42.427611
853,472,395,Message content 853,True,2023-04-13 06:09:04.261309
854,737,925,Message content 854,True,2023-10-10 21:13:09.395370
855,790,280,Message content 855,True,2024-05-05 01:44:22.694733
856,346,911,Message content 856,True,2024-08-27 06:03:20.174815
857,78,721,Message content 857,False,2023-02-04 00:49:52.637304
858,111,890,Message content 858,False,2024-01-09 22:21:20.374485
859,416,414,Message content 859,True,2024-09-03 18:39:38.265150
860,631,354,Message content 860,True,2023-08-01 01:28:34.679555
861,151,720,Message content 861,True,2023-05-26 01:39:29.816258
862,792,864,Message content 862,False,2024-07-10 18:39:14.564372
863,355,297,Message content 863,False,2024-05-16 01:52:24.545171
864,190,232,Message content 864,True,2023-06-17 22:04:42.776872
865,572,513,Message content 865,True,2023-07-26 19:34:38.637096
866,262,80,Message content 866,False,2023-05-02 17:20:14.928431
867,596,331,Message content 867,False,2023-01-20 06:51:35.177194
868,152,790,Message content 868,False,2023-11-28 00:48:25.033467
869,991,303,Message content 869,True,2024-05-12 09:55:41.459231
870,759,257,Message content 870,True,2024-09-09 03:45:17.633635
871,556,430,Message content 871,True,2024-04-03 01:30:42.357310
872,581,243,Message content 872,True,2023-05-24 07:08:23.805171
873,399,258,Message content 873,True,2024-01-03 08:13:09.561064
874,324,688,Message content 874,False,2024-05-16 21:59:12.323942
875,422,58,Message content 875,True,2024-02-23 08:52:05.033788
876,234,811,Message content 876,True,2024-09-06 17:25:57.520551
877,93,507,Message content 877,False,2024-05-19 08:44:23.645466
878,124,431,Message content 878,True,2024-07-09 08:10:41.247011
879,658,757,Message content 879,True,2024-03-25 01:49:23.512834
880,450,455,Message content 880,False,2024-04-09 01:31:24.186818
881,413,230,Message content 881,False,2024-07-24 13:23:27.636627
882,181,647,Message content 882,False,2024-10-13 23:17:48.040002
883,931,591,Message content 883,False,2024-05-30 17:26:33.646547
884,989,632,Message content 884,True,2024-02-23 05:23:08.373958
885,976,978,Message content 885,True,2023-02-07 12:42:39.735207
886,965,673,Message content 886,False,2023-08-06 08:05:17.557167
887,680,784,Message content 887,True,2024-10-17 10:46:14.511212
888,792,766,Message content 888,True,2023-07-16 04:40:43.650909
889,651,129,Message content 889,False,2024-07-30 16:36:23.216651
890,247,179,Message content 890,True,2023-06-13 12:48:41.684551
891,971,326,Message content 891,False,2024-03-25 11:00:40.338836
892,469,581,Message content 892,True,2024-10-07 19:38:08.652037
893,40,714,Message content 893,False,2023-04-21 00:20:29.161228
894,950,315,Message content 894,True,2024-01-17 02:01:44.605403
895,735,776,Message content 895,True,2023-03-02 13:27:31.906876
896,101,770,Message content 896,True,2024-07-18 00:23:29.674906
897,3,421,Message content 897,False,2024-11-27 09:44:39.884978
898,40,756,Message content 898,True,2024-05-04 19:44:25.435458
899,665,718,Message content 899,False,2024-06-15 17:28:20.726960
900,570,792,Message content 900,False,2023-03-22 19:47:27.447234
901,276,781,Message content 901,True,2024-11-06 01:19:58.478246
902,220,876,Message content 902,True,2023-02-12 20:50:34.896855
903,107,766,Message content 903,True,2024-08-15 22:54:31.014801
904,80,832,Message content 904,True,2024-09-18 22:51:33.789440
905,858,460,Message content 905,True,2023-03-16 21:33:47.491489
906,877,298,Message content 906,True,2023-07-14 16:03:07.838208
907,114,625,Message content 907,True,2023-01-31 14:42:06.826060
908,970,219,Message content 908,False,2024-11-27 07:04:12.919988
909,200,562,Message content 909,False,2024-09-11 13:50:17.129476
910,237,990,Message content 910,True,2023-05-11 22:26:48.664563
911,597,239,Message content 911,True,2024-02-10 05:00:41.439512
912,322,297,Message content 912,False,2023-02-10 01:18:43.212070
913,586,745,Message content 913,False,2023-04-25 22:17:31.055220
914,316,392,Message content 914,False,2024-02-19 04:09:47.440381
915,802,703,Message content 915,True,2024-05-30 16:33:34.764343
916,481,68,Message content 916,True,2023-07-12 01:00:00.733558
917,285,582,Message content 917,False,2023-09-05 22:31:35.166918
918,755,872,Message content 918,False,2024-12-23 22:14:17.917597
919,617,528,Message content 919,False,2023-01-08 14:16:51.821211
920,535,310,Message content 920,True,2024-11-20 07:00:01.413700
921,904,389,Message content 921,False,2023-05-28 23:06:14.187122
922,80,354,Message content 922,True,2024-10-06 08:42:43.851187
923,200,223,Message content 923,False,2023-01-11 19:52:55.925926
924,428,200,Message content 924,True,2023-09-06 11:27:15.810301
925,924,240,Message content 925,False,2023-06-23 13:37:24.902342
926,652,658,Message content 926,True,2024-07-29 00:06:26.987836
927,745,503,Message content 927,False,2023-01-31 02:23:26.980968
928,779,283,Message content 928,True,2024-03-02 22:54:10.089607
929,604,63,Message content 929,False,2024-06-19 08:40:12.850882
930,840,733,Message content 930,False,2023-12-31 14:08:29.199927
931,6,293,Message content 931,False,2023-11-24 20:46:56.639118
932,262,813,Message content 932,False,2023-06-18 01:07:25.809740
933,287,433,Message content 933,True,2023-09-12 23:18:42.286745
934,941,943,Message content 934,True,2023-08-08 01:50:00.953436
935,759,781,Message content 935,True,2023-05-13 04:27:13.509398
936,398,23,Message content 936,False,2024-02-02 22:04:07.924064
937,228,649,Message content 937,True,2024-09-02 08:35:32.853129
938,608,691,Message content 938,False,2023-10-29 13:40:17.185576
939,47,980,Message content 939,True,2024-06-10 12:01:59.532363
940,339,601,Message content 940,False,2024-06-20 19:52:43.996200
941,650,442,Message content 941,False,2023-06-14 23:27:30.059810
942,698,325,Message content 942,True,2024-07-22 08:52:56.702752
943,953,973,Message content 943,False,2023-10-28 20:01:57.341534
944,584,529,Message content 944,True,2023-03-05 13:09:55.911049
945,243,196,Message content 945,True,2024-04-01 14:39:09.011115
946,962,700,Message content 946,False,2023-07-16 04:07:54.968590
947,182,838,Message content 947,True,2024-09-16 16:40:50.410753
948,435,451,Message content 948,True,2023-11-10 13:26:10.863870
949,263,779,Message content 949,True,2023-06-01 13:41:35.924301
950,944,547,Message content 950,False,2024-06-30 05:35:58.090188
951,58,336,Message content 951,False,2023-06-02 09:16:48.337118
952,653,91,Message content 952,True,2024-01-22 10:50:24.256279
953,146,84,Message content 953,True,2024-03-30 19:59:44.603746
954,27,100,Message content 954,True,2024-01-21 22:24:20.143228
955,981,878,Message content 955,True,2023-08-05 00:45:05.666361
956,580,784,Message content 956,True,2023-02-05 20:41:39.174349
957,116,589,Message content 957,False,2024-04-26 07:48:41.169968
958,225,619,Message content 958,True,2024-10-07 01:18:30.153302
959,739,268,Message content 959,True,2023-11-21 07:03:39.156390
960,605,650,Message content 960,False,2024-12-15 04:18:38.724858
961,238,381,Message content 961,True,2024-04-13 16:15:37.029982
962,173,867,Message content 962,True,2023-06-03 20:32:12.714557
963,45,307,Message content 963,True,2023-06-20 23:35:04.884975
964,977,419,Message content 964,True,2024-05-18 06:25:42.823600
965,898,642,Message content 965,False,2023-02-28 01:05:06.436311
966,601,835,Message content 966,False,2023-03-24 00:30:41.881959
967,329,151,Message content 967,True,2024-03-21 00:47:09.888851
968,753,365,Message content 968,False,2023-11-03 10:38:27.233001
969,87,55,Message content 969,True,2023-12-26 09:29:47.647249
970,318,276,Message content 970,True,2023-12-10 08:00:40.537068
971,957,837,Message content 971,False,2023-07-02 19:13:27.910201
972,170,790,Message content 972,True,2023-07-30 21:49:53.592003
973,23,68,Message content 973,True,2024-01-06 10:55:30.767537
974,274,899,Message content 974,False,2023-10-19 20:43:51.716998
975,493,49,Message content 975,True,2024-03-25 11:07:59.117480
976,734,647,Message content 976,False,2023-10-15 00:58:32.605083
977,947,419,Message content 977,True,2023-03-25 13:35:20.899614
978,2,450,Message content 978,True,2023-04-09 19:16:22.840107
979,168,618,Message content 979,False,2024-06-24 03:41:43.374642
980,693,150,Message content 980,False,2024-11-12 00:07:52.549286
981,571,756,Message content 981,True,2024-11-06 10:29:30.454641
982,933,113,Message content 982,False,2023-07-04 08:32:48.544586
983,569,899,Message content 983,False,2023-11-02 16:01:42.190682
984,405,204,Message content 984,True,2023-01-10 17:39:39.620076
985,890,38,Message content 985,False,2024-10-22 09:30:33.857976
986,317,935,Message content 986,True,2024-07-01 04:50:52.285730
987,282,688,Message content 987,True,2023-09-28 03:29:04.791337
988,496,198,Message content 988,True,2024-06-23 11:33:46.822737
989,337,178,Message content 989,False,2024-04-20 15:38:51.100072
990,751,961,Message content 990,False,2024-06-18 07:07:32.960132
991,797,30,Message content 991,False,2024-01-29 14:53:09.861248
992,365,523,Message content 992,True,2023-11-04 02:44:46.944231
993,831,503,Message content 993,False,2023-09-10 14:09:19.570010
994,503,225,Message content 994,True,2024-12-28 11:58:03.752387
995,622,572,Message content 995,True,2023-05-01 01:00:47.861182
996,460,305,Message content 996,True,2024-07-02 04:19:06.249940
997,511,233,Message content 997,False,2024-06-11 00:32:03.727403
998,42,419,Message content 998,True,2023-10-02 23:08:18.120618
999,734,368,Message content 999,False,2024-08-11 01:21:35.083736
1000,87,648,Message content 1000,False,2023-10-06 08:55:52.690006
