id,order_id,product_id,quantity,unit_price,total_price,product_variant_id
1,31,357,2,25.99,848.06,37
2,973,978,2,89.88,395.52,67
3,250,212,4,162.43,130.53,21
4,411,630,3,159.67,348.03,66
5,810,740,4,56.83,60.48,17
6,456,727,1,140.57,38.91,84
7,704,224,2,140.4,317.78,76
8,159,806,1,57.16,498.24,67
9,335,773,2,95.9,629.7,81
10,953,275,2,57.82,692.06,7
11,538,523,3,170.47,973.07,68
12,873,31,1,169.42,159.6,13
13,359,281,2,46.5,940.49,3
14,292,32,2,128.86,463.37,97
15,976,981,4,82.7,761.38,34
16,417,616,3,17.77,574.47,64
17,499,444,5,57.49,789.08,88
18,31,337,5,28.48,609.11,39
19,547,830,2,86.67,652.98,9
20,410,518,2,33.51,396.9,70
21,297,675,5,172.17,652.41,35
22,823,577,4,131.09,110.25,56
23,325,473,3,45.9,308.23,69
24,520,268,2,111.35,434.26,43
25,337,539,1,176.76,947.65,1
26,539,183,2,25.78,965.73,84
27,154,260,5,150.18,739.44,24
28,346,493,5,65.57,617.36,38
29,280,167,1,42.3,963.68,45
30,966,370,1,13.77,942.52,32
31,537,710,1,68.6,578.37,29
32,439,758,4,37.27,979.99,61
33,447,997,5,152.47,966.76,100
34,372,171,1,33.94,648.17,75
35,518,793,3,122.18,912.68,77
36,92,782,1,179.03,87.24,68
37,900,703,5,135.31,995.03,4
38,265,480,4,31.29,90.96,72
39,474,338,4,99.86,172.89,73
40,520,902,4,56.12,964.5,76
41,313,713,2,178.71,496.31,44
42,178,266,3,65.87,490.83,37
43,670,408,3,38.77,468.55,13
44,279,765,2,97.23,495.68,27
45,798,641,3,119.42,451.03,20
46,609,379,5,169.03,786.37,93
47,979,898,3,168.84,660.41,38
48,359,522,4,51.2,937.23,56
49,358,26,4,123.76,46.0,10
50,151,904,2,39.47,675.92,47
51,950,110,5,108.83,410.48,26
52,671,534,3,177.64,480.17,47
53,46,308,3,147.45,95.72,53
54,55,120,4,113.35,736.24,27
55,802,117,4,20.21,569.9,70
56,514,412,5,184.17,850.08,31
57,837,172,2,116.56,101.94,3
58,823,947,2,152.2,230.98,74
59,690,484,5,180.31,936.58,97
60,256,718,1,78.74,712.43,39
61,889,624,4,44.53,436.51,2
62,547,463,3,146.21,928.38,11
63,47,249,1,95.58,32.5,54
64,850,919,3,117.35,786.05,12
65,64,656,2,76.73,65.66,96
66,505,463,4,107.83,436.58,88
67,923,827,1,58.16,475.15,33
68,670,568,5,46.41,365.72,8
69,650,550,3,53.15,219.07,98
70,365,943,3,84.99,531.52,46
71,79,111,1,133.73,302.44,27
72,469,31,5,140.56,723.3,11
73,329,967,2,184.63,669.07,91
74,969,912,5,22.07,86.5,69
75,697,236,5,112.82,261.13,34
76,339,596,3,175.53,791.63,66
77,858,998,2,114.09,192.99,51
78,910,745,3,161.7,163.89,68
79,717,816,2,149.06,765.16,74
80,788,894,3,124.81,62.58,32
81,468,5,1,18.53,338.2,82
82,462,959,2,62.71,987.11,92
83,975,825,5,108.96,647.99,36
84,914,959,5,24.65,748.51,17
85,343,778,1,177.12,272.88,11
86,111,379,5,119.16,53.36,93
87,242,172,4,138.41,627.68,20
88,517,742,5,177.81,255.85,82
89,287,554,3,74.77,867.86,83
90,410,112,5,176.08,344.59,76
91,414,50,4,84.16,399.99,65
92,564,61,2,58.82,479.47,12
93,520,542,3,66.71,721.65,56
94,642,67,2,171.89,148.91,96
95,223,436,2,124.0,990.32,30
96,434,679,5,20.61,760.3,58
97,153,226,3,113.38,413.42,91
98,638,402,5,133.52,462.89,6
99,622,419,3,191.08,565.22,31
100,948,244,1,142.32,415.6,59
101,279,138,2,103.77,676.37,30
102,937,456,2,62.99,486.14,98
103,202,527,4,110.35,637.6,24
104,519,922,2,80.65,84.72,24
105,821,121,4,62.69,280.86,93
106,251,928,3,107.23,752.86,83
107,471,436,1,102.27,133.35,2
108,212,485,2,171.42,969.45,16
109,423,506,1,78.85,501.26,100
110,100,276,5,18.36,82.73,49
111,40,619,5,55.66,497.77,6
112,2,81,3,122.94,99.16,2
113,258,162,3,172.61,730.58,40
114,397,489,4,18.12,521.85,46
115,651,349,5,28.86,552.91,57
116,577,807,1,194.41,513.65,38
117,988,230,3,166.67,23.4,1
118,501,780,2,28.47,784.71,5
119,620,710,1,22.26,50.48,13
120,256,884,4,107.88,585.4,36
121,910,705,1,129.73,459.93,33
122,155,211,5,51.07,971.53,90
123,401,282,2,194.07,26.73,83
124,211,999,4,39.93,385.49,33
125,678,649,5,136.08,684.66,95
126,323,693,3,147.63,150.83,17
127,855,905,1,65.44,514.24,57
128,977,352,5,58.69,545.09,62
129,821,609,5,171.67,96.55,3
130,511,216,4,107.84,947.08,100
131,226,695,2,141.59,404.16,98
132,351,614,1,172.3,864.45,55
133,737,65,5,94.12,510.57,33
134,71,331,2,101.93,338.96,98
135,958,708,5,21.67,151.93,46
136,983,149,4,180.68,235.74,77
137,26,871,3,26.0,230.84,40
138,386,200,4,159.52,935.74,90
139,838,261,1,113.34,535.11,82
140,577,385,4,191.68,464.36,40
141,417,871,5,83.81,171.37,81
142,361,147,5,78.9,656.27,90
143,516,830,1,173.52,195.47,71
144,475,822,1,154.76,913.5,66
145,415,602,1,198.92,386.16,85
146,307,379,1,50.91,100.02,15
147,325,963,4,93.5,126.87,60
148,13,470,5,136.33,79.26,60
149,742,130,2,173.49,421.43,58
150,435,846,5,158.64,814.19,51
151,237,362,2,115.77,63.1,20
152,332,257,3,163.77,164.08,37
153,570,731,1,88.33,417.53,97
154,250,442,3,134.19,238.89,19
155,279,195,5,55.55,423.89,51
156,48,191,3,72.38,235.83,10
157,405,478,3,162.18,243.31,69
158,519,430,3,150.36,932.35,28
159,484,111,1,22.87,491.15,18
160,879,334,3,144.56,497.3,30
161,175,371,3,91.76,162.29,94
162,928,118,1,13.49,130.93,49
163,539,890,4,118.59,657.57,36
164,720,804,1,149.06,872.44,21
165,125,17,5,80.79,401.34,70
166,384,328,3,131.1,731.55,80
167,365,542,5,130.41,400.03,6
168,128,555,4,141.75,248.02,32
169,721,748,2,199.58,599.37,99
170,196,596,2,54.72,991.5,16
171,768,270,1,169.98,287.34,91
172,477,817,4,12.03,118.84,92
173,731,392,5,168.32,805.05,15
174,815,812,2,64.12,641.4,98
175,675,793,2,90.59,714.14,51
176,368,758,2,165.65,773.32,88
177,426,347,4,115.31,762.68,91
178,136,9,3,178.63,762.02,61
179,29,584,2,42.05,555.41,78
180,766,509,3,77.0,776.79,49
181,855,152,4,64.92,724.85,31
182,689,948,5,74.77,630.83,33
183,887,981,3,125.04,533.42,21
184,22,279,5,143.42,453.26,84
185,441,626,4,127.91,912.43,14
186,350,202,2,39.47,717.69,79
187,467,973,1,167.27,405.96,85
188,547,93,3,72.72,922.72,10
189,855,432,3,175.93,31.26,22
190,810,653,4,141.78,390.02,90
191,296,166,5,185.46,24.78,59
192,645,856,5,135.44,490.85,56
193,843,493,1,108.21,691.27,19
194,889,151,2,20.4,931.25,89
195,186,526,5,196.78,249.46,71
196,282,553,3,34.6,205.09,23
197,30,434,5,166.65,880.93,92
198,641,390,4,37.29,37.31,36
199,906,378,4,14.15,520.13,78
200,270,709,2,47.33,474.93,12
201,530,764,1,126.42,673.51,59
202,76,888,2,29.07,428.84,93
203,818,315,3,199.24,647.4,16
204,596,386,2,117.44,585.35,49
205,239,19,4,59.81,430.61,28
206,364,78,3,110.94,995.28,95
207,311,33,5,134.6,484.26,53
208,595,746,3,59.59,161.89,67
209,529,719,2,131.02,362.44,20
210,274,938,2,54.59,693.11,4
211,977,874,4,197.35,35.2,51
212,902,276,1,176.11,582.89,21
213,721,13,2,35.85,430.22,47
214,27,189,4,65.0,245.82,82
215,442,11,1,117.57,405.7,51
216,894,464,1,67.98,22.6,22
217,581,672,5,139.86,826.94,46
218,730,255,5,91.64,851.28,51
219,862,835,5,108.97,198.55,33
220,777,444,5,181.15,651.2,46
221,473,780,1,112.73,834.3,46
222,821,106,1,156.26,786.73,66
223,671,671,1,35.95,499.08,48
224,628,764,1,100.42,271.54,88
225,800,314,4,183.8,370.81,50
226,719,987,5,179.94,614.55,75
227,917,345,1,151.15,751.07,70
228,326,64,4,144.26,360.38,89
229,991,803,1,124.56,229.3,8
230,699,580,3,11.21,394.19,55
231,461,473,1,110.93,922.14,9
232,842,873,2,11.79,825.6,36
233,404,326,1,57.56,206.27,11
234,288,748,5,127.0,533.83,7
235,264,404,3,168.84,558.55,30
236,484,314,5,191.63,92.6,44
237,86,264,3,178.21,467.88,32
238,544,171,2,195.01,981.66,35
239,250,546,3,63.64,720.53,72
240,67,666,2,125.52,323.47,22
241,839,902,4,55.22,703.48,19
242,549,310,3,140.32,829.08,45
243,236,300,4,164.35,826.34,15
244,531,467,2,194.25,189.99,93
245,80,371,5,83.75,97.29,26
246,437,20,4,27.23,891.47,83
247,308,202,4,24.48,485.78,65
248,120,555,1,108.74,982.91,2
249,843,909,2,10.43,286.75,50
250,731,28,4,179.76,932.19,81
251,529,868,4,66.31,849.76,93
252,44,142,3,56.66,780.74,52
253,579,73,5,178.97,812.36,34
254,115,765,2,106.69,169.63,44
255,158,719,2,77.02,479.87,21
256,892,414,1,110.71,798.93,52
257,264,576,1,12.99,812.01,43
258,338,412,2,138.44,972.43,84
259,555,478,2,144.74,911.25,50
260,414,903,5,153.7,390.36,23
261,73,536,1,66.33,723.14,60
262,320,207,5,14.53,626.25,41
263,776,330,2,83.79,475.67,24
264,41,518,1,164.16,822.26,89
265,857,484,4,42.38,199.25,79
266,887,646,5,100.71,53.71,12
267,960,378,2,78.24,952.28,26
268,99,322,2,93.69,78.31,87
269,806,855,1,109.29,266.91,80
270,99,973,4,55.42,539.83,24
271,608,481,2,160.93,969.51,74
272,341,427,4,187.22,500.48,16
273,472,771,2,116.14,827.06,75
274,762,310,1,165.69,63.42,82
275,268,327,1,65.58,993.55,67
276,408,598,4,71.68,83.01,79
277,687,417,4,144.78,899.34,34
278,221,603,1,78.82,883.19,54
279,444,560,1,167.74,802.96,88
280,592,979,5,82.16,876.65,5
281,298,402,1,19.81,511.04,42
282,645,580,3,36.18,309.44,26
283,318,903,4,149.5,587.13,30
284,687,459,3,160.94,60.27,8
285,975,946,3,149.77,897.77,32
286,680,428,4,43.39,186.66,13
287,38,133,5,31.56,641.23,90
288,128,684,2,85.0,24.76,73
289,211,401,5,168.74,554.42,24
290,569,123,4,87.69,251.91,57
291,753,556,2,71.56,541.22,67
292,937,981,2,62.1,894.89,39
293,502,224,5,78.04,366.72,92
294,41,48,1,22.78,624.89,15
295,732,127,1,85.59,115.59,84
296,809,33,5,186.25,77.84,1
297,67,132,5,28.9,183.81,5
298,173,96,5,33.36,833.51,71
299,624,871,1,149.63,490.91,75
300,978,416,1,46.33,381.58,35
301,798,409,5,11.6,198.51,34
302,377,764,4,78.8,211.03,23
303,426,548,4,51.91,608.0,76
304,973,30,3,12.7,484.64,25
305,799,195,3,93.51,460.47,52
306,386,741,3,102.33,326.09,88
307,998,761,4,127.49,219.55,20
308,645,301,1,167.76,191.94,8
309,713,212,3,180.5,85.27,61
310,712,740,1,32.97,172.13,95
311,699,556,5,119.6,955.21,93
312,905,967,1,47.65,667.66,8
313,860,704,5,49.91,638.95,28
314,693,962,3,15.06,278.82,69
315,668,813,2,81.08,28.36,78
316,153,873,4,12.73,136.04,28
317,496,465,1,14.4,902.07,69
318,427,632,4,15.09,928.05,8
319,731,847,4,109.77,267.51,27
320,337,721,1,58.48,355.73,27
321,849,354,5,198.47,911.17,91
322,287,698,3,14.86,715.55,68
323,375,633,4,71.8,529.33,24
324,197,255,5,102.62,891.5,56
325,11,337,3,175.08,41.0,94
326,123,894,4,85.12,919.65,38
327,533,53,2,63.88,914.18,56
328,724,965,2,66.35,534.58,27
329,524,669,5,140.5,933.85,98
330,667,348,2,78.06,91.08,97
331,332,92,3,78.08,872.88,43
332,244,257,2,47.41,127.62,57
333,400,414,5,175.1,479.66,39
334,73,497,4,43.97,873.62,83
335,984,290,5,186.02,916.03,32
336,224,215,3,120.56,481.42,28
337,605,220,5,70.24,89.36,63
338,89,430,4,125.32,600.61,5
339,361,105,3,169.01,261.94,58
340,58,321,2,136.35,888.39,73
341,954,661,2,82.21,971.68,79
342,797,662,5,82.03,511.16,92
343,605,939,1,85.98,416.31,87
344,321,368,3,76.91,228.43,92
345,93,405,4,182.78,719.43,85
346,286,655,4,90.64,486.58,16
347,288,787,1,137.2,782.04,63
348,750,877,3,84.37,358.55,48
349,124,366,2,127.25,664.51,1
350,21,975,2,186.92,142.22,12
351,405,846,1,198.53,267.55,100
352,440,384,1,83.45,790.73,44
353,449,206,1,174.71,622.06,44
354,945,726,4,127.09,312.7,24
355,353,385,2,180.48,240.95,29
356,674,480,2,31.93,276.41,67
357,648,327,1,36.5,443.69,60
358,516,260,2,162.15,501.41,30
359,75,905,2,51.57,707.12,89
360,449,928,1,161.38,633.76,55
361,34,445,3,178.84,921.95,33
362,164,11,5,196.41,410.04,55
363,15,233,1,64.92,567.09,63
364,131,123,3,162.15,714.75,85
365,716,92,2,150.81,561.95,91
366,26,157,1,37.41,239.56,71
367,978,573,3,61.19,997.97,86
368,862,166,4,92.75,795.94,3
369,788,993,2,17.85,945.1,8
370,849,813,3,38.55,598.44,36
371,503,743,1,23.77,604.91,53
372,51,441,4,90.5,612.53,82
373,520,970,5,141.6,681.33,35
374,743,532,5,36.0,948.39,12
375,496,277,4,136.78,224.66,44
376,350,134,3,18.52,355.8,3
377,563,377,2,130.53,143.64,2
378,226,845,5,59.99,354.19,30
379,407,166,2,40.35,225.88,50
380,147,651,3,15.08,524.42,89
381,561,576,4,160.43,792.8,42
382,465,597,4,180.3,253.57,96
383,1000,322,5,102.14,741.82,46
384,959,53,3,56.1,912.13,13
385,429,202,4,48.04,906.34,18
386,156,327,4,97.81,953.87,46
387,296,33,4,25.71,84.98,9
388,815,659,2,106.63,131.51,50
389,238,346,1,190.7,484.28,60
390,647,126,3,27.45,497.44,89
391,927,844,2,196.5,490.12,43
392,889,65,3,56.85,946.19,61
393,21,8,2,137.31,146.3,2
394,896,356,3,149.59,954.64,76
395,959,305,2,180.58,970.08,7
396,931,69,2,20.52,663.58,35
397,951,385,2,133.95,689.06,70
398,137,915,4,102.72,599.18,46
399,772,584,2,186.82,987.94,1
400,853,291,3,137.27,787.01,1
401,519,361,3,85.96,83.24,18
402,429,558,4,161.97,57.99,66
403,701,221,4,39.79,814.52,63
404,582,378,5,122.81,486.63,38
405,354,638,4,125.54,391.64,7
406,613,731,4,50.83,774.02,14
407,932,338,1,59.69,344.39,23
408,456,139,4,99.6,126.76,38
409,288,340,5,29.1,424.9,73
410,412,494,2,162.58,709.46,48
411,224,580,2,126.13,813.43,25
412,585,503,3,88.18,689.23,32
413,266,107,5,152.78,603.25,29
414,282,694,2,11.99,506.09,83
415,479,585,5,170.98,332.97,64
416,502,530,5,187.01,997.93,66
417,380,793,1,107.13,906.41,55
418,239,584,5,139.54,993.25,18
419,516,521,3,74.95,261.14,93
420,36,365,1,177.26,972.69,52
421,385,179,2,131.2,740.86,98
422,970,829,1,184.06,343.7,7
423,255,810,4,71.12,753.23,32
424,424,372,3,101.81,360.31,54
425,876,581,5,167.09,163.07,12
426,470,649,1,35.88,973.83,27
427,514,483,3,115.69,34.07,25
428,544,683,5,19.01,114.79,32
429,735,528,5,128.68,615.87,44
430,802,244,5,37.54,861.23,33
431,948,33,4,38.75,30.36,99
432,993,26,1,133.47,884.5,99
433,557,742,4,25.91,251.1,62
434,437,363,3,34.36,317.01,91
435,543,780,1,116.39,889.51,25
436,963,946,5,16.42,468.88,73
437,280,499,5,69.6,909.26,26
438,565,327,3,14.16,770.64,9
439,150,561,2,187.32,836.12,57
440,827,130,2,37.78,646.52,96
441,809,954,1,32.21,292.81,29
442,672,149,3,138.07,31.61,91
443,129,861,2,67.54,834.71,12
444,67,809,2,174.15,979.92,1
445,40,708,2,126.73,185.44,36
446,797,802,3,114.9,885.62,38
447,520,931,2,60.05,559.88,75
448,796,726,1,49.86,619.64,78
449,372,5,4,194.36,453.67,39
450,244,566,4,84.47,714.1,18
451,713,459,2,170.93,770.78,72
452,523,32,4,44.58,942.77,9
453,434,467,2,152.16,679.46,53
454,603,210,1,83.27,243.5,29
455,560,525,2,129.46,380.1,63
456,458,926,2,130.2,234.59,41
457,382,974,5,170.54,271.09,41
458,33,993,4,181.78,75.06,68
459,37,657,5,41.68,922.26,81
460,827,865,4,173.69,611.4,58
461,524,402,3,28.78,199.37,48
462,106,992,5,106.55,216.48,4
463,118,240,3,122.19,493.34,45
464,556,277,1,125.0,388.06,15
465,179,457,4,35.14,84.69,93
466,830,358,5,142.7,631.17,89
467,545,986,3,57.67,291.83,67
468,122,718,1,113.06,286.64,84
469,884,604,4,193.16,945.61,98
470,232,223,4,49.8,622.84,78
471,461,521,5,136.55,566.33,41
472,853,78,1,51.3,229.04,39
473,617,935,4,188.41,45.37,26
474,646,125,1,58.52,583.33,1
475,247,523,3,32.61,734.35,70
476,458,347,2,68.6,248.52,4
477,508,646,5,177.06,137.91,60
478,533,851,3,39.19,911.1,7
479,36,543,1,148.41,561.27,34
480,766,565,4,135.23,63.85,87
481,945,832,4,33.56,910.22,87
482,737,243,4,99.26,241.69,35
483,437,259,4,198.86,799.0,49
484,412,213,4,48.27,661.54,35
485,638,909,1,193.71,393.41,74
486,368,939,2,43.65,370.1,15
487,9,11,4,11.81,985.79,99
488,46,199,1,153.52,923.55,18
489,297,673,5,187.42,331.91,38
490,388,674,3,86.81,452.09,57
491,137,247,2,38.12,525.67,82
492,935,61,1,37.58,200.96,17
493,470,93,4,68.14,221.69,21
494,103,387,1,60.12,973.53,20
495,991,145,2,60.85,439.21,69
496,300,445,1,119.38,151.2,2
497,425,302,1,156.17,532.38,24
498,177,30,4,184.92,741.32,75
499,100,127,2,104.25,377.25,90
500,444,540,1,191.55,918.83,76
501,819,923,1,35.89,55.42,48
502,636,207,5,39.78,748.73,57
503,702,52,4,107.56,43.53,46
504,897,807,5,144.99,437.28,39
505,937,288,2,198.87,435.92,78
506,792,276,1,94.32,798.63,49
507,190,790,1,85.15,170.97,38
508,984,472,5,14.46,82.07,63
509,211,543,2,84.65,763.47,20
510,299,565,4,152.33,823.92,68
511,309,889,5,21.85,91.7,76
512,507,923,1,18.99,445.82,9
513,519,823,3,72.65,612.28,37
514,282,280,5,139.72,675.05,52
515,36,680,2,130.61,299.59,94
516,384,712,5,17.86,303.44,37
517,19,595,4,196.78,844.79,33
518,399,743,1,12.01,316.08,37
519,912,239,1,176.05,622.58,26
520,928,610,1,128.63,941.42,65
521,968,637,3,19.22,618.98,12
522,103,745,5,57.56,805.71,96
523,959,855,5,15.1,122.37,47
524,973,789,2,130.39,107.82,7
525,516,645,2,60.11,816.83,48
526,872,826,4,146.95,342.99,81
527,703,862,4,120.68,783.9,95
528,854,4,1,137.76,782.71,74
529,999,406,3,103.88,372.63,5
530,348,853,4,41.67,219.77,62
531,526,747,2,70.87,979.95,54
532,898,172,1,115.34,381.83,39
533,533,734,1,78.38,184.15,25
534,910,246,3,168.1,747.54,95
535,941,416,2,109.42,466.04,11
536,879,254,4,188.51,190.84,11
537,884,369,1,145.61,673.55,17
538,434,172,1,55.73,639.64,71
539,72,831,4,57.97,694.21,11
540,401,591,3,198.73,706.41,23
541,257,280,4,76.73,350.91,84
542,543,845,3,119.89,286.59,58
543,141,325,2,196.05,252.38,97
544,515,452,4,52.89,750.45,84
545,16,156,1,63.27,965.46,9
546,526,754,2,154.61,603.95,62
547,502,277,5,37.93,791.15,23
548,640,117,5,27.79,556.71,50
549,744,590,2,153.44,458.48,47
550,656,123,2,154.93,865.45,2
551,211,101,4,15.23,683.3,22
552,583,157,1,105.69,575.93,37
553,480,266,5,189.89,140.66,57
554,113,236,5,167.88,36.68,84
555,923,813,4,180.85,835.74,33
556,59,768,4,119.36,802.3,43
557,891,446,3,129.89,778.88,55
558,611,951,3,93.17,407.29,38
559,321,575,4,165.82,725.05,27
560,684,586,5,89.78,686.16,37
561,76,816,4,84.31,498.82,55
562,571,551,2,53.06,137.43,24
563,503,295,4,131.69,409.49,63
564,344,546,1,125.71,375.5,32
565,478,286,3,57.3,240.42,36
566,707,576,1,72.22,412.34,17
567,145,222,1,55.28,960.68,21
568,689,1,3,143.73,944.26,58
569,655,865,3,147.08,548.2,47
570,597,786,2,81.55,598.34,14
571,119,642,4,177.9,996.37,3
572,252,32,5,133.68,964.65,45
573,938,45,1,98.85,398.37,12
574,351,84,4,106.56,276.19,76
575,65,570,2,90.55,55.58,77
576,828,835,3,57.77,727.63,23
577,756,854,4,38.5,840.85,23
578,987,503,2,55.89,863.53,12
579,924,489,5,126.1,399.41,63
580,189,122,4,197.34,512.18,30
581,553,597,1,114.37,231.28,80
582,152,521,4,91.43,610.69,25
583,570,418,1,150.14,610.42,95
584,328,647,3,126.96,242.13,14
585,391,835,4,123.12,477.94,60
586,35,6,4,159.66,131.94,93
587,125,493,3,192.32,833.31,13
588,152,169,3,66.87,341.03,93
589,199,755,5,140.79,521.03,71
590,637,688,5,10.17,775.64,49
591,20,88,4,122.99,679.35,31
592,642,577,5,191.53,396.91,89
593,161,191,3,74.47,581.58,90
594,92,528,5,34.34,579.63,60
595,861,377,4,74.09,240.23,40
596,125,278,5,166.96,437.55,67
597,868,969,5,40.41,794.7,16
598,871,747,4,98.15,779.62,42
599,437,691,2,83.62,174.62,53
600,731,876,3,123.96,290.16,46
601,294,488,3,190.68,41.92,29
602,266,529,4,156.11,525.56,43
603,733,95,3,21.48,102.23,30
604,37,421,1,51.35,78.49,22
605,790,401,2,121.28,85.11,14
606,208,408,3,183.11,620.52,24
607,373,298,3,65.53,572.29,30
608,871,606,5,183.51,313.69,89
609,378,138,2,181.02,167.58,27
610,236,36,3,149.67,651.6,57
611,689,203,2,97.95,209.23,28
612,300,385,1,185.45,563.55,11
613,472,381,5,103.27,774.43,90
614,841,61,2,171.22,937.96,38
615,176,161,2,14.66,258.15,54
616,332,653,2,32.11,606.0,95
617,870,213,4,88.78,844.52,15
618,125,753,5,57.94,238.64,21
619,831,566,5,128.77,324.26,21
620,358,576,4,33.97,725.26,12
621,572,34,1,187.35,340.28,52
622,702,287,2,96.46,444.31,53
623,93,809,4,58.9,930.31,92
624,413,714,2,44.24,884.24,32
625,273,509,1,61.0,426.65,53
626,281,18,2,130.07,949.98,77
627,849,784,5,47.76,141.51,59
628,157,312,2,125.28,926.55,16
629,523,107,3,157.8,367.97,21
630,716,740,1,140.34,587.39,59
631,374,952,3,121.93,206.3,45
632,957,545,4,170.3,937.42,93
633,355,501,4,125.3,281.1,99
634,479,133,5,190.17,406.61,68
635,516,528,4,79.49,486.04,5
636,862,866,1,174.68,552.25,28
637,511,373,4,118.09,956.58,79
638,269,188,1,61.5,186.07,33
639,229,854,5,26.56,920.3,81
640,368,965,3,161.33,544.76,54
641,27,76,2,45.25,714.82,22
642,467,220,3,189.71,796.11,60
643,831,9,1,162.2,87.97,12
644,272,816,3,173.74,377.54,92
645,291,585,2,90.78,172.74,40
646,387,325,2,22.46,220.28,83
647,961,376,5,149.42,927.07,6
648,519,944,5,135.9,723.35,88
649,140,110,4,103.32,301.09,60
650,3,833,1,138.7,577.41,51
651,308,694,1,10.26,659.98,85
652,679,42,4,193.2,125.21,93
653,310,276,3,64.4,803.96,67
654,822,955,1,127.24,455.08,62
655,11,951,3,119.89,256.33,59
656,846,287,4,53.9,214.8,75
657,97,550,5,24.15,707.18,13
658,895,727,3,50.38,983.37,23
659,619,465,1,101.13,356.95,38
660,97,995,2,150.04,237.95,21
661,162,73,2,135.73,848.07,13
662,333,402,1,34.42,560.48,7
663,927,808,2,100.71,838.58,18
664,395,540,5,145.0,859.72,82
665,571,921,2,86.78,733.13,64
666,392,805,5,180.71,256.37,45
667,744,477,5,20.1,877.0,87
668,310,316,2,168.0,727.9,46
669,588,93,3,19.5,242.66,93
670,22,631,3,150.27,248.09,11
671,545,57,5,14.0,527.41,15
672,763,7,1,158.12,924.0,75
673,716,263,5,82.31,638.0,70
674,796,400,2,174.01,767.96,55
675,464,987,5,101.73,812.09,75
676,934,62,4,96.08,479.63,17
677,913,723,1,31.47,332.81,1
678,648,786,2,30.23,912.52,100
679,477,594,2,18.09,513.14,26
680,435,507,3,166.21,597.68,31
681,209,675,1,70.86,121.33,61
682,746,154,2,92.06,541.31,28
683,85,620,2,179.68,247.83,47
684,248,305,2,135.61,875.68,74
685,730,97,3,179.86,758.35,4
686,438,599,1,199.71,606.6,2
687,839,161,2,179.12,940.24,78
688,261,104,4,86.15,929.19,9
689,730,123,3,194.38,698.16,63
690,201,420,4,162.62,23.98,30
691,461,648,5,172.2,167.19,98
692,334,483,2,149.11,191.66,35
693,513,300,3,92.76,498.07,2
694,962,893,4,196.78,724.98,61
695,427,282,5,162.11,480.39,13
696,831,518,2,57.19,776.29,88
697,3,882,5,73.31,980.53,40
698,393,247,5,82.51,514.92,85
699,123,33,1,100.97,950.15,63
700,40,189,3,166.18,490.29,28
701,154,500,1,12.36,810.71,75
702,496,833,3,189.64,262.98,72
703,436,129,2,20.7,247.91,15
704,740,727,1,140.4,954.15,73
705,212,846,4,57.4,499.38,74
706,872,15,3,105.88,368.02,72
707,439,93,1,67.98,262.0,60
708,942,377,5,121.49,243.8,62
709,851,807,5,90.22,480.3,76
710,466,462,1,154.59,788.17,53
711,955,262,2,129.29,408.93,61
712,707,333,2,113.36,528.05,10
713,347,365,5,152.34,884.75,3
714,528,880,1,12.15,631.56,95
715,214,500,4,140.54,201.39,8
716,57,291,2,41.53,68.92,54
717,363,658,4,131.25,104.7,85
718,767,931,1,173.5,648.56,94
719,761,263,5,169.61,370.04,43
720,919,581,4,179.43,476.61,80
721,83,64,2,71.6,936.58,38
722,129,192,5,121.75,528.68,46
723,35,677,1,124.07,968.89,51
724,505,922,5,36.24,97.01,67
725,277,723,4,98.68,928.96,25
726,5,283,1,24.62,973.76,45
727,123,781,1,35.08,36.4,85
728,130,715,1,91.71,926.75,33
729,132,222,2,16.27,34.41,6
730,9,331,2,29.06,379.22,23
731,336,727,3,67.51,68.37,56
732,414,903,3,55.9,350.32,49
733,961,485,1,189.48,137.27,60
734,162,454,4,49.82,518.57,42
735,826,628,5,119.19,253.81,74
736,407,692,3,14.03,588.91,5
737,444,5,1,20.37,165.57,50
738,132,241,4,83.92,264.4,44
739,802,655,4,108.52,794.15,57
740,109,843,5,172.96,922.45,92
741,476,916,2,170.18,89.51,12
742,37,612,5,21.9,621.92,95
743,547,797,3,190.53,607.05,41
744,65,571,2,34.32,263.93,17
745,857,552,2,51.11,167.55,53
746,368,856,1,38.78,309.3,32
747,382,205,2,113.28,988.67,32
748,529,973,4,173.12,857.13,65
749,560,357,3,135.2,578.08,45
750,730,558,2,28.74,137.98,61
751,607,509,5,24.99,898.16,32
752,771,216,4,161.93,453.51,26
753,767,57,4,89.0,795.13,27
754,121,243,3,58.54,283.73,5
755,297,9,5,49.48,428.19,66
756,205,317,5,32.38,901.34,16
757,136,962,1,148.5,968.71,79
758,663,765,1,42.83,673.51,72
759,583,626,5,104.69,801.84,99
760,660,6,1,188.41,650.08,88
761,298,294,4,71.78,591.88,74
762,764,906,3,132.13,981.8,30
763,986,977,5,138.91,644.5,35
764,730,867,4,106.85,261.0,90
765,449,773,1,190.43,464.42,23
766,967,205,4,40.17,702.22,30
767,253,182,5,97.93,713.37,55
768,439,782,1,194.43,212.7,31
769,544,302,5,134.71,188.71,86
770,725,788,3,44.61,912.14,39
771,166,555,5,28.19,178.2,70
772,248,797,1,84.17,371.97,28
773,1,999,5,129.71,397.98,54
774,362,268,1,69.94,674.24,18
775,790,209,2,10.69,716.94,7
776,473,993,2,42.48,745.61,53
777,865,531,2,143.15,767.09,37
778,209,581,3,163.02,796.75,83
779,899,325,3,152.03,26.09,51
780,244,208,5,150.79,524.71,99
781,613,828,4,101.66,896.41,15
782,252,883,5,25.13,778.53,34
783,200,243,3,194.32,908.49,72
784,723,930,1,166.39,344.94,77
785,56,657,5,65.06,132.43,23
786,929,924,4,67.83,699.28,83
787,262,424,5,156.2,324.55,7
788,132,88,1,196.76,775.29,7
789,897,924,2,136.96,214.9,17
790,173,786,2,197.88,746.88,63
791,20,150,2,146.38,326.65,66
792,220,272,5,122.09,332.71,56
793,611,297,1,178.75,69.55,43
794,599,133,3,119.68,780.5,1
795,2,878,2,123.8,417.09,6
796,797,76,4,145.27,207.61,67
797,639,603,5,189.8,966.09,91
798,382,4,5,96.49,411.66,24
799,706,503,4,146.36,811.29,90
800,658,873,3,114.72,800.88,47
801,341,109,2,132.58,217.37,91
802,755,499,1,86.51,734.79,46
803,81,712,2,71.74,67.89,15
804,40,767,4,146.99,206.65,34
805,641,22,3,139.46,244.18,80
806,212,828,1,83.25,663.0,11
807,567,488,2,108.35,697.59,2
808,784,834,2,42.57,380.95,81
809,84,731,3,68.1,632.09,25
810,549,265,4,123.35,72.19,65
811,251,752,2,20.66,857.0,12
812,394,916,4,146.76,744.47,32
813,894,498,2,125.56,376.82,22
814,484,123,2,179.34,42.5,1
815,555,181,3,92.16,904.17,5
816,189,284,2,115.69,756.75,53
817,879,958,5,124.53,571.68,37
818,19,195,2,136.68,948.68,55
819,13,610,3,170.26,877.57,14
820,507,694,5,32.2,814.77,82
821,78,624,2,50.92,159.32,3
822,977,522,5,125.74,170.5,67
823,271,129,4,51.42,502.12,25
824,769,500,1,59.91,367.21,49
825,812,817,1,60.21,99.71,86
826,622,140,4,67.81,499.06,59
827,49,677,3,130.97,159.8,76
828,516,184,3,80.41,476.7,7
829,45,760,2,88.17,256.81,32
830,63,726,1,93.05,93.42,86
831,514,801,4,93.92,127.52,42
832,689,762,2,18.24,168.49,83
833,529,666,5,142.69,258.08,65
834,838,738,4,46.58,625.66,40
835,258,109,4,14.19,102.36,25
836,180,214,3,194.77,527.77,90
837,612,458,4,44.03,932.85,94
838,614,54,1,153.13,971.78,46
839,54,197,3,26.16,645.96,59
840,739,995,3,31.92,602.54,45
841,289,268,1,17.91,721.13,39
842,451,233,2,73.68,21.7,43
843,156,876,3,63.76,265.67,55
844,566,889,1,37.77,289.25,93
845,982,242,5,95.24,153.31,47
846,817,937,4,156.88,208.16,94
847,139,607,2,115.56,482.96,63
848,821,660,5,80.02,897.59,81
849,490,348,3,152.8,630.13,48
850,516,588,2,62.64,776.11,33
851,416,843,1,194.46,367.09,16
852,558,314,3,172.65,258.81,69
853,747,195,4,117.55,252.98,20
854,541,345,5,127.08,979.27,85
855,116,439,5,29.98,840.98,93
856,827,446,3,167.12,738.1,51
857,948,346,3,14.42,199.18,16
858,901,830,5,69.46,165.13,93
859,820,447,4,37.98,597.96,13
860,541,945,1,47.85,897.04,83
861,304,97,4,51.86,251.97,5
862,651,275,4,176.7,159.47,31
863,947,832,3,94.4,78.26,16
864,610,33,3,95.25,644.62,86
865,94,488,5,121.31,340.32,27
866,509,408,4,32.96,783.93,36
867,170,274,4,144.98,162.31,91
868,332,619,5,142.94,730.93,71
869,865,119,3,101.64,154.26,65
870,932,858,4,127.08,683.48,75
871,448,716,3,45.06,181.63,11
872,364,637,3,84.84,983.59,97
873,891,572,1,188.84,986.87,47
874,282,603,1,15.75,836.74,6
875,949,666,2,116.88,952.13,80
876,20,201,1,28.52,179.96,38
877,412,968,4,170.11,604.02,41
878,87,282,2,153.03,790.58,94
879,837,918,1,133.66,446.74,64
880,215,764,5,60.28,896.35,22
881,69,273,4,30.31,395.16,41
882,107,354,3,108.33,928.3,44
883,262,190,2,132.03,299.1,96
884,45,528,4,19.6,867.92,83
885,861,292,4,107.46,453.72,64
886,989,698,4,72.65,557.42,18
887,351,552,1,95.45,393.58,79
888,725,974,1,155.66,128.37,37
889,385,163,2,196.72,700.43,19
890,736,627,3,158.01,296.36,62
891,554,706,2,145.85,769.08,100
892,397,167,3,93.03,60.0,41
893,868,723,1,178.62,207.49,14
894,548,376,4,49.34,829.7,30
895,424,802,3,66.96,341.35,68
896,789,153,2,166.63,757.17,57
897,565,213,4,193.56,709.29,48
898,720,806,5,146.42,440.76,47
899,958,877,1,137.81,255.27,52
900,389,211,2,89.66,522.65,1
901,892,269,2,12.84,469.03,99
902,75,950,3,23.5,782.35,68
903,328,391,1,61.05,964.25,12
904,250,561,5,65.68,622.02,52
905,561,160,2,69.64,707.13,2
906,151,668,2,149.63,255.88,26
907,386,298,4,180.06,835.88,66
908,845,994,3,159.15,398.38,51
909,157,156,3,106.78,556.81,60
910,555,234,2,33.2,577.94,63
911,782,173,3,12.59,895.11,7
912,83,357,2,25.15,53.16,44
913,135,970,2,162.9,487.08,74
914,447,516,2,29.38,265.34,67
915,502,922,4,126.51,544.39,16
916,752,937,5,108.83,441.27,22
917,452,998,4,103.05,159.08,64
918,449,976,5,185.39,444.03,22
919,192,919,4,48.56,681.86,81
920,585,383,3,91.81,657.04,33
921,871,948,3,70.79,842.18,19
922,884,105,2,109.87,532.37,16
923,481,180,1,42.03,469.94,57
924,254,632,1,26.14,575.12,25
925,364,387,2,106.96,148.64,12
926,714,306,5,148.76,240.63,88
927,925,962,5,61.15,916.74,44
928,606,877,4,176.6,403.05,94
929,261,105,5,131.54,495.37,19
930,996,721,3,34.65,421.12,66
931,740,356,2,59.89,577.75,21
932,882,818,2,43.44,636.62,6
933,303,809,2,28.4,869.08,57
934,100,153,5,138.72,809.97,55
935,448,252,3,198.95,118.27,83
936,668,537,4,186.37,933.25,22
937,605,784,3,113.92,418.12,87
938,837,169,1,59.67,743.58,29
939,169,682,3,40.17,189.89,73
940,269,793,4,198.26,626.95,58
941,721,984,3,172.25,950.24,95
942,767,943,4,186.24,743.94,79
943,374,501,1,151.06,700.47,55
944,683,821,4,31.6,138.43,83
945,659,998,5,63.37,71.86,18
946,698,654,3,14.15,968.66,3
947,204,121,5,181.65,700.93,100
948,521,46,4,24.12,925.32,70
949,809,596,2,64.93,475.47,50
950,813,557,1,94.06,34.53,58
951,633,266,4,16.19,200.05,76
952,822,343,1,145.72,653.99,20
953,464,541,3,141.91,339.39,2
954,964,202,3,106.19,673.82,44
955,711,375,4,155.07,219.15,61
956,483,333,5,69.32,546.3,37
957,656,843,2,164.87,78.88,33
958,486,917,1,20.51,425.68,5
959,903,569,3,87.99,604.62,28
960,196,84,1,48.73,664.16,68
961,532,951,1,52.97,897.22,84
962,392,723,2,119.17,344.69,16
963,395,463,2,131.77,576.06,31
964,681,452,5,111.34,236.31,16
965,820,582,5,119.76,331.52,14
966,190,77,4,46.93,742.44,22
967,328,309,4,180.58,387.8,18
968,902,744,5,151.6,317.01,20
969,907,272,4,15.16,828.09,35
970,910,290,1,157.91,767.98,88
971,844,736,5,136.09,802.0,48
972,784,11,4,92.96,72.95,98
973,346,897,5,25.38,928.33,66
974,54,907,2,25.1,745.33,45
975,584,519,4,132.52,734.4,63
976,329,750,5,131.59,461.95,11
977,697,420,2,188.17,701.7,57
978,655,384,3,38.97,530.46,97
979,5,666,1,180.28,46.82,80
980,992,538,1,126.66,147.62,41
981,354,242,5,188.37,523.69,42
982,406,509,4,115.1,518.01,9
983,423,254,3,34.4,651.7,49
984,729,282,4,115.92,639.61,4
985,934,277,4,27.29,261.05,23
986,703,852,3,38.36,267.83,88
987,679,596,3,76.64,991.41,49
988,467,819,4,125.35,107.03,11
989,754,71,5,165.33,836.78,15
990,157,459,1,182.34,230.29,24
991,735,167,5,164.9,552.75,85
992,686,439,4,160.27,306.53,4
993,947,718,5,113.55,906.93,86
994,837,58,2,154.11,584.35,34
995,682,130,3,110.32,849.68,27
996,527,321,3,106.52,714.71,29
997,570,575,2,24.32,54.88,6
998,357,13,1,140.95,234.29,89
999,475,988,3,63.01,716.99,79
1000,673,626,2,49.65,326.65,62
1001,681,476,3,161.88,881.29,38
1002,358,789,5,156.91,239.12,75
1003,143,424,3,34.41,672.38,48
1004,910,333,4,67.15,679.79,43
1005,696,58,4,60.34,851.94,74
1006,535,908,1,172.48,347.72,52
1007,644,37,2,80.04,755.51,89
1008,896,706,2,88.46,160.1,54
1009,245,456,2,174.23,664.1,88
1010,851,195,4,102.1,28.07,70
1011,78,833,3,176.39,461.89,64
1012,258,792,3,194.63,660.35,47
1013,1,200,5,123.94,186.96,13
1014,842,634,3,162.79,604.3,97
1015,507,917,3,86.39,131.85,65
1016,131,909,4,158.8,583.5,68
1017,649,970,3,85.96,152.33,29
1018,183,886,3,98.52,134.14,71
1019,446,687,2,10.73,407.16,75
1020,286,83,1,37.05,294.05,61
1021,584,869,3,52.2,98.13,82
1022,710,85,4,143.8,446.18,63
1023,129,63,1,73.82,310.43,15
1024,919,538,2,150.09,802.82,60
1025,951,853,3,121.05,725.54,40
1026,836,487,2,57.27,357.83,27
1027,732,74,4,85.17,831.69,11
1028,192,517,3,173.0,330.95,29
1029,780,109,4,131.33,184.5,56
1030,287,851,1,187.89,531.31,43
1031,489,492,1,199.75,358.21,44
1032,413,211,5,110.81,120.35,18
1033,34,267,1,11.71,577.42,65
1034,308,801,2,115.44,134.87,25
1035,191,138,3,56.63,567.17,54
1036,963,59,4,14.64,146.57,80
1037,487,322,4,72.29,165.24,99
1038,962,680,3,137.85,353.02,60
1039,846,290,3,32.35,726.77,32
1040,138,241,5,125.89,153.87,96
1041,118,417,3,14.67,166.93,40
1042,987,294,5,15.67,833.19,96
1043,182,659,5,189.31,632.24,60
1044,231,306,1,199.81,74.95,78
1045,11,266,1,106.93,451.2,3
1046,48,610,2,142.41,287.3,74
1047,682,61,4,47.62,862.55,28
1048,532,923,5,80.88,677.55,44
1049,443,886,3,55.28,177.51,28
1050,374,546,3,145.42,777.5,38
1051,821,77,1,83.46,696.27,38
1052,602,36,4,104.6,181.2,67
1053,168,124,1,146.35,804.01,99
1054,867,697,2,96.95,231.47,58
1055,80,329,1,88.41,163.12,7
1056,103,645,1,75.07,807.36,56
1057,589,115,5,184.51,994.17,54
1058,346,495,5,89.82,719.18,52
1059,448,410,4,16.9,756.75,34
1060,612,86,4,148.27,253.22,47
1061,629,159,4,113.17,133.71,99
1062,555,494,5,155.59,82.18,93
1063,588,795,1,155.44,107.95,41
1064,156,479,1,189.98,180.78,93
1065,541,115,3,145.96,801.06,85
1066,770,128,4,162.89,113.33,35
1067,802,860,1,133.94,911.75,34
1068,317,974,2,130.03,335.51,7
1069,953,520,1,117.09,148.96,59
1070,91,184,5,136.59,907.05,83
1071,950,27,4,109.01,71.01,80
1072,928,821,4,22.7,889.32,17
1073,179,393,1,61.6,789.6,55
1074,118,657,2,186.51,285.79,79
1075,301,307,1,148.55,751.03,32
1076,936,136,1,17.3,613.9,70
1077,522,191,2,61.11,255.67,12
1078,179,851,4,46.64,657.98,14
1079,132,476,4,136.09,52.1,38
1080,807,835,5,82.74,530.17,88
1081,163,764,2,163.45,533.32,14
1082,804,944,5,192.63,743.68,33
1083,389,803,4,149.33,333.28,78
1084,331,925,4,132.46,55.72,78
1085,283,183,3,130.27,362.81,68
1086,392,243,1,104.99,966.64,52
1087,447,387,5,196.14,364.39,8
1088,139,182,4,78.9,482.85,53
1089,601,691,1,111.62,435.38,24
1090,859,223,4,194.93,819.65,66
1091,555,293,1,191.41,106.66,21
1092,540,295,4,67.28,242.23,3
1093,524,941,2,52.89,135.39,41
1094,504,991,3,37.71,891.55,36
1095,813,662,2,164.61,958.19,56
1096,619,301,5,147.1,829.29,85
1097,64,133,5,115.78,846.77,26
1098,119,31,2,59.74,66.4,46
1099,225,820,1,139.47,532.82,72
1100,456,574,3,104.22,430.18,9
1101,491,790,2,156.15,818.13,78
1102,254,745,1,188.35,651.62,3
1103,227,306,1,170.6,218.25,60
1104,199,675,4,51.39,266.04,45
1105,124,178,2,157.64,22.67,46
1106,261,422,2,168.14,349.28,45
1107,164,654,1,199.49,674.06,3
1108,543,720,4,60.71,290.97,1
1109,705,626,5,53.98,308.57,20
1110,822,253,5,99.21,469.75,89
1111,673,661,2,123.93,323.54,10
1112,864,205,1,140.9,668.12,85
1113,350,739,5,74.89,233.6,61
1114,215,990,3,148.87,218.25,69
1115,774,268,3,50.72,499.24,42
1116,371,14,2,146.07,902.49,49
1117,898,896,1,101.72,458.13,26
1118,397,24,5,14.56,302.54,47
1119,958,409,5,33.26,354.16,50
1120,679,171,4,80.31,740.71,8
1121,711,504,1,173.57,933.29,21
1122,994,409,4,62.75,234.75,62
1123,803,658,5,112.88,329.38,12
1124,596,362,4,124.24,305.2,92
1125,443,289,2,171.8,377.47,54
1126,486,259,1,61.62,489.87,53
1127,601,580,4,171.26,705.24,37
1128,758,576,3,57.72,51.02,83
1129,262,996,3,17.02,255.55,59
1130,516,616,4,78.49,636.23,46
1131,676,328,2,140.37,381.45,8
1132,697,396,5,33.23,551.13,57
1133,837,435,4,31.61,77.51,12
1134,323,676,5,20.73,921.44,53
1135,752,257,5,106.19,194.86,19
1136,62,731,1,76.15,404.18,60
1137,864,838,3,73.12,802.37,93
1138,240,816,4,120.27,793.58,79
1139,922,586,1,161.4,644.4,44
1140,444,856,5,110.95,601.79,93
1141,648,856,3,190.08,168.58,16
1142,878,216,2,132.28,229.94,11
1143,450,560,4,53.78,781.52,47
1144,240,507,4,93.96,701.73,100
1145,275,930,3,42.92,61.01,1
1146,413,295,1,157.9,983.46,93
1147,154,123,5,140.3,618.48,100
1148,750,228,3,176.05,478.86,3
1149,981,116,4,14.02,242.3,31
1150,250,977,3,36.33,221.43,96
1151,848,107,2,154.71,569.04,49
1152,747,578,2,103.63,850.33,17
1153,950,942,5,57.96,246.75,11
1154,723,559,3,186.53,21.32,88
1155,375,955,4,22.65,434.41,63
1156,535,392,3,137.71,503.61,34
1157,29,114,2,80.57,199.28,25
1158,671,332,1,163.37,431.86,4
1159,922,938,2,73.2,133.97,24
1160,334,284,5,106.73,930.98,93
1161,647,337,3,186.16,729.32,82
1162,833,101,3,40.34,921.31,57
1163,538,464,4,41.95,868.34,14
1164,72,771,1,34.02,634.35,61
1165,698,554,4,29.07,761.12,26
1166,450,627,4,70.7,283.61,77
1167,310,523,2,24.35,960.2,6
1168,258,360,4,139.79,136.9,63
1169,214,615,4,193.77,289.99,74
1170,924,222,1,55.44,158.05,35
1171,323,974,1,93.65,940.99,48
1172,986,123,3,165.97,324.44,63
1173,450,71,4,90.24,292.11,85
1174,201,40,2,144.54,523.53,67
1175,190,726,5,134.52,98.99,48
1176,834,628,4,138.96,78.47,78
1177,229,101,2,132.95,831.1,62
1178,812,448,4,15.34,534.67,77
1179,781,591,5,101.64,982.34,77
1180,12,602,1,111.07,797.5,95
1181,3,666,4,153.62,96.49,37
1182,447,736,5,35.98,427.49,20
1183,543,526,2,198.72,980.29,75
1184,430,334,3,141.38,359.29,33
1185,940,370,1,195.25,25.59,13
1186,99,658,3,170.39,513.68,89
1187,802,954,4,121.68,398.78,44
1188,718,54,1,89.81,620.78,11
1189,784,561,5,157.57,876.48,69
1190,519,622,3,198.39,458.64,23
1191,354,306,4,129.13,438.42,46
1192,555,738,2,80.96,244.61,76
1193,509,130,1,173.11,74.76,10
1194,302,443,5,161.54,50.66,65
1195,39,488,2,138.13,681.01,81
1196,53,944,3,81.02,792.72,43
1197,989,344,3,35.9,610.78,77
1198,876,362,2,192.74,509.92,92
1199,765,67,1,149.81,73.09,28
1200,210,194,5,132.65,198.39,38
1201,396,194,4,59.17,272.72,86
1202,403,600,4,113.59,748.57,99
1203,632,470,4,33.36,278.93,26
1204,317,357,1,82.58,354.92,40
1205,393,954,5,119.19,120.25,34
1206,565,43,4,180.19,505.69,4
1207,387,943,3,162.8,39.21,1
1208,227,158,5,85.24,194.8,40
1209,147,155,2,184.9,254.76,100
1210,134,867,3,12.91,634.17,89
1211,664,299,2,153.06,382.58,73
1212,770,136,2,151.22,24.08,83
1213,961,669,4,48.97,396.23,66
1214,129,738,3,26.85,543.23,98
1215,620,989,3,63.37,719.87,37
1216,296,160,5,36.67,445.38,70
1217,497,186,3,58.84,431.12,18
1218,138,913,1,38.33,838.24,45
1219,657,304,3,132.2,106.76,97
1220,126,333,1,14.0,512.24,72
1221,800,531,5,62.83,304.49,63
1222,563,463,1,110.61,516.3,39
1223,123,524,4,125.85,368.96,13
1224,739,667,1,60.54,688.95,73
1225,842,661,2,193.69,508.78,32
1226,887,553,1,37.6,392.03,80
1227,11,25,5,145.76,184.35,11
1228,910,128,5,194.42,736.67,41
1229,719,569,4,29.65,646.89,26
1230,391,200,2,197.51,999.53,89
1231,317,309,4,76.0,972.13,12
1232,808,201,1,164.42,524.38,78
1233,907,535,1,23.14,647.0,33
1234,45,701,3,75.7,532.43,12
1235,434,714,1,165.87,757.84,90
1236,344,394,1,53.19,169.07,92
1237,321,628,4,47.76,877.51,87
1238,680,584,1,52.56,85.45,81
1239,974,867,3,132.65,282.51,67
1240,812,35,3,182.57,514.29,8
1241,497,580,4,121.01,847.18,8
1242,889,950,4,79.17,180.04,70
1243,261,268,2,50.69,148.26,89
1244,616,268,3,112.32,673.9,13
1245,157,595,2,32.67,768.23,44
1246,462,787,4,171.99,913.86,38
1247,577,870,3,137.63,113.08,84
1248,332,763,4,118.07,668.16,24
1249,99,883,2,126.69,833.0,50
1250,316,358,5,100.53,501.31,70
1251,654,274,2,195.14,413.14,61
1252,854,946,4,105.23,284.46,21
1253,248,535,1,194.31,837.03,2
1254,97,646,3,182.27,86.99,93
1255,107,1,5,77.99,408.93,35
1256,370,723,4,67.69,905.77,57
1257,409,839,1,84.23,555.83,29
1258,254,305,4,74.18,142.55,36
1259,374,570,4,68.17,132.08,27
1260,276,668,4,91.0,384.97,15
1261,419,45,2,12.56,856.14,18
1262,454,42,4,123.83,577.47,6
1263,433,941,4,136.94,629.29,48
1264,133,935,4,77.42,899.14,2
1265,168,727,1,10.41,46.22,83
1266,193,100,1,176.96,836.85,7
1267,400,425,3,19.66,475.1,90
1268,185,259,1,144.12,397.55,40
1269,766,623,5,69.03,81.28,13
1270,3,6,3,89.76,278.76,80
1271,973,991,1,67.12,479.6,8
1272,217,618,4,176.71,98.3,80
1273,755,654,5,142.64,637.92,41
1274,155,51,5,121.27,84.43,41
1275,281,863,2,22.75,71.05,70
1276,825,902,2,17.42,245.08,24
1277,361,494,1,119.9,292.57,82
1278,672,580,3,95.36,904.21,9
1279,851,288,4,170.45,752.6,81
1280,511,271,1,182.5,97.51,8
1281,148,774,1,46.8,530.8,76
1282,429,504,3,178.37,859.01,95
1283,225,103,5,158.72,962.89,11
1284,167,26,3,60.42,156.04,10
1285,782,553,5,100.09,942.83,99
1286,181,409,4,156.24,957.71,58
1287,594,149,5,115.71,810.63,82
1288,390,800,3,159.17,79.11,42
1289,957,288,4,41.67,213.2,62
1290,270,584,2,50.52,374.71,68
1291,250,387,5,129.24,813.57,75
1292,902,444,1,146.27,600.64,70
1293,783,916,2,138.87,582.57,47
1294,531,132,4,170.93,854.84,100
1295,531,884,4,29.74,337.02,82
1296,795,975,1,102.52,624.12,64
1297,71,141,2,71.72,553.98,80
1298,657,980,4,109.82,426.92,79
1299,179,230,2,67.55,644.16,97
1300,653,898,5,134.89,43.4,89
1301,518,997,5,157.64,43.94,37
1302,169,82,5,145.08,119.05,55
1303,211,288,3,91.63,160.72,40
1304,770,634,4,146.41,981.03,26
1305,480,840,2,27.09,291.6,19
1306,480,405,3,35.1,73.63,19
1307,4,344,5,167.02,925.57,14
1308,773,397,5,147.64,171.52,41
1309,355,393,1,58.6,144.3,28
1310,332,672,1,162.92,216.8,3
1311,324,656,4,114.08,902.59,73
1312,92,795,4,65.22,237.06,32
1313,279,480,2,43.1,453.53,24
1314,59,378,2,147.04,471.65,95
1315,957,457,4,135.0,391.42,30
1316,377,642,4,164.37,558.01,38
1317,918,583,5,65.19,575.87,19
1318,714,749,1,62.11,579.55,48
1319,74,657,1,65.88,85.61,8
1320,886,719,4,89.05,200.49,59
1321,864,991,4,62.56,849.23,95
1322,627,956,2,56.13,633.98,71
1323,130,338,1,84.8,590.99,92
1324,801,187,4,65.96,467.64,20
1325,580,69,2,176.06,931.12,38
1326,45,871,5,150.15,33.65,51
1327,169,896,1,197.14,893.1,51
1328,446,249,3,139.6,755.06,41
1329,243,339,3,116.4,750.56,10
1330,756,43,1,67.15,297.77,31
1331,840,95,1,164.98,767.58,100
1332,477,209,2,78.51,854.61,64
1333,259,704,2,192.82,256.64,55
1334,658,909,2,149.28,289.45,68
1335,508,746,3,116.54,527.2,93
1336,375,137,5,158.56,255.4,79
1337,235,134,4,19.1,348.47,91
1338,38,707,5,160.1,619.73,50
1339,822,751,2,120.62,436.93,95
1340,386,411,1,46.26,532.87,84
1341,237,802,5,132.18,636.31,81
1342,314,847,2,98.12,948.7,34
1343,832,452,1,67.08,321.71,8
1344,610,37,4,194.78,998.92,44
1345,339,160,5,113.15,813.5,74
1346,753,863,2,118.89,769.38,53
1347,919,820,4,56.03,423.15,59
1348,96,935,3,38.48,851.03,25
1349,3,290,3,98.7,794.29,27
1350,107,877,2,152.19,498.32,42
1351,655,210,3,28.54,419.15,79
1352,62,760,5,19.9,826.8,91
1353,924,955,2,148.74,171.9,18
1354,772,408,1,193.28,247.76,33
1355,280,745,4,116.32,143.17,2
1356,762,55,4,180.75,413.17,54
1357,413,425,3,80.96,985.2,52
1358,771,411,2,169.05,224.84,29
1359,942,80,2,155.51,438.45,27
1360,393,782,2,39.37,43.42,97
1361,480,807,2,32.85,376.42,55
1362,482,63,5,188.48,492.54,12
1363,802,29,4,132.24,905.64,62
1364,678,568,1,113.86,960.93,87
1365,911,594,3,163.66,626.51,20
1366,313,863,4,18.43,267.31,32
1367,48,919,1,107.43,432.99,37
1368,344,8,5,184.73,269.28,94
1369,715,209,4,177.96,140.81,14
1370,490,720,5,58.32,542.97,91
1371,61,91,2,196.78,902.97,69
1372,81,615,5,128.38,642.2,58
1373,967,86,2,57.27,337.51,28
1374,311,540,5,153.12,503.48,73
1375,859,110,4,32.55,135.06,77
1376,71,355,3,158.27,54.82,86
1377,239,123,2,25.22,162.04,25
1378,241,782,4,105.86,105.52,38
1379,811,305,5,119.59,75.42,6
1380,116,481,5,183.93,873.77,80
1381,397,670,2,169.97,23.09,28
1382,518,176,2,76.72,489.95,85
1383,120,791,5,84.25,558.59,9
1384,701,91,5,68.36,298.14,37
1385,2,399,5,125.96,33.94,3
1386,40,288,4,41.33,673.46,52
1387,198,6,3,144.5,352.82,74
1388,209,584,3,99.05,324.65,44
1389,265,402,5,119.61,657.05,84
1390,480,373,4,103.37,968.46,19
1391,75,179,4,161.23,723.69,55
1392,15,894,2,170.47,526.4,61
1393,876,692,5,35.33,367.55,21
1394,281,583,2,167.95,639.08,35
1395,311,416,3,172.37,349.86,41
1396,18,698,3,174.49,453.72,3
1397,569,958,5,72.87,894.93,53
1398,687,224,2,107.3,533.87,56
1399,615,336,3,51.31,395.7,74
1400,565,156,1,172.38,633.57,45
1401,697,477,3,158.79,105.48,9
1402,361,817,1,69.11,48.13,51
1403,341,286,2,42.21,256.59,19
1404,457,509,1,133.24,969.58,55
1405,807,875,3,10.57,388.19,30
1406,960,694,2,104.89,733.52,73
1407,163,215,3,133.23,602.83,23
1408,337,457,2,164.2,502.8,20
1409,996,409,2,54.69,852.39,27
1410,992,540,3,32.86,340.76,96
1411,442,751,5,164.57,970.73,40
1412,141,901,5,61.69,587.87,83
1413,50,905,5,189.84,475.01,23
1414,562,10,4,56.75,73.07,63
1415,942,393,4,68.63,458.37,69
1416,260,432,4,50.33,388.91,15
1417,501,665,4,47.15,765.98,60
1418,343,465,4,18.0,302.23,24
1419,919,81,5,111.95,204.46,98
1420,566,919,4,148.01,314.7,38
1421,65,595,4,179.75,784.53,86
1422,670,343,3,166.08,670.07,95
1423,990,78,3,106.68,857.89,3
1424,309,69,3,185.16,424.65,25
1425,893,472,3,166.5,401.89,71
1426,320,24,2,159.08,443.41,7
1427,804,672,4,148.72,707.43,3
1428,749,379,1,122.86,433.06,35
1429,817,962,4,113.92,149.0,6
1430,658,944,3,61.44,199.34,94
1431,36,854,5,107.51,32.95,78
1432,868,203,2,153.77,997.8,73
1433,346,80,5,195.99,53.91,75
1434,335,799,4,76.62,401.91,84
1435,124,884,2,21.78,497.54,71
1436,557,953,3,20.57,666.43,38
1437,4,339,3,157.0,123.81,26
1438,926,488,2,193.67,315.88,13
1439,940,841,2,143.15,95.57,83
1440,836,214,4,154.54,221.36,71
1441,138,759,2,146.55,961.4,100
1442,315,606,5,60.29,880.02,29
1443,113,355,5,142.62,53.02,37
1444,445,444,1,135.88,312.67,60
1445,822,795,3,139.84,617.7,33
1446,160,158,2,23.19,785.71,43
1447,958,516,2,31.65,743.55,24
1448,67,170,5,80.46,234.01,16
1449,437,130,3,60.96,556.7,26
1450,605,13,1,190.79,649.54,79
1451,548,190,1,199.34,618.2,58
1452,903,435,5,152.42,841.28,87
1453,690,706,1,199.85,779.71,32
1454,794,844,4,53.99,936.83,37
1455,254,840,5,186.44,315.78,61
1456,886,778,1,95.11,170.76,64
1457,514,250,4,167.29,914.47,60
1458,563,713,5,115.05,968.91,41
1459,995,834,2,118.47,655.07,8
1460,91,781,3,181.38,953.49,60
1461,521,566,4,30.66,605.46,40
1462,535,634,2,15.27,147.91,54
1463,554,261,1,129.46,295.8,55
1464,352,210,2,56.74,445.76,54
1465,998,317,1,64.76,826.62,25
1466,930,255,1,40.4,424.93,93
1467,853,776,1,43.26,999.66,37
1468,566,613,4,93.68,181.04,99
1469,35,119,5,66.55,905.18,75
1470,885,721,5,54.18,649.23,39
1471,477,756,5,102.87,559.54,96
1472,979,874,2,107.03,680.14,82
1473,828,960,1,101.85,946.96,21
1474,669,396,4,61.83,432.97,56
1475,129,614,5,136.1,433.5,60
1476,430,304,2,44.44,587.49,78
1477,395,871,1,128.63,428.53,35
1478,226,51,1,31.1,674.07,90
1479,954,113,4,135.87,272.28,33
1480,169,193,1,118.72,693.44,36
1481,726,363,5,62.7,419.08,75
1482,221,586,5,135.95,151.24,30
1483,581,304,4,148.27,579.11,36
1484,646,408,1,36.86,792.66,49
1485,997,134,3,17.75,386.98,65
1486,907,8,5,195.56,98.1,64
1487,217,69,1,35.97,720.16,4
1488,574,480,4,182.09,616.94,60
1489,136,504,1,80.32,528.68,18
1490,141,456,5,54.7,799.15,63
1491,484,183,5,170.35,389.5,29
1492,912,339,5,123.31,886.82,34
1493,698,657,5,163.93,415.48,23
1494,741,902,3,63.07,878.28,3
1495,82,732,2,156.25,923.52,95
1496,771,704,1,167.94,723.72,92
1497,314,663,2,129.01,254.83,40
1498,200,554,4,100.19,656.05,23
1499,554,446,3,99.34,79.34,89
1500,945,478,4,106.82,715.56,83
1501,356,229,3,22.31,680.41,35
1502,166,624,1,80.48,348.77,16
1503,534,68,1,57.56,358.59,74
1504,119,790,5,20.44,193.94,83
1505,283,409,4,112.05,219.43,85
1506,64,115,2,92.56,803.68,51
1507,106,923,3,178.96,637.01,38
1508,879,575,4,189.21,739.85,48
1509,845,259,3,111.85,583.65,52
1510,112,282,1,136.57,231.44,28
1511,964,334,3,106.22,620.87,18
1512,16,718,1,188.1,188.11,81
1513,203,279,5,167.6,116.21,90
1514,286,302,1,89.61,141.39,31
1515,156,318,2,91.38,663.5,60
1516,309,424,2,105.15,381.62,33
1517,1000,155,2,176.71,281.75,88
1518,548,272,3,90.71,192.25,35
1519,107,872,3,102.85,537.66,44
1520,4,294,5,26.28,778.05,80
1521,149,677,4,58.66,115.18,44
1522,280,987,3,147.39,297.37,79
1523,470,367,4,139.32,315.63,53
1524,199,661,5,114.86,463.94,43
1525,861,817,2,21.6,930.97,65
1526,479,488,5,125.04,103.3,57
1527,402,907,4,170.48,737.57,99
1528,876,599,2,137.95,893.24,62
1529,571,936,1,31.23,629.12,27
1530,932,616,2,138.58,645.05,6
1531,87,303,1,185.34,977.49,54
1532,919,32,2,81.87,398.64,66
1533,724,882,4,102.25,361.08,65
1534,623,115,5,115.88,94.55,8
1535,182,638,4,87.04,287.22,43
1536,72,31,2,171.3,293.86,27
1537,324,751,1,133.3,555.03,50
1538,627,898,5,169.26,758.13,78
1539,372,718,2,162.25,789.79,48
1540,612,822,3,107.68,998.34,38
1541,797,166,4,142.04,103.13,59
1542,222,187,4,65.41,339.96,43
1543,532,762,2,37.15,402.63,92
1544,622,859,1,95.14,804.16,88
1545,872,339,2,21.35,69.16,12
1546,446,142,2,55.48,557.71,2
1547,425,791,2,97.38,380.37,41
1548,410,253,4,82.19,286.41,67
1549,484,222,2,72.94,355.99,63
1550,998,430,5,190.76,443.21,1
1551,573,22,1,182.21,305.31,57
1552,808,927,1,159.39,79.84,34
1553,627,876,1,190.09,574.19,85
1554,643,397,5,86.63,156.69,90
1555,357,521,4,29.97,398.78,30
1556,500,903,3,139.42,65.75,98
1557,816,710,2,194.46,990.86,50
1558,171,834,4,65.66,938.44,60
1559,876,879,4,129.41,222.96,36
1560,937,799,2,106.12,589.17,8
1561,88,842,5,52.22,695.31,29
1562,603,961,1,123.8,138.74,37
1563,983,779,5,154.68,252.39,61
1564,141,393,4,70.23,916.62,70
1565,47,976,3,135.88,832.7,52
1566,103,963,3,48.65,953.16,70
1567,798,856,4,85.96,172.46,30
1568,604,62,1,13.17,463.19,19
1569,284,327,5,80.95,102.58,86
1570,36,998,1,68.91,227.18,83
1571,948,852,2,18.1,331.46,47
1572,651,757,1,33.3,128.07,59
1573,880,107,5,186.37,861.39,63
1574,556,93,3,83.21,508.51,75
1575,230,953,2,108.51,517.37,15
1576,229,180,2,191.34,579.91,79
1577,878,479,1,154.79,121.31,80
1578,418,127,1,127.54,884.06,4
1579,433,386,4,99.68,272.34,95
1580,442,986,2,32.89,44.77,23
1581,706,374,3,111.41,123.14,45
1582,160,214,4,141.64,215.16,61
1583,337,787,4,71.7,372.92,47
1584,530,144,5,27.47,927.69,49
1585,55,91,4,70.28,471.64,65
1586,108,312,1,114.12,902.35,79
1587,222,136,3,138.79,714.93,61
1588,9,174,4,102.41,100.19,89
1589,199,973,5,13.35,309.58,82
1590,298,566,4,47.97,150.65,44
1591,129,511,4,139.28,810.98,91
1592,560,118,5,121.63,993.17,89
1593,112,26,3,89.63,980.72,38
1594,506,309,3,73.72,246.7,7
1595,100,432,2,26.59,543.97,58
1596,863,222,2,150.83,134.3,79
1597,489,474,4,139.19,921.59,14
1598,188,815,1,100.98,829.28,88
1599,895,522,5,68.7,460.0,80
1600,152,473,5,136.0,789.53,80
1601,243,932,4,150.97,23.96,42
1602,114,710,4,170.62,485.24,41
1603,105,585,3,125.85,495.65,61
1604,730,891,5,145.82,444.78,28
1605,898,324,3,155.99,794.01,95
1606,244,33,4,103.02,252.85,84
1607,462,477,3,160.95,404.53,18
1608,997,272,5,31.35,951.8,3
1609,27,249,4,101.74,283.3,53
1610,897,367,4,67.12,298.66,93
1611,472,173,5,172.86,719.72,51
1612,434,179,3,180.03,674.35,56
1613,501,677,5,176.46,257.85,7
1614,196,164,3,147.38,724.95,83
1615,45,18,3,46.09,692.25,91
1616,920,914,4,73.98,164.49,23
1617,6,652,1,62.27,299.32,14
1618,696,974,1,32.21,811.18,99
1619,479,120,3,42.48,201.78,55
1620,981,14,5,146.4,976.99,26
1621,812,114,5,192.45,301.11,62
1622,867,764,1,160.89,603.11,18
1623,402,16,1,86.67,645.52,29
1624,869,491,2,197.4,376.63,19
1625,14,779,1,119.92,362.28,55
1626,479,939,2,141.06,365.23,36
1627,318,814,4,102.68,307.26,25
1628,167,327,4,184.19,252.01,83
1629,751,697,1,180.28,425.03,86
1630,129,982,2,33.43,280.08,10
1631,339,86,1,109.44,31.42,25
1632,112,257,2,150.97,68.76,47
1633,771,370,1,103.5,457.39,20
1634,527,120,4,54.65,869.28,90
1635,103,168,2,162.13,782.86,34
1636,488,433,5,121.36,566.94,55
1637,832,119,3,37.01,608.56,98
1638,379,349,2,158.32,948.56,64
1639,591,25,3,26.97,102.04,98
1640,388,504,4,15.21,483.74,88
1641,799,482,1,91.54,939.29,44
1642,6,167,3,26.95,876.34,90
1643,61,241,3,42.29,940.79,55
1644,834,46,4,126.71,740.26,59
1645,479,712,2,191.79,925.66,65
1646,579,212,1,158.65,902.07,71
1647,294,47,5,128.84,799.21,97
1648,619,887,1,69.95,111.91,4
1649,792,877,4,114.14,924.36,91
1650,454,222,1,12.01,684.66,21
1651,277,604,1,59.8,313.14,11
1652,210,547,1,45.82,902.04,39
1653,201,762,1,59.57,85.02,16
1654,893,633,3,13.86,258.21,10
1655,396,915,4,102.78,708.87,58
1656,880,110,5,20.99,45.74,66
1657,733,963,5,34.93,48.61,34
1658,648,100,2,72.67,182.73,31
1659,176,547,5,19.22,191.44,7
1660,476,567,5,114.99,780.09,30
1661,390,752,1,146.72,233.44,72
1662,309,800,3,35.45,269.54,66
1663,959,594,1,49.21,778.75,21
1664,772,622,3,198.54,954.6,12
1665,688,440,4,57.86,472.32,1
1666,187,695,2,85.95,601.29,12
1667,63,678,4,44.39,415.09,5
1668,91,825,5,44.05,262.33,37
1669,376,484,3,198.91,792.62,67
1670,233,872,4,51.63,788.89,74
1671,26,301,1,85.95,666.66,50
1672,952,340,3,119.92,327.11,48
1673,825,933,4,96.92,213.88,76
1674,724,717,4,12.05,113.33,97
1675,143,776,5,36.69,128.04,51
1676,9,494,4,166.11,512.62,86
1677,826,75,3,90.16,212.07,65
1678,992,191,5,115.75,540.64,32
1679,850,804,2,11.56,573.46,69
1680,743,195,4,107.83,131.59,85
1681,608,362,4,155.04,586.7,71
1682,232,572,2,60.66,406.25,84
1683,148,461,4,43.97,842.24,10
1684,192,313,3,33.17,178.1,83
1685,650,592,2,91.88,724.65,88
1686,945,653,5,78.64,327.88,68
1687,672,84,2,58.5,162.46,69
1688,221,28,1,121.32,910.22,73
1689,707,199,3,76.62,406.61,100
1690,796,528,5,67.77,155.96,11
1691,101,665,3,37.53,696.57,64
1692,788,857,1,151.07,79.08,55
1693,226,980,5,62.29,318.34,16
1694,233,115,2,141.75,498.34,60
1695,641,201,5,42.34,855.33,67
1696,929,354,4,123.36,786.91,15
1697,452,369,4,101.12,144.2,51
1698,410,140,4,116.61,741.44,70
1699,857,164,4,130.14,513.26,76
1700,110,964,1,103.85,931.8,23
1701,571,448,1,93.96,960.67,54
1702,40,414,4,165.5,747.15,23
1703,324,913,1,140.36,212.58,62
1704,83,702,1,33.36,286.68,76
1705,602,742,5,111.05,766.27,12
1706,301,138,3,30.26,159.86,45
1707,757,164,5,33.47,940.31,48
1708,122,86,4,164.41,225.95,4
1709,256,130,3,75.23,700.66,21
1710,876,665,3,85.71,271.5,83
1711,203,598,1,157.89,539.21,62
1712,101,115,4,35.35,837.42,54
1713,718,525,5,95.06,585.2,25
1714,676,715,2,184.52,443.28,97
1715,908,613,1,153.22,472.78,34
1716,298,188,4,136.42,917.19,34
1717,244,129,1,150.39,753.22,17
1718,891,180,4,154.18,886.67,98
1719,340,706,1,121.46,552.33,99
1720,907,646,5,155.46,535.0,79
1721,124,2,3,91.49,955.4,92
1722,916,330,2,191.97,197.43,34
1723,609,601,3,94.78,486.41,96
1724,255,924,2,189.41,966.97,42
1725,665,892,1,139.94,332.9,17
1726,342,33,4,153.61,575.41,87
1727,244,661,3,100.02,642.21,72
1728,554,899,3,117.69,353.97,5
1729,998,83,3,57.28,180.51,22
1730,405,379,3,184.23,302.75,87
1731,359,597,1,86.44,117.97,33
1732,91,128,5,74.97,182.25,25
1733,592,457,5,60.0,673.84,54
1734,437,844,1,153.44,641.09,92
1735,230,943,2,46.5,389.12,67
1736,961,626,4,36.6,417.81,3
1737,909,540,3,18.27,242.15,26
1738,518,334,4,61.22,602.08,45
1739,313,263,3,25.59,520.75,86
1740,260,335,4,132.76,363.81,7
1741,324,369,4,181.06,422.46,52
1742,385,289,5,193.21,157.81,46
1743,617,815,2,88.99,337.39,32
1744,429,776,4,184.78,339.69,23
1745,836,714,1,76.85,657.37,32
1746,7,624,3,64.68,844.26,91
1747,699,441,5,58.5,36.6,31
1748,862,485,5,108.36,296.58,34
1749,874,586,1,190.67,590.07,37
1750,335,927,3,85.27,147.05,29
1751,813,605,4,121.76,712.31,60
1752,958,682,5,108.39,332.1,77
1753,531,127,3,49.1,520.15,8
1754,190,898,1,17.21,52.04,56
1755,813,59,3,82.25,612.77,76
1756,397,958,3,195.84,440.27,74
1757,427,449,3,24.38,595.7,91
1758,864,907,3,10.33,895.86,44
1759,933,280,2,121.77,407.1,9
1760,538,91,5,24.46,214.23,20
1761,345,176,5,117.21,171.07,55
1762,491,73,3,185.49,236.88,88
1763,832,850,5,179.76,668.37,43
1764,277,170,3,179.96,222.12,29
1765,311,889,1,16.78,461.38,22
1766,732,301,5,78.42,319.81,6
1767,490,141,2,74.01,569.31,48
1768,52,641,4,170.8,588.78,80
1769,312,517,3,102.27,998.15,99
1770,787,479,2,88.51,619.53,49
1771,34,370,1,117.99,753.38,16
1772,399,535,2,189.67,456.96,100
1773,564,119,1,59.92,977.77,16
1774,653,714,1,163.59,662.87,95
1775,972,975,4,51.38,625.96,50
1776,907,712,5,71.31,691.83,4
1777,78,401,1,47.38,887.09,12
1778,366,527,4,25.19,539.98,74
1779,873,447,4,149.52,702.25,49
1780,821,42,5,163.81,163.12,11
1781,153,189,2,186.16,596.26,50
1782,644,583,5,118.06,190.91,45
1783,249,605,4,169.74,677.72,34
1784,943,679,3,82.05,59.01,39
1785,129,883,5,43.12,619.02,10
1786,490,954,5,89.32,291.23,16
1787,940,138,2,51.02,871.28,86
1788,89,328,5,113.74,165.01,38
1789,288,452,5,121.77,712.24,10
1790,383,212,1,70.26,191.94,18
1791,508,110,5,69.69,897.06,29
1792,61,348,4,10.3,647.11,10
1793,631,694,3,134.16,894.23,66
1794,701,467,2,65.54,84.89,37
1795,624,893,5,70.77,34.96,18
1796,77,223,4,156.74,430.69,5
1797,839,339,4,63.09,168.9,97
1798,546,586,3,197.09,920.09,14
1799,686,763,1,174.96,606.99,94
1800,607,232,1,199.0,233.82,49
1801,149,629,4,102.22,919.67,27
1802,499,891,2,127.95,936.74,19
1803,191,613,3,45.39,92.1,96
1804,453,387,2,155.34,555.07,13
1805,718,994,5,145.31,75.74,50
1806,231,3,3,11.09,79.15,64
1807,19,858,1,118.47,499.92,1
1808,211,517,2,99.45,689.21,18
1809,150,482,2,25.15,385.98,29
1810,599,423,3,95.64,264.74,90
1811,814,11,5,182.95,733.67,36
1812,45,669,5,146.14,299.64,10
1813,994,802,5,118.07,209.93,43
1814,3,448,3,161.14,101.32,45
1815,483,438,5,134.38,323.5,94
1816,770,728,2,149.16,143.89,1
1817,607,748,5,181.21,324.17,79
1818,896,338,5,103.23,642.59,9
1819,944,786,4,114.48,60.49,72
1820,566,254,1,103.75,271.28,25
1821,841,376,3,50.26,176.09,91
1822,733,172,4,155.59,593.68,32
1823,491,629,5,155.22,882.89,42
1824,670,269,4,55.65,162.86,64
1825,338,497,2,52.34,464.37,75
1826,43,621,2,84.13,382.69,37
1827,138,425,5,79.66,813.23,2
1828,140,214,2,80.53,478.73,28
1829,11,641,2,10.15,906.62,42
1830,307,743,2,39.61,381.92,28
1831,476,792,1,75.66,967.14,81
1832,792,73,4,29.37,150.68,33
1833,368,907,3,102.15,777.84,2
1834,296,773,1,146.22,625.94,27
1835,347,625,4,68.8,554.79,27
1836,446,293,4,73.19,509.52,3
1837,888,766,3,163.74,549.33,35
1838,466,207,4,57.57,996.21,76
1839,32,7,1,146.63,419.87,72
1840,501,504,4,150.0,988.08,12
1841,752,540,5,94.72,547.43,45
1842,994,305,3,34.64,30.53,69
1843,534,975,1,69.84,157.14,10
1844,686,175,3,109.21,35.53,58
1845,95,581,1,158.75,745.11,57
1846,326,505,5,163.65,559.42,48
1847,685,350,4,179.14,998.02,97
1848,125,422,5,174.68,300.0,57
1849,791,1000,1,194.35,394.37,84
1850,519,651,1,69.36,297.06,76
1851,781,35,4,53.64,381.87,78
1852,946,34,4,154.88,32.74,38
1853,83,41,3,188.26,569.63,57
1854,196,83,4,81.35,328.79,73
1855,528,461,2,57.2,188.0,64
1856,3,997,4,127.49,934.48,68
1857,766,283,5,137.58,563.59,76
1858,912,84,3,116.83,554.44,53
1859,316,869,4,155.79,125.52,77
1860,600,321,3,113.83,433.08,68
1861,802,86,3,159.55,47.17,10
1862,285,550,1,84.14,604.36,63
1863,162,936,5,20.83,931.45,83
1864,584,287,1,138.91,842.89,27
1865,142,801,5,139.1,224.69,97
1866,733,473,3,179.47,623.81,22
1867,901,965,3,119.28,60.86,48
1868,724,710,3,117.52,251.12,93
1869,771,265,2,176.36,235.08,43
1870,323,42,1,163.84,602.11,64
1871,324,911,4,89.92,670.05,67
1872,91,927,2,22.08,845.09,16
1873,679,639,4,58.08,119.0,100
1874,94,109,4,134.72,227.54,55
1875,877,626,2,40.93,44.67,68
1876,670,911,1,72.47,410.67,22
1877,672,710,4,172.47,82.6,54
1878,172,791,5,42.32,986.32,42
1879,883,825,3,195.45,577.61,15
1880,921,100,4,190.41,937.79,2
1881,983,332,2,146.72,845.99,45
1882,570,189,4,199.42,626.3,34
1883,163,224,1,65.87,797.38,29
1884,194,652,4,148.47,63.34,5
1885,783,421,1,55.58,95.48,42
1886,872,23,4,132.01,766.41,43
1887,851,157,3,109.9,604.87,63
1888,941,826,4,148.1,601.94,72
1889,270,193,1,179.79,177.02,29
1890,313,68,3,119.75,829.13,36
1891,257,954,5,186.13,714.79,98
1892,82,210,4,47.21,359.79,89
1893,686,472,5,42.15,482.61,96
1894,33,121,2,60.01,779.95,71
1895,69,612,1,127.82,188.98,53
1896,415,920,2,80.69,58.78,57
1897,560,970,4,182.38,362.13,85
1898,259,496,3,30.24,410.79,42
1899,2,977,4,127.03,797.46,82
1900,633,844,1,18.46,910.94,69
1901,504,570,4,64.26,587.99,47
1902,172,872,2,35.07,446.01,37
1903,937,42,1,199.79,475.51,36
1904,884,903,4,145.4,811.43,28
1905,311,904,5,119.78,619.83,77
1906,732,495,2,148.75,499.8,53
1907,580,501,3,148.68,295.08,97
1908,215,259,2,29.06,988.36,20
1909,915,8,2,134.45,797.13,9
1910,731,932,1,120.45,909.0,49
1911,641,395,4,66.96,110.01,11
1912,260,565,1,175.67,850.2,68
1913,21,345,4,157.72,230.12,53
1914,417,255,5,183.35,490.11,51
1915,718,141,4,97.65,167.73,3
1916,634,920,1,145.95,67.26,78
1917,591,828,4,194.43,298.19,25
1918,638,139,5,28.45,383.75,52
1919,660,39,4,48.54,743.38,51
1920,126,685,4,144.03,884.09,53
1921,811,896,1,28.01,173.34,36
1922,166,515,5,83.4,975.58,51
1923,481,131,1,108.89,947.12,78
1924,566,597,4,97.55,208.1,39
1925,629,415,3,36.02,744.28,74
1926,1,247,3,124.49,136.83,40
1927,259,18,1,28.9,676.35,63
1928,338,666,3,173.4,494.87,39
1929,415,541,1,31.85,299.08,97
1930,730,484,2,101.79,588.94,19
1931,978,118,2,180.27,814.96,19
1932,418,99,2,89.82,485.32,26
1933,108,956,4,170.7,538.11,30
1934,54,450,5,188.58,612.57,79
1935,620,184,5,92.47,154.32,32
1936,299,208,2,70.21,948.03,30
1937,500,909,3,155.97,509.62,33
1938,505,407,4,129.83,49.71,58
1939,515,98,3,169.95,541.39,60
1940,64,789,2,23.87,702.63,27
1941,26,636,5,94.97,118.61,54
1942,932,227,2,25.17,135.05,33
1943,565,111,4,60.05,782.12,41
1944,460,100,1,34.37,774.72,22
1945,350,644,3,30.37,617.18,48
1946,343,725,2,80.96,718.13,95
1947,578,17,5,65.81,714.48,62
1948,539,281,2,43.31,583.26,43
1949,144,410,1,49.04,441.62,84
1950,319,915,4,157.6,933.63,90
1951,779,318,1,161.14,304.35,5
1952,729,314,5,77.35,538.57,39
1953,448,311,1,42.25,665.34,28
1954,707,745,2,192.39,266.57,37
1955,125,890,4,74.62,671.96,84
1956,859,436,1,86.93,44.29,30
1957,209,843,3,121.44,717.41,13
1958,578,509,3,58.7,150.8,72
1959,825,797,3,155.08,135.12,88
1960,937,414,2,160.72,738.69,60
1961,810,467,4,92.92,140.4,56
1962,537,500,3,49.72,586.02,98
1963,604,207,3,120.12,288.82,33
1964,961,194,5,199.84,796.91,53
1965,19,465,4,42.98,724.31,96
1966,468,839,5,102.6,244.84,18
1967,154,317,1,107.23,909.23,67
1968,129,279,2,18.36,176.21,26
1969,851,523,5,155.51,121.45,35
1970,392,860,5,151.77,756.25,7
1971,940,984,3,81.04,465.44,13
1972,743,349,2,57.95,369.04,62
1973,314,766,4,189.66,155.4,15
1974,370,726,2,179.2,258.85,53
1975,713,216,3,53.43,235.04,51
1976,991,341,5,49.96,482.02,96
1977,821,970,3,158.04,365.66,83
1978,654,275,5,23.92,525.02,1
1979,52,885,2,30.88,647.68,39
1980,856,827,1,104.02,514.28,89
1981,796,663,3,125.13,911.74,25
1982,163,212,3,77.19,821.33,43
1983,246,967,4,97.29,513.43,34
1984,70,550,3,184.23,723.62,32
1985,917,996,3,15.88,28.12,38
1986,30,127,4,81.59,793.48,57
1987,287,313,1,100.28,685.28,95
1988,146,95,1,191.62,353.71,22
1989,193,701,3,172.57,258.08,74
1990,56,783,4,54.84,45.99,80
1991,511,58,4,92.52,592.02,89
1992,752,745,1,107.87,38.17,78
1993,652,266,5,163.27,199.12,73
1994,741,6,3,133.86,911.96,59
1995,67,36,2,90.62,143.38,59
1996,104,690,4,62.74,839.91,42
1997,418,693,2,163.66,151.95,7
1998,721,195,3,50.67,437.72,20
1999,800,995,5,181.94,546.78,87
2000,143,687,4,135.91,166.57,100
