id,order_id,previous_status,new_status,change_timestamp
1,418,DISPATCHED,DISPATCHED,2023-07-22 23:20:04.802785
2,725,PENDING,DELIVERED,2024-12-07 00:23:47.010746
3,867,PENDING,DISPATCHED,2024-05-30 23:43:55.483609
4,769,DISPATCHED,CONFIRMED,2024-06-05 12:18:38.546258
5,878,CONFIRMED,CONFIRMED,2023-01-11 14:27:58.066522
6,263,DISPATCHED,DISPATCHED,2023-07-02 10:16:40.984293
7,947,CONFIRMED,DELIVERED,2023-10-10 08:27:56.724938
8,930,DISPATCHED,CONFIRMED,2024-01-12 02:24:26.592292
9,604,CONFIRMED,CONFIRMED,2024-05-29 11:51:04.188285
10,698,DISPATCHED,CONFIRMED,2024-01-17 19:04:34.321059
11,188,DISPATCHED,DISPATCHED,2024-09-29 05:20:32.826295
12,527,PENDING,DELIVERED,2024-05-30 19:47:07.428477
13,917,CONFIRMED,DISPATCHED,2024-07-15 22:47:14.916724
14,638,DISPATCHED,DISPATCHED,2024-05-02 05:17:05.708618
15,11,DISPATCHED,DISPATCHED,2024-12-04 02:15:59.952972
16,913,PENDING,DISPATCHED,2024-05-23 10:29:53.797759
17,352,CONFIRMED,DELIVERED,2024-07-04 06:49:48.958753
18,730,PENDING,DISPATCHED,2024-12-18 19:10:40.509770
19,235,DISPATCHED,CONFIRMED,2023-12-06 13:20:38.242235
20,164,PENDING,DISPATCHED,2023-06-22 18:38:06.982151
21,90,PENDING,DISPATCHED,2023-12-02 20:36:47.670083
22,598,PENDING,DELIVERED,2024-03-04 10:07:07.220781
23,470,CONFIRMED,DISPATCHED,2024-07-20 19:57:18.471577
24,923,PENDING,DISPATCHED,2023-10-24 22:48:30.198007
25,850,DISPATCHED,DISPATCHED,2023-10-06 10:13:05.009058
26,705,PENDING,DELIVERED,2024-07-05 09:43:41.276885
27,616,PENDING,CONFIRMED,2023-09-20 00:16:57.491823
28,453,CONFIRMED,DISPATCHED,2024-11-21 17:16:00.114220
29,582,PENDING,CONFIRMED,2023-03-11 04:46:38.298830
30,524,CONFIRMED,DELIVERED,2024-08-01 08:17:17.468195
31,222,DISPATCHED,DISPATCHED,2024-01-15 09:37:48.015959
32,580,PENDING,DISPATCHED,2023-03-03 15:06:36.161858
33,605,PENDING,CONFIRMED,2024-10-22 10:12:57.921544
34,853,CONFIRMED,DELIVERED,2023-01-14 17:04:45.456770
35,326,CONFIRMED,DISPATCHED,2023-10-11 12:55:49.051064
36,941,DISPATCHED,DISPATCHED,2023-11-01 05:06:38.661122
37,861,DISPATCHED,DELIVERED,2024-05-15 07:32:18.408532
38,391,PENDING,CONFIRMED,2023-10-13 12:44:29.053854
39,712,DISPATCHED,DISPATCHED,2023-06-04 20:37:38.067757
40,849,DISPATCHED,CONFIRMED,2023-06-30 23:49:05.297182
41,9,PENDING,DISPATCHED,2023-02-06 16:28:10.766738
42,209,PENDING,CONFIRMED,2023-01-30 16:20:45.131963
43,152,CONFIRMED,DELIVERED,2023-02-24 19:32:12.588715
44,747,CONFIRMED,CONFIRMED,2023-05-07 10:24:04.356579
45,166,DISPATCHED,CONFIRMED,2024-12-18 01:47:42.497623
46,576,PENDING,DISPATCHED,2023-01-16 11:58:03.467462
47,415,CONFIRMED,DISPATCHED,2024-05-13 11:53:50.543998
48,370,PENDING,DELIVERED,2023-03-07 13:00:48.217659
49,306,PENDING,DISPATCHED,2024-08-21 14:31:04.545605
50,607,DISPATCHED,DISPATCHED,2023-09-16 00:29:41.921401
51,74,CONFIRMED,CONFIRMED,2024-07-11 12:14:23.130374
52,669,CONFIRMED,CONFIRMED,2023-05-21 11:16:36.263879
53,225,DISPATCHED,DISPATCHED,2023-09-16 14:03:40.407820
54,107,PENDING,DISPATCHED,2023-09-20 20:40:07.765972
55,999,DISPATCHED,CONFIRMED,2023-12-23 19:33:34.035367
56,30,PENDING,DELIVERED,2024-05-08 07:12:56.748690
57,706,DISPATCHED,DELIVERED,2023-06-09 11:24:32.485625
58,305,PENDING,CONFIRMED,2023-11-27 22:56:33.884230
59,365,PENDING,DISPATCHED,2024-04-26 20:44:07.580829
60,674,PENDING,DISPATCHED,2024-07-20 02:18:56.703748
61,140,PENDING,DISPATCHED,2024-07-03 01:45:23.453508
62,549,DISPATCHED,CONFIRMED,2024-10-24 08:51:56.596264
63,248,CONFIRMED,DELIVERED,2024-05-15 00:04:20.176262
64,953,DISPATCHED,CONFIRMED,2023-02-03 11:16:00.443322
65,877,DISPATCHED,CONFIRMED,2024-06-01 15:08:53.147040
66,414,DISPATCHED,DISPATCHED,2024-03-20 23:42:16.084396
67,238,DISPATCHED,CONFIRMED,2023-04-12 04:55:26.026792
68,95,CONFIRMED,DISPATCHED,2024-01-15 15:42:24.431068
69,433,PENDING,CONFIRMED,2023-11-01 10:38:21.988923
70,11,CONFIRMED,DISPATCHED,2023-02-18 04:17:06.977613
71,701,PENDING,CONFIRMED,2023-02-21 08:31:23.405673
72,836,PENDING,CONFIRMED,2023-12-02 03:30:28.617246
73,354,PENDING,CONFIRMED,2023-03-23 21:20:25.985986
74,953,DISPATCHED,CONFIRMED,2024-12-09 04:40:04.407852
75,105,PENDING,DISPATCHED,2024-12-01 10:22:51.686162
76,484,CONFIRMED,DELIVERED,2024-08-17 11:05:40.130582
77,590,CONFIRMED,CONFIRMED,2023-03-17 07:18:52.532199
78,927,DISPATCHED,DELIVERED,2024-01-27 09:46:30.185868
79,586,PENDING,DISPATCHED,2023-11-18 18:03:14.164336
80,146,DISPATCHED,DELIVERED,2024-08-06 02:08:13.617950
81,415,PENDING,CONFIRMED,2024-03-29 17:32:53.522095
82,528,DISPATCHED,DISPATCHED,2023-08-28 13:02:34.090205
83,468,PENDING,DELIVERED,2023-05-03 07:58:32.576987
84,988,PENDING,CONFIRMED,2024-12-13 11:57:30.293036
85,891,PENDING,DISPATCHED,2024-03-25 00:51:22.752263
86,751,DISPATCHED,DISPATCHED,2023-09-20 10:56:47.475843
87,575,DISPATCHED,DISPATCHED,2023-07-25 09:43:07.159365
88,944,CONFIRMED,CONFIRMED,2023-02-16 20:27:45.695360
89,41,DISPATCHED,CONFIRMED,2024-02-06 13:07:25.078990
90,185,DISPATCHED,DELIVERED,2023-05-12 22:26:50.385210
91,365,CONFIRMED,DELIVERED,2024-07-13 12:54:49.370867
92,291,CONFIRMED,DISPATCHED,2023-01-25 12:06:31.173480
93,930,PENDING,DELIVERED,2023-03-15 00:29:54.133872
94,399,CONFIRMED,DELIVERED,2023-09-13 07:42:30.478759
95,917,CONFIRMED,DISPATCHED,2023-06-02 05:41:17.109206
96,442,CONFIRMED,DISPATCHED,2024-08-07 22:44:34.091711
97,82,CONFIRMED,DISPATCHED,2024-04-19 10:17:44.845491
98,840,CONFIRMED,DISPATCHED,2023-08-03 13:07:45.916891
99,570,CONFIRMED,DELIVERED,2023-03-05 18:21:11.479413
100,245,CONFIRMED,DELIVERED,2024-12-21 22:13:08.000678
101,59,PENDING,DISPATCHED,2023-06-23 16:13:03.418148
102,142,PENDING,DELIVERED,2023-05-19 09:08:34.329575
103,35,DISPATCHED,DELIVERED,2023-05-26 05:32:01.444440
104,19,CONFIRMED,CONFIRMED,2023-06-11 21:51:57.248603
105,516,PENDING,DELIVERED,2024-07-10 10:07:57.718559
106,4,DISPATCHED,CONFIRMED,2024-02-12 05:48:40.501390
107,739,PENDING,CONFIRMED,2024-05-22 04:13:23.596508
108,330,CONFIRMED,DELIVERED,2024-05-06 14:50:10.831668
109,302,DISPATCHED,DISPATCHED,2023-05-21 07:16:07.952280
110,917,DISPATCHED,DISPATCHED,2023-05-08 11:51:26.641130
111,876,PENDING,DISPATCHED,2023-08-16 09:17:48.902676
112,800,DISPATCHED,CONFIRMED,2024-09-22 21:21:53.188869
113,597,CONFIRMED,CONFIRMED,2024-06-07 12:54:34.648196
114,261,PENDING,CONFIRMED,2024-04-11 00:05:36.195985
115,319,CONFIRMED,DISPATCHED,2023-05-06 12:38:05.502987
116,404,CONFIRMED,DISPATCHED,2023-05-26 07:48:49.633488
117,66,CONFIRMED,CONFIRMED,2023-06-12 06:04:07.887478
118,395,DISPATCHED,CONFIRMED,2023-02-24 14:56:42.269431
119,437,CONFIRMED,DELIVERED,2024-09-06 03:24:55.472230
120,477,CONFIRMED,DELIVERED,2023-01-10 04:38:22.216097
121,414,CONFIRMED,DELIVERED,2023-11-28 06:36:32.385342
122,591,PENDING,DISPATCHED,2024-12-05 15:20:55.154526
123,618,DISPATCHED,DISPATCHED,2023-04-26 21:47:29.754029
124,828,DISPATCHED,CONFIRMED,2023-10-22 16:19:34.037543
125,573,CONFIRMED,CONFIRMED,2024-11-06 20:04:20.733975
126,258,DISPATCHED,DELIVERED,2023-05-09 13:06:41.136095
127,672,DISPATCHED,DELIVERED,2023-07-17 17:31:49.462025
128,380,DISPATCHED,DELIVERED,2024-02-11 08:28:48.382730
129,847,PENDING,DISPATCHED,2023-12-13 16:33:03.853392
130,938,CONFIRMED,DELIVERED,2023-05-18 18:33:09.399554
131,776,PENDING,CONFIRMED,2023-06-04 15:02:02.158664
132,311,DISPATCHED,CONFIRMED,2024-06-10 14:45:30.486333
133,205,DISPATCHED,DISPATCHED,2024-08-25 12:02:38.931213
134,825,DISPATCHED,CONFIRMED,2024-10-09 15:23:57.720951
135,439,CONFIRMED,DELIVERED,2023-01-22 16:23:17.294497
136,678,DISPATCHED,DELIVERED,2023-11-05 06:54:42.445596
137,586,CONFIRMED,DELIVERED,2024-12-22 15:47:08.579506
138,788,DISPATCHED,DISPATCHED,2024-04-06 23:27:59.424878
139,480,PENDING,DELIVERED,2024-06-23 06:34:17.885766
140,331,DISPATCHED,CONFIRMED,2024-04-19 02:37:04.770999
141,185,CONFIRMED,DISPATCHED,2023-09-11 04:50:42.392362
142,629,PENDING,CONFIRMED,2024-08-20 11:01:03.959120
143,783,DISPATCHED,DELIVERED,2024-01-01 22:58:17.871098
144,663,CONFIRMED,CONFIRMED,2024-01-26 02:50:34.507784
145,901,CONFIRMED,CONFIRMED,2023-07-03 11:15:35.794051
146,409,CONFIRMED,DELIVERED,2024-08-27 20:57:37.934754
147,717,CONFIRMED,DISPATCHED,2023-05-21 13:59:46.809632
148,541,PENDING,CONFIRMED,2024-09-25 04:30:08.786911
149,326,CONFIRMED,DISPATCHED,2024-01-21 00:41:53.425834
150,614,DISPATCHED,DISPATCHED,2023-04-05 14:54:47.241606
151,865,DISPATCHED,DISPATCHED,2023-10-08 01:22:54.165010
152,99,CONFIRMED,CONFIRMED,2023-09-03 00:25:02.598308
153,430,DISPATCHED,DISPATCHED,2024-06-06 05:06:30.092446
154,151,CONFIRMED,CONFIRMED,2024-06-09 16:47:14.147305
155,614,PENDING,DISPATCHED,2024-09-19 15:17:29.236376
156,12,PENDING,DISPATCHED,2023-09-27 15:35:46.971797
157,114,PENDING,CONFIRMED,2023-04-20 03:30:31.515468
158,103,CONFIRMED,DISPATCHED,2024-11-19 06:27:24.626885
159,421,CONFIRMED,CONFIRMED,2024-12-20 00:20:47.474600
160,853,DISPATCHED,CONFIRMED,2024-10-17 08:30:23.752536
161,338,CONFIRMED,DELIVERED,2023-09-11 10:09:59.324378
162,747,CONFIRMED,CONFIRMED,2023-04-09 01:11:53.870894
163,855,CONFIRMED,DELIVERED,2023-03-24 09:00:52.691706
164,716,DISPATCHED,CONFIRMED,2024-05-21 03:02:14.797440
165,128,CONFIRMED,CONFIRMED,2024-08-12 12:00:13.079634
166,353,DISPATCHED,DISPATCHED,2023-05-23 07:57:12.794077
167,964,PENDING,DISPATCHED,2024-01-16 14:36:58.106030
168,188,DISPATCHED,DISPATCHED,2023-09-06 20:02:30.750990
169,733,CONFIRMED,DISPATCHED,2024-07-14 09:46:10.118351
170,577,DISPATCHED,CONFIRMED,2024-01-10 08:47:08.010330
171,397,PENDING,DISPATCHED,2023-07-18 21:48:53.981397
172,36,CONFIRMED,CONFIRMED,2024-11-07 08:42:11.508970
173,825,PENDING,DELIVERED,2024-11-16 00:03:38.698942
174,913,PENDING,CONFIRMED,2023-06-08 06:10:40.071395
175,278,CONFIRMED,CONFIRMED,2024-07-18 06:59:49.543995
176,878,DISPATCHED,CONFIRMED,2024-05-11 05:26:37.463226
177,87,DISPATCHED,CONFIRMED,2023-09-16 22:12:29.344723
178,186,CONFIRMED,DISPATCHED,2023-02-08 01:45:49.020607
179,188,PENDING,DELIVERED,2024-03-08 02:55:52.207626
180,880,PENDING,DISPATCHED,2024-06-20 22:43:04.876351
181,381,PENDING,CONFIRMED,2024-01-11 07:44:37.673783
182,697,PENDING,CONFIRMED,2024-01-24 10:48:05.880637
183,519,CONFIRMED,CONFIRMED,2024-01-28 20:37:22.888012
184,87,DISPATCHED,DISPATCHED,2023-08-14 01:23:42.280849
185,572,DISPATCHED,CONFIRMED,2024-04-27 20:27:42.214079
186,944,PENDING,DISPATCHED,2024-08-29 14:49:33.942371
187,12,CONFIRMED,DISPATCHED,2023-06-25 19:08:30.767547
188,515,DISPATCHED,CONFIRMED,2024-12-25 05:04:29.621792
189,713,PENDING,CONFIRMED,2024-05-20 07:16:52.234851
190,69,PENDING,DELIVERED,2023-08-24 04:43:19.070029
191,491,PENDING,DISPATCHED,2024-04-27 21:07:21.301480
192,619,PENDING,CONFIRMED,2024-12-14 07:33:21.569240
193,785,DISPATCHED,CONFIRMED,2024-07-12 15:24:09.322828
194,207,PENDING,DELIVERED,2024-04-06 01:48:47.391940
195,165,DISPATCHED,CONFIRMED,2023-06-06 18:21:35.776496
196,314,PENDING,DISPATCHED,2024-11-11 21:43:49.358608
197,135,CONFIRMED,DELIVERED,2023-06-18 12:48:48.094560
198,957,PENDING,DISPATCHED,2024-10-10 19:44:40.878724
199,664,CONFIRMED,DELIVERED,2024-09-24 09:23:10.020906
200,50,CONFIRMED,DISPATCHED,2024-09-05 08:40:39.253345
201,351,PENDING,DISPATCHED,2023-03-18 11:34:50.590725
202,53,DISPATCHED,DELIVERED,2024-11-21 01:06:16.178329
203,619,DISPATCHED,CONFIRMED,2023-05-19 03:29:16.619990
204,855,PENDING,DELIVERED,2024-04-04 09:56:09.863010
205,734,PENDING,CONFIRMED,2024-11-19 02:49:22.880234
206,863,PENDING,DISPATCHED,2023-10-13 09:00:28.724570
207,391,CONFIRMED,CONFIRMED,2024-06-05 19:18:22.932345
208,944,CONFIRMED,DISPATCHED,2023-07-19 23:05:44.168060
209,419,CONFIRMED,CONFIRMED,2023-05-08 22:58:37.218606
210,993,DISPATCHED,DISPATCHED,2023-12-20 05:51:56.648273
211,30,PENDING,DISPATCHED,2024-04-22 07:31:19.031374
212,548,PENDING,CONFIRMED,2023-08-19 05:54:43.332281
213,57,DISPATCHED,CONFIRMED,2023-07-25 01:10:55.090295
214,792,DISPATCHED,DISPATCHED,2024-02-11 23:25:04.759910
215,220,PENDING,CONFIRMED,2023-02-06 11:35:34.310015
216,175,CONFIRMED,DISPATCHED,2023-03-01 06:59:01.144711
217,58,CONFIRMED,CONFIRMED,2024-01-29 16:46:18.023493
218,816,PENDING,DELIVERED,2023-02-19 08:18:17.224774
219,225,CONFIRMED,DELIVERED,2024-10-30 10:15:20.195820
220,618,CONFIRMED,DELIVERED,2024-09-15 01:49:45.303398
221,238,CONFIRMED,DISPATCHED,2024-04-03 13:55:43.673002
222,422,CONFIRMED,DELIVERED,2024-03-14 03:50:57.768776
223,931,DISPATCHED,CONFIRMED,2023-03-21 19:21:31.841010
224,409,CONFIRMED,DELIVERED,2024-11-26 15:32:25.923954
225,186,DISPATCHED,DELIVERED,2023-07-06 07:31:29.235995
226,817,PENDING,DELIVERED,2024-04-05 04:33:22.183247
227,548,PENDING,CONFIRMED,2024-11-08 22:54:02.743857
228,852,CONFIRMED,DELIVERED,2023-12-15 03:16:46.304662
229,441,PENDING,DELIVERED,2024-05-14 21:22:18.803720
230,722,PENDING,DELIVERED,2023-01-02 05:55:27.459960
231,150,PENDING,DELIVERED,2024-11-26 06:17:19.169225
232,209,DISPATCHED,DELIVERED,2023-12-05 04:19:29.477843
233,942,DISPATCHED,CONFIRMED,2024-11-21 05:11:35.023672
234,785,DISPATCHED,CONFIRMED,2023-06-30 18:21:01.588448
235,57,PENDING,DISPATCHED,2024-04-11 19:51:00.191245
236,839,DISPATCHED,DISPATCHED,2023-04-25 00:52:37.486162
237,450,CONFIRMED,DELIVERED,2023-10-04 10:31:35.798209
238,823,CONFIRMED,CONFIRMED,2023-12-08 12:21:55.458795
239,649,CONFIRMED,CONFIRMED,2024-02-15 21:08:34.643597
240,48,CONFIRMED,CONFIRMED,2023-10-02 16:15:44.089540
241,204,PENDING,DELIVERED,2024-05-27 08:08:18.197107
242,327,DISPATCHED,CONFIRMED,2023-08-13 13:59:39.398421
243,480,CONFIRMED,CONFIRMED,2024-05-15 09:32:26.410110
244,983,DISPATCHED,DELIVERED,2023-12-14 18:43:34.861656
245,175,PENDING,DISPATCHED,2023-01-27 06:11:00.886324
246,240,CONFIRMED,CONFIRMED,2024-11-01 06:50:32.283557
247,647,PENDING,DELIVERED,2023-02-25 19:28:24.120344
248,104,DISPATCHED,CONFIRMED,2024-08-17 23:02:59.841031
249,968,CONFIRMED,CONFIRMED,2023-11-25 10:37:58.783665
250,629,DISPATCHED,DISPATCHED,2023-10-22 01:48:16.868628
251,347,DISPATCHED,DISPATCHED,2023-07-16 21:07:54.152162
252,337,CONFIRMED,CONFIRMED,2023-05-07 04:59:47.339992
253,764,PENDING,DELIVERED,2023-06-21 23:42:06.774051
254,23,DISPATCHED,CONFIRMED,2024-12-26 06:38:04.561741
255,636,CONFIRMED,DELIVERED,2024-03-28 12:36:36.018691
256,835,CONFIRMED,CONFIRMED,2023-11-30 00:41:54.968668
257,515,PENDING,DISPATCHED,2024-04-25 23:49:19.752853
258,202,CONFIRMED,CONFIRMED,2023-02-06 14:39:36.965472
259,622,PENDING,DISPATCHED,2023-03-11 23:19:02.676330
260,215,CONFIRMED,DISPATCHED,2023-07-10 05:40:03.748370
261,806,DISPATCHED,DELIVERED,2024-05-08 09:39:06.541553
262,276,PENDING,DELIVERED,2023-03-30 11:36:30.112724
263,439,CONFIRMED,CONFIRMED,2023-09-17 07:48:00.793222
264,819,CONFIRMED,DISPATCHED,2024-12-24 21:07:43.484173
265,159,CONFIRMED,CONFIRMED,2024-07-31 07:58:38.436520
266,60,DISPATCHED,DISPATCHED,2024-06-29 06:49:41.820415
267,889,DISPATCHED,CONFIRMED,2024-01-02 05:46:56.935887
268,923,PENDING,CONFIRMED,2023-08-13 00:24:34.166764
269,565,DISPATCHED,CONFIRMED,2023-03-27 13:36:35.844349
270,320,PENDING,CONFIRMED,2023-04-24 20:08:57.262824
271,41,DISPATCHED,CONFIRMED,2023-01-28 23:15:31.065855
272,883,PENDING,DELIVERED,2023-02-21 11:32:26.856133
273,359,CONFIRMED,CONFIRMED,2023-09-18 14:44:53.301023
274,837,DISPATCHED,DISPATCHED,2023-10-23 15:27:50.397411
275,266,DISPATCHED,CONFIRMED,2024-10-10 19:48:43.165799
276,383,PENDING,DISPATCHED,2023-09-25 00:05:15.581704
277,91,CONFIRMED,DELIVERED,2024-10-21 15:26:12.071390
278,553,CONFIRMED,CONFIRMED,2023-08-14 02:24:01.012071
279,591,DISPATCHED,DISPATCHED,2024-06-03 00:48:37.371269
280,657,CONFIRMED,CONFIRMED,2024-07-08 22:48:16.911348
281,678,DISPATCHED,CONFIRMED,2023-08-09 19:07:26.029642
282,626,PENDING,DELIVERED,2023-03-14 16:22:50.573535
283,340,DISPATCHED,DISPATCHED,2024-10-17 11:23:30.998628
284,564,DISPATCHED,DISPATCHED,2023-06-16 15:34:09.288929
285,90,DISPATCHED,CONFIRMED,2023-08-25 22:39:40.635467
286,764,CONFIRMED,DISPATCHED,2023-12-06 10:37:09.559831
287,900,PENDING,DELIVERED,2024-03-24 20:17:28.053356
288,731,PENDING,DELIVERED,2024-10-25 09:20:17.901427
289,200,CONFIRMED,DISPATCHED,2023-10-04 08:06:54.677057
290,308,DISPATCHED,CONFIRMED,2024-05-26 08:48:38.102790
291,241,PENDING,CONFIRMED,2023-05-17 14:54:48.195521
292,238,PENDING,DISPATCHED,2024-06-19 20:40:18.436195
293,180,DISPATCHED,DELIVERED,2024-02-21 04:33:48.784350
294,890,DISPATCHED,CONFIRMED,2023-10-13 06:18:12.746694
295,374,CONFIRMED,DELIVERED,2023-10-09 13:22:55.358342
296,633,DISPATCHED,CONFIRMED,2023-08-27 20:53:53.830516
297,780,PENDING,DISPATCHED,2024-08-30 08:34:14.611113
298,685,DISPATCHED,CONFIRMED,2023-07-07 21:05:18.685727
299,514,CONFIRMED,DELIVERED,2023-10-29 16:38:00.187668
300,120,DISPATCHED,CONFIRMED,2024-02-22 04:43:55.032287
301,678,CONFIRMED,DISPATCHED,2023-05-15 17:47:55.515476
302,553,CONFIRMED,CONFIRMED,2024-06-25 17:31:59.668224
303,68,PENDING,DISPATCHED,2023-06-03 23:16:29.979397
304,944,CONFIRMED,DELIVERED,2023-10-07 10:20:51.653531
305,707,DISPATCHED,CONFIRMED,2023-06-14 15:35:27.011913
306,883,DISPATCHED,DELIVERED,2023-07-17 07:26:04.081088
307,868,CONFIRMED,DELIVERED,2024-08-15 12:05:39.734059
308,896,CONFIRMED,CONFIRMED,2024-06-08 16:36:59.888009
309,162,PENDING,CONFIRMED,2024-06-11 05:00:15.154793
310,983,PENDING,DELIVERED,2024-10-09 08:20:10.253136
311,100,DISPATCHED,DELIVERED,2023-11-19 23:57:35.397276
312,996,DISPATCHED,CONFIRMED,2023-03-26 19:21:03.323877
313,316,DISPATCHED,DISPATCHED,2024-10-13 17:39:09.716739
314,675,DISPATCHED,DISPATCHED,2024-09-15 09:33:12.816726
315,41,PENDING,DELIVERED,2023-10-03 15:50:30.247076
316,852,PENDING,DISPATCHED,2024-09-18 23:04:58.829336
317,461,PENDING,DELIVERED,2024-11-08 13:50:41.507422
318,511,CONFIRMED,CONFIRMED,2023-09-18 17:27:41.856357
319,825,CONFIRMED,DELIVERED,2023-12-21 22:29:39.556117
320,443,DISPATCHED,DELIVERED,2023-11-26 09:53:05.716603
321,151,CONFIRMED,DELIVERED,2024-06-27 07:35:16.337227
322,606,DISPATCHED,DELIVERED,2023-11-30 11:27:12.308681
323,523,PENDING,CONFIRMED,2024-01-05 05:02:17.155012
324,309,PENDING,CONFIRMED,2024-09-26 04:25:39.807525
325,717,PENDING,DELIVERED,2023-04-01 03:23:30.260399
326,58,DISPATCHED,DELIVERED,2024-06-06 05:56:57.957098
327,210,DISPATCHED,DISPATCHED,2024-12-30 01:55:30.712063
328,893,DISPATCHED,DELIVERED,2023-12-20 12:14:13.212135
329,897,CONFIRMED,DISPATCHED,2023-12-04 05:40:10.725610
330,912,CONFIRMED,DISPATCHED,2023-08-19 07:01:09.033764
331,428,DISPATCHED,DELIVERED,2024-06-07 08:22:26.236162
332,810,DISPATCHED,CONFIRMED,2024-03-19 20:34:23.334135
333,288,DISPATCHED,DISPATCHED,2023-11-23 15:43:17.285398
334,545,CONFIRMED,CONFIRMED,2024-07-16 20:31:09.753099
335,809,CONFIRMED,DELIVERED,2024-02-07 09:15:48.391938
336,631,CONFIRMED,CONFIRMED,2024-01-04 14:29:18.166133
337,980,DISPATCHED,DELIVERED,2023-03-13 06:39:03.158802
338,808,DISPATCHED,CONFIRMED,2024-08-29 09:43:12.884823
339,720,CONFIRMED,CONFIRMED,2024-08-25 02:18:22.833715
340,949,CONFIRMED,DELIVERED,2024-07-12 16:19:00.292246
341,569,DISPATCHED,DISPATCHED,2023-05-19 17:55:53.844590
342,492,PENDING,DISPATCHED,2023-12-13 21:18:30.855038
343,992,PENDING,CONFIRMED,2024-01-28 00:14:25.179111
344,687,PENDING,DELIVERED,2023-10-31 12:08:06.468047
345,552,PENDING,CONFIRMED,2024-04-25 23:38:04.286876
346,654,PENDING,DELIVERED,2024-05-25 20:32:12.243875
347,493,DISPATCHED,DELIVERED,2024-08-17 15:40:44.873158
348,486,DISPATCHED,CONFIRMED,2024-10-04 02:33:07.090672
349,364,PENDING,CONFIRMED,2023-04-08 19:39:11.869825
350,587,DISPATCHED,DISPATCHED,2024-04-13 17:17:09.697748
351,218,PENDING,DELIVERED,2024-12-17 10:32:40.173748
352,780,CONFIRMED,DISPATCHED,2023-01-15 13:32:22.983466
353,742,CONFIRMED,DELIVERED,2024-12-09 22:16:59.955110
354,976,CONFIRMED,DELIVERED,2023-02-18 05:46:37.278837
355,319,PENDING,CONFIRMED,2024-08-15 22:13:54.866084
356,445,DISPATCHED,CONFIRMED,2024-12-02 18:27:03.326275
357,21,DISPATCHED,DISPATCHED,2023-05-01 12:11:35.411970
358,243,PENDING,DELIVERED,2024-11-19 18:43:09.214343
359,327,PENDING,CONFIRMED,2023-03-19 19:45:40.958299
360,899,PENDING,CONFIRMED,2023-04-28 11:19:05.088327
361,568,PENDING,CONFIRMED,2024-08-19 18:20:43.716261
362,466,CONFIRMED,DISPATCHED,2023-01-26 01:09:11.597447
363,487,PENDING,CONFIRMED,2024-10-07 19:07:04.965612
364,123,PENDING,DELIVERED,2023-09-17 15:56:39.654183
365,841,PENDING,CONFIRMED,2023-07-02 19:16:48.158186
366,603,PENDING,CONFIRMED,2024-06-13 13:54:06.400036
367,516,DISPATCHED,DELIVERED,2024-11-21 13:54:51.941626
368,410,PENDING,CONFIRMED,2024-03-06 17:31:48.220567
369,403,PENDING,DELIVERED,2023-09-19 14:40:27.568879
370,959,DISPATCHED,DISPATCHED,2024-11-30 16:39:13.513910
371,52,PENDING,DELIVERED,2024-06-09 13:17:21.405580
372,62,PENDING,CONFIRMED,2024-11-13 05:22:04.295584
373,762,PENDING,CONFIRMED,2023-08-26 06:06:53.590065
374,596,PENDING,DISPATCHED,2024-09-25 07:37:06.092146
375,176,PENDING,CONFIRMED,2024-06-11 13:23:22.745484
376,177,CONFIRMED,DELIVERED,2023-10-22 07:41:42.957897
377,391,DISPATCHED,CONFIRMED,2024-03-22 03:46:21.468125
378,510,PENDING,DISPATCHED,2023-05-12 07:55:47.154737
379,599,PENDING,CONFIRMED,2023-06-13 19:25:19.612798
380,91,DISPATCHED,DELIVERED,2024-12-19 08:44:29.414327
381,902,CONFIRMED,DISPATCHED,2024-02-12 08:45:05.659112
382,363,CONFIRMED,DELIVERED,2023-10-08 17:55:12.202776
383,361,PENDING,DELIVERED,2023-05-06 10:13:01.901518
384,336,CONFIRMED,DISPATCHED,2023-05-18 06:14:57.686573
385,954,PENDING,DELIVERED,2024-03-16 07:34:39.086361
386,199,CONFIRMED,DISPATCHED,2023-03-22 21:39:45.752868
387,314,DISPATCHED,DISPATCHED,2024-01-14 07:27:38.437933
388,485,PENDING,DELIVERED,2024-01-04 17:08:43.866109
389,965,DISPATCHED,DISPATCHED,2024-10-10 17:11:36.555725
390,933,DISPATCHED,DISPATCHED,2023-07-10 22:42:38.394430
391,29,CONFIRMED,DISPATCHED,2023-04-02 13:50:04.556150
392,330,PENDING,DISPATCHED,2024-12-15 01:28:31.702724
393,703,DISPATCHED,DELIVERED,2023-10-01 15:01:05.507861
394,722,PENDING,DELIVERED,2024-10-30 16:05:47.865359
395,254,PENDING,DELIVERED,2023-08-21 14:29:47.626153
396,896,DISPATCHED,DISPATCHED,2024-02-23 14:22:44.470876
397,152,DISPATCHED,DISPATCHED,2023-06-26 03:06:36.969843
398,163,CONFIRMED,DELIVERED,2024-04-14 01:26:32.444383
399,611,CONFIRMED,CONFIRMED,2023-07-10 03:41:44.103037
400,886,CONFIRMED,DELIVERED,2023-04-16 21:08:44.332686
401,32,DISPATCHED,CONFIRMED,2024-06-05 10:48:44.309762
402,478,PENDING,DELIVERED,2024-01-07 16:03:52.654758
403,699,CONFIRMED,CONFIRMED,2023-01-24 17:06:09.807972
404,856,PENDING,DELIVERED,2023-10-28 07:09:15.322429
405,888,PENDING,DELIVERED,2024-01-26 15:25:07.286979
406,28,CONFIRMED,DISPATCHED,2023-12-19 19:16:51.290949
407,641,PENDING,DISPATCHED,2023-05-17 10:39:58.973853
408,759,CONFIRMED,DISPATCHED,2023-07-03 05:50:58.005978
409,741,PENDING,DELIVERED,2023-10-10 10:09:10.815457
410,458,DISPATCHED,DELIVERED,2023-02-24 06:58:48.279657
411,558,DISPATCHED,CONFIRMED,2024-06-02 13:39:38.643198
412,858,DISPATCHED,DELIVERED,2024-03-30 20:20:04.123331
413,445,DISPATCHED,DELIVERED,2024-06-03 12:43:20.896957
414,600,PENDING,DISPATCHED,2023-04-23 19:48:31.576150
415,856,PENDING,CONFIRMED,2023-08-17 06:39:52.637559
416,370,DISPATCHED,DELIVERED,2024-01-17 19:37:43.598662
417,270,DISPATCHED,DELIVERED,2023-01-26 15:40:20.490251
418,458,DISPATCHED,DISPATCHED,2023-12-28 10:53:24.591712
419,435,DISPATCHED,DELIVERED,2023-07-20 14:53:56.214548
420,750,DISPATCHED,DISPATCHED,2024-07-05 00:51:46.757666
421,926,PENDING,CONFIRMED,2024-08-22 07:58:37.345871
422,749,PENDING,CONFIRMED,2024-05-01 22:25:12.758011
423,889,PENDING,DELIVERED,2024-09-30 05:40:21.379034
424,922,DISPATCHED,CONFIRMED,2024-11-09 20:53:38.317698
425,959,CONFIRMED,DISPATCHED,2024-12-08 11:03:41.485307
426,184,CONFIRMED,DISPATCHED,2024-10-14 22:25:25.288667
427,79,CONFIRMED,CONFIRMED,2024-05-08 18:02:00.501560
428,480,PENDING,DISPATCHED,2024-01-14 08:30:09.465858
429,586,CONFIRMED,DISPATCHED,2024-08-26 00:48:18.031099
430,252,DISPATCHED,DELIVERED,2024-08-14 11:07:25.427441
431,753,DISPATCHED,DELIVERED,2024-03-06 06:02:33.082270
432,423,CONFIRMED,DISPATCHED,2023-01-17 05:37:31.785160
433,710,CONFIRMED,CONFIRMED,2023-01-17 16:56:15.502307
434,842,CONFIRMED,DISPATCHED,2024-04-18 07:07:24.003920
435,837,DISPATCHED,CONFIRMED,2023-03-15 16:55:32.805065
436,308,PENDING,DISPATCHED,2024-09-06 01:21:08.472997
437,690,CONFIRMED,CONFIRMED,2023-05-06 19:38:54.130821
438,376,PENDING,DISPATCHED,2023-09-21 18:55:55.177058
439,163,PENDING,DELIVERED,2023-12-04 00:47:14.899043
440,729,PENDING,DELIVERED,2024-11-20 00:49:15.081761
441,85,DISPATCHED,CONFIRMED,2024-03-27 16:32:59.536159
442,691,CONFIRMED,DELIVERED,2023-05-01 02:41:35.493046
443,681,DISPATCHED,DELIVERED,2024-03-22 05:33:31.765388
444,774,PENDING,DELIVERED,2024-11-09 22:49:17.888185
445,179,PENDING,CONFIRMED,2023-03-16 21:02:02.419643
446,318,PENDING,DELIVERED,2024-05-17 05:04:53.770926
447,97,CONFIRMED,DISPATCHED,2024-01-07 05:26:52.557015
448,946,PENDING,DISPATCHED,2024-02-09 17:43:03.060720
449,644,CONFIRMED,DISPATCHED,2023-07-01 01:38:10.096561
450,671,CONFIRMED,DELIVERED,2023-12-08 11:47:32.489622
451,564,PENDING,CONFIRMED,2024-02-03 13:00:02.465655
452,873,PENDING,DISPATCHED,2024-08-03 03:30:12.933099
453,574,PENDING,DISPATCHED,2024-06-28 23:17:47.013990
454,994,DISPATCHED,DISPATCHED,2023-04-05 19:32:49.382686
455,269,DISPATCHED,DISPATCHED,2023-05-19 10:01:29.204204
456,332,PENDING,DISPATCHED,2024-01-11 17:22:31.324896
457,281,PENDING,DELIVERED,2023-01-15 06:35:00.202846
458,943,PENDING,DISPATCHED,2024-06-14 00:16:37.891593
459,226,PENDING,DELIVERED,2023-04-13 17:01:16.641098
460,507,DISPATCHED,DELIVERED,2023-05-29 10:51:54.749846
461,462,PENDING,CONFIRMED,2024-09-05 13:14:30.880375
462,685,CONFIRMED,CONFIRMED,2024-09-16 21:55:43.765115
463,977,CONFIRMED,CONFIRMED,2024-03-30 10:18:20.240286
464,772,CONFIRMED,DELIVERED,2024-02-05 02:10:28.841953
465,588,CONFIRMED,DISPATCHED,2023-01-04 10:28:28.874097
466,827,PENDING,DISPATCHED,2023-08-10 01:38:19.905182
467,860,PENDING,DISPATCHED,2024-01-22 09:06:23.840577
468,83,CONFIRMED,CONFIRMED,2023-06-16 02:10:32.489940
469,279,PENDING,DISPATCHED,2024-04-03 09:04:29.919124
470,318,DISPATCHED,CONFIRMED,2024-02-25 16:20:02.902241
471,212,PENDING,DISPATCHED,2024-10-28 00:20:48.283276
472,194,DISPATCHED,CONFIRMED,2024-03-05 03:55:17.327283
473,570,CONFIRMED,DISPATCHED,2024-08-27 22:29:55.968791
474,28,PENDING,CONFIRMED,2023-05-31 13:33:48.330455
475,42,PENDING,DELIVERED,2024-07-16 16:04:19.126509
476,618,DISPATCHED,CONFIRMED,2023-08-15 10:37:18.956509
477,420,CONFIRMED,CONFIRMED,2024-08-03 08:52:33.371544
478,520,PENDING,DELIVERED,2024-04-07 07:39:35.519598
479,906,DISPATCHED,DISPATCHED,2023-04-28 17:26:52.454086
480,881,DISPATCHED,CONFIRMED,2024-09-09 21:43:34.243525
481,276,PENDING,CONFIRMED,2024-03-03 21:00:31.160503
482,106,DISPATCHED,DISPATCHED,2023-03-03 03:05:33.959897
483,306,PENDING,CONFIRMED,2024-06-09 15:51:30.538352
484,269,CONFIRMED,DELIVERED,2024-06-03 12:43:22.440159
485,901,PENDING,DISPATCHED,2024-09-20 10:26:06.115313
486,906,CONFIRMED,DELIVERED,2023-03-06 23:28:45.959690
487,12,DISPATCHED,DELIVERED,2023-12-21 14:57:39.335301
488,164,CONFIRMED,CONFIRMED,2024-02-20 00:57:07.987754
489,437,PENDING,DISPATCHED,2023-02-25 17:11:24.196458
490,478,PENDING,CONFIRMED,2023-04-12 23:54:52.660991
491,836,DISPATCHED,DISPATCHED,2024-10-31 17:00:54.687713
492,298,PENDING,DISPATCHED,2024-03-26 07:36:23.161209
493,633,DISPATCHED,DISPATCHED,2023-09-25 06:05:12.842626
494,424,DISPATCHED,CONFIRMED,2023-01-17 12:53:20.443708
495,711,CONFIRMED,DELIVERED,2023-03-16 18:17:45.155580
496,778,CONFIRMED,DELIVERED,2023-10-21 10:27:12.249565
497,723,PENDING,DELIVERED,2024-01-02 05:09:58.631875
498,805,PENDING,DISPATCHED,2023-07-05 19:04:20.166351
499,520,PENDING,DELIVERED,2023-04-23 04:56:11.433036
500,684,DISPATCHED,CONFIRMED,2024-12-13 18:13:34.767375
501,562,CONFIRMED,CONFIRMED,2024-03-01 17:28:36.111834
502,844,CONFIRMED,DELIVERED,2024-07-23 03:46:42.623379
503,466,PENDING,DELIVERED,2023-03-10 03:09:15.406765
504,322,PENDING,CONFIRMED,2024-05-18 07:19:06.835094
505,821,PENDING,DELIVERED,2023-12-30 09:13:19.303868
506,509,PENDING,CONFIRMED,2024-01-02 00:01:09.784649
507,771,PENDING,DELIVERED,2023-05-18 04:03:56.401173
508,504,DISPATCHED,DISPATCHED,2024-01-26 04:41:10.630856
509,433,CONFIRMED,DELIVERED,2024-10-13 08:20:02.574957
510,2,DISPATCHED,DISPATCHED,2024-10-05 12:53:59.235652
511,138,DISPATCHED,DELIVERED,2023-02-06 23:09:30.074551
512,178,DISPATCHED,DELIVERED,2023-06-23 07:09:33.510829
513,755,PENDING,DISPATCHED,2024-03-08 03:39:46.235351
514,939,PENDING,DELIVERED,2023-06-16 02:04:20.421951
515,1,PENDING,DELIVERED,2024-03-04 18:04:57.958434
516,768,DISPATCHED,DELIVERED,2024-04-04 10:45:25.835065
517,676,PENDING,DISPATCHED,2024-01-18 23:12:18.808365
518,122,CONFIRMED,DELIVERED,2024-10-29 05:51:58.057334
519,654,DISPATCHED,DISPATCHED,2024-07-24 02:33:16.587512
520,170,CONFIRMED,DISPATCHED,2023-03-28 13:55:17.201337
521,390,CONFIRMED,DISPATCHED,2023-09-16 23:44:53.633834
522,324,DISPATCHED,DELIVERED,2023-12-01 08:20:12.664965
523,575,CONFIRMED,DISPATCHED,2023-10-18 15:55:14.729863
524,297,PENDING,CONFIRMED,2024-12-18 14:01:43.286991
525,641,PENDING,DELIVERED,2023-02-07 06:35:37.168733
526,541,PENDING,DELIVERED,2023-10-03 13:57:08.796485
527,651,DISPATCHED,DELIVERED,2023-11-23 05:24:52.807734
528,869,CONFIRMED,CONFIRMED,2023-06-07 05:32:20.911088
529,148,PENDING,CONFIRMED,2023-01-22 16:59:19.639196
530,223,CONFIRMED,DISPATCHED,2023-06-21 16:26:06.563376
531,231,DISPATCHED,DISPATCHED,2024-06-18 00:53:47.949183
532,279,PENDING,DISPATCHED,2024-07-30 17:46:40.707859
533,339,CONFIRMED,DELIVERED,2023-06-19 07:46:31.578354
534,608,PENDING,CONFIRMED,2023-02-04 15:29:59.171710
535,643,PENDING,DELIVERED,2024-03-12 15:17:07.707623
536,209,CONFIRMED,DISPATCHED,2023-02-22 03:53:18.532067
537,316,CONFIRMED,DELIVERED,2023-09-08 22:59:04.580331
538,779,CONFIRMED,DELIVERED,2023-10-13 05:05:32.917858
539,124,DISPATCHED,DISPATCHED,2024-11-03 21:51:39.761614
540,478,DISPATCHED,CONFIRMED,2023-01-29 22:51:49.453812
541,178,DISPATCHED,DISPATCHED,2023-11-21 00:43:07.469397
542,507,PENDING,DELIVERED,2023-05-10 07:09:54.751850
543,933,CONFIRMED,CONFIRMED,2023-01-31 04:44:56.047633
544,677,DISPATCHED,CONFIRMED,2024-07-27 06:00:27.232785
545,589,PENDING,DISPATCHED,2023-04-01 10:30:15.557055
546,429,PENDING,DELIVERED,2024-12-18 17:41:08.701262
547,689,CONFIRMED,DELIVERED,2023-01-26 09:27:56.568560
548,902,DISPATCHED,DELIVERED,2024-12-09 09:12:52.995308
549,5,PENDING,CONFIRMED,2023-06-03 16:28:46.936195
550,366,DISPATCHED,DISPATCHED,2024-03-05 18:39:33.068659
551,106,CONFIRMED,CONFIRMED,2024-02-01 13:36:42.537483
552,78,DISPATCHED,CONFIRMED,2024-07-01 10:56:07.483381
553,187,PENDING,DISPATCHED,2023-07-13 04:26:38.584298
554,771,PENDING,DELIVERED,2023-06-08 14:07:32.071819
555,356,PENDING,DELIVERED,2024-11-18 13:56:40.034870
556,553,PENDING,DELIVERED,2024-03-14 22:06:35.786521
557,122,PENDING,CONFIRMED,2023-06-09 22:17:32.397435
558,192,CONFIRMED,DELIVERED,2024-10-31 14:40:53.291217
559,530,CONFIRMED,DISPATCHED,2024-05-20 10:31:52.324134
560,96,PENDING,DELIVERED,2023-07-16 04:19:12.790881
561,456,CONFIRMED,CONFIRMED,2024-02-01 06:54:23.194166
562,398,DISPATCHED,DELIVERED,2023-12-11 08:57:01.514532
563,283,DISPATCHED,DISPATCHED,2023-11-12 15:35:07.543332
564,960,DISPATCHED,DISPATCHED,2024-12-28 01:30:01.820900
565,867,CONFIRMED,CONFIRMED,2024-06-13 16:09:33.767807
566,361,PENDING,CONFIRMED,2024-02-19 15:00:13.333247
567,323,PENDING,DELIVERED,2023-10-09 19:36:11.849668
568,344,CONFIRMED,DISPATCHED,2023-09-02 18:32:27.345714
569,580,CONFIRMED,DELIVERED,2023-02-19 07:55:42.712097
570,421,DISPATCHED,DELIVERED,2023-01-16 02:45:30.887982
571,541,PENDING,DISPATCHED,2024-01-03 21:39:46.387850
572,31,DISPATCHED,DISPATCHED,2024-01-23 12:22:12.391660
573,977,PENDING,DISPATCHED,2024-07-16 07:08:44.591284
574,598,PENDING,CONFIRMED,2023-08-10 03:00:26.995652
575,769,CONFIRMED,DISPATCHED,2024-11-04 17:01:17.492517
576,406,PENDING,CONFIRMED,2024-09-27 15:28:16.448911
577,464,PENDING,DISPATCHED,2024-06-02 12:10:11.694057
578,935,DISPATCHED,CONFIRMED,2023-05-14 08:47:49.005965
579,315,CONFIRMED,DISPATCHED,2024-11-01 04:50:47.569540
580,154,CONFIRMED,DELIVERED,2023-07-17 15:36:54.887586
581,351,DISPATCHED,DELIVERED,2024-05-21 10:51:32.196661
582,257,PENDING,DELIVERED,2024-04-10 13:52:33.731385
583,627,CONFIRMED,DELIVERED,2024-08-05 15:27:27.626373
584,907,PENDING,DELIVERED,2024-04-17 06:14:57.102136
585,212,PENDING,CONFIRMED,2023-08-30 05:32:40.720230
586,555,PENDING,CONFIRMED,2023-12-17 00:25:34.125519
587,586,PENDING,DISPATCHED,2024-01-14 02:20:53.849711
588,127,DISPATCHED,CONFIRMED,2023-07-31 05:29:22.627646
589,368,DISPATCHED,CONFIRMED,2023-05-22 13:36:16.857260
590,802,CONFIRMED,CONFIRMED,2024-04-04 23:53:30.711901
591,402,PENDING,DISPATCHED,2023-09-16 17:14:52.475438
592,861,DISPATCHED,CONFIRMED,2024-03-22 02:06:49.644522
593,774,DISPATCHED,DELIVERED,2024-03-17 13:03:06.564870
594,566,DISPATCHED,DELIVERED,2024-02-25 19:22:33.471264
595,725,DISPATCHED,CONFIRMED,2024-10-05 14:11:21.476237
596,423,DISPATCHED,DELIVERED,2023-03-08 19:25:41.215551
597,517,CONFIRMED,CONFIRMED,2023-04-25 10:26:40.249769
598,919,DISPATCHED,DISPATCHED,2024-04-25 13:19:04.136533
599,200,CONFIRMED,DISPATCHED,2023-02-02 16:01:00.239508
600,779,PENDING,DISPATCHED,2023-07-04 09:31:15.418773
601,417,DISPATCHED,DELIVERED,2024-07-06 14:14:41.458913
602,573,PENDING,DELIVERED,2023-05-24 21:55:43.888564
603,744,DISPATCHED,DELIVERED,2023-04-22 00:15:15.613176
604,295,CONFIRMED,DELIVERED,2024-02-23 03:59:50.089138
605,638,DISPATCHED,DISPATCHED,2023-05-22 18:03:45.057658
606,433,DISPATCHED,DISPATCHED,2024-10-22 05:12:40.273776
607,581,DISPATCHED,DISPATCHED,2024-01-08 17:14:46.020952
608,796,CONFIRMED,DISPATCHED,2024-02-13 03:47:21.819745
609,531,CONFIRMED,CONFIRMED,2023-01-13 16:53:49.527810
610,715,PENDING,CONFIRMED,2023-10-10 12:11:20.463828
611,340,CONFIRMED,DELIVERED,2024-01-06 21:38:44.767047
612,492,CONFIRMED,DELIVERED,2023-11-20 07:21:43.707921
613,227,PENDING,CONFIRMED,2024-06-12 12:39:18.982655
614,180,DISPATCHED,DELIVERED,2023-10-30 07:17:10.498764
615,303,DISPATCHED,DELIVERED,2024-08-18 14:41:26.321476
616,107,DISPATCHED,DISPATCHED,2023-08-15 08:17:35.350771
617,575,PENDING,CONFIRMED,2024-09-02 05:33:04.253853
618,118,PENDING,CONFIRMED,2023-03-25 05:18:02.859483
619,209,CONFIRMED,CONFIRMED,2024-06-22 15:07:48.342865
620,597,PENDING,CONFIRMED,2024-02-19 19:33:35.830871
621,373,PENDING,DELIVERED,2023-12-29 05:19:32.739479
622,622,PENDING,CONFIRMED,2024-12-26 02:54:40.059974
623,938,DISPATCHED,DISPATCHED,2024-02-26 14:18:49.506773
624,63,PENDING,DELIVERED,2024-09-21 21:22:58.337895
625,367,CONFIRMED,DISPATCHED,2024-12-23 17:05:36.081523
626,505,PENDING,DISPATCHED,2024-04-16 23:48:45.513460
627,699,PENDING,CONFIRMED,2023-12-15 04:15:20.705543
628,333,DISPATCHED,DELIVERED,2023-09-04 14:16:10.934011
629,757,DISPATCHED,DELIVERED,2023-06-30 02:38:14.635242
630,622,CONFIRMED,DISPATCHED,2024-04-13 23:50:03.369411
631,391,CONFIRMED,DELIVERED,2024-03-31 21:25:05.111416
632,825,PENDING,CONFIRMED,2023-06-06 01:58:56.927080
633,4,CONFIRMED,CONFIRMED,2023-11-28 04:33:02.499271
634,623,PENDING,DISPATCHED,2024-08-02 10:52:02.798523
635,493,PENDING,DELIVERED,2024-06-09 07:39:23.087071
636,626,CONFIRMED,DELIVERED,2023-10-10 17:14:29.145849
637,614,DISPATCHED,DISPATCHED,2024-11-19 16:22:25.516548
638,936,CONFIRMED,DISPATCHED,2023-07-24 06:27:59.085066
639,618,PENDING,DISPATCHED,2023-01-12 16:39:55.519822
640,646,PENDING,DELIVERED,2024-10-25 12:02:21.120498
641,679,PENDING,DISPATCHED,2023-06-02 04:26:21.071662
642,104,CONFIRMED,DISPATCHED,2023-01-08 14:43:53.916525
643,436,DISPATCHED,DELIVERED,2023-03-18 13:28:04.113894
644,850,PENDING,DELIVERED,2024-04-10 02:22:06.261904
645,132,CONFIRMED,DISPATCHED,2024-07-02 22:42:21.541634
646,351,CONFIRMED,DISPATCHED,2024-04-28 14:40:51.326091
647,699,CONFIRMED,CONFIRMED,2023-06-11 06:31:07.122221
648,582,PENDING,DELIVERED,2023-05-03 07:21:26.983053
649,572,PENDING,DISPATCHED,2023-10-31 05:29:31.850360
650,422,PENDING,CONFIRMED,2023-08-09 18:34:22.110903
651,848,DISPATCHED,DISPATCHED,2023-03-22 03:47:18.002710
652,663,CONFIRMED,CONFIRMED,2024-01-26 16:59:57.008075
653,762,CONFIRMED,DISPATCHED,2023-12-15 06:10:50.264356
654,60,PENDING,DISPATCHED,2024-04-03 19:35:37.153402
655,850,PENDING,DELIVERED,2023-12-27 04:06:32.113367
656,537,CONFIRMED,DELIVERED,2024-03-14 00:28:38.745095
657,139,DISPATCHED,DISPATCHED,2023-03-15 02:37:34.937634
658,260,DISPATCHED,CONFIRMED,2024-09-10 23:37:33.784453
659,711,PENDING,DELIVERED,2024-08-26 16:19:39.584036
660,205,DISPATCHED,DELIVERED,2023-02-02 17:59:41.434695
661,808,DISPATCHED,DISPATCHED,2023-06-08 06:27:55.017272
662,97,PENDING,CONFIRMED,2024-03-09 11:16:47.079955
663,70,PENDING,DELIVERED,2023-08-19 23:52:16.277250
664,566,DISPATCHED,CONFIRMED,2023-10-14 06:01:55.332793
665,45,CONFIRMED,CONFIRMED,2023-02-21 12:05:00.227527
666,937,CONFIRMED,DELIVERED,2024-08-01 15:42:47.322668
667,847,DISPATCHED,CONFIRMED,2023-07-01 12:53:37.445788
668,436,PENDING,CONFIRMED,2023-08-17 07:33:02.986212
669,937,CONFIRMED,DISPATCHED,2024-07-16 10:54:59.700749
670,161,CONFIRMED,DISPATCHED,2024-02-26 01:43:50.219226
671,877,CONFIRMED,CONFIRMED,2024-06-30 15:20:01.998936
672,644,PENDING,DELIVERED,2023-04-12 01:06:34.422889
673,351,PENDING,CONFIRMED,2024-08-24 16:30:30.344943
674,704,CONFIRMED,DELIVERED,2024-04-06 20:20:52.389792
675,359,PENDING,DELIVERED,2023-03-21 06:30:25.330999
676,93,PENDING,DISPATCHED,2023-01-03 01:52:23.840426
677,73,DISPATCHED,DISPATCHED,2024-05-12 06:55:43.014244
678,867,DISPATCHED,CONFIRMED,2023-03-15 12:08:41.490239
679,220,DISPATCHED,DISPATCHED,2023-03-17 14:42:18.723598
680,131,DISPATCHED,DISPATCHED,2023-04-17 07:19:51.278139
681,346,CONFIRMED,DISPATCHED,2023-02-11 14:45:31.935612
682,190,CONFIRMED,CONFIRMED,2023-02-09 00:34:35.107922
683,103,CONFIRMED,DISPATCHED,2023-09-08 21:38:33.350003
684,47,PENDING,CONFIRMED,2024-08-07 00:22:09.267908
685,755,DISPATCHED,DISPATCHED,2024-07-17 00:48:16.812606
686,923,CONFIRMED,CONFIRMED,2023-10-10 20:09:41.455809
687,484,PENDING,CONFIRMED,2024-09-07 00:21:57.872214
688,319,CONFIRMED,DELIVERED,2023-05-12 04:58:20.978122
689,389,PENDING,CONFIRMED,2024-10-20 05:59:30.563780
690,109,DISPATCHED,DELIVERED,2024-04-18 14:08:22.360610
691,16,CONFIRMED,DISPATCHED,2023-11-23 22:17:19.351218
692,555,DISPATCHED,DISPATCHED,2023-07-24 21:50:26.669230
693,963,DISPATCHED,DELIVERED,2024-07-10 12:22:25.212388
694,113,PENDING,DISPATCHED,2023-12-23 08:29:32.527807
695,383,PENDING,DISPATCHED,2024-05-07 07:07:38.969177
696,171,DISPATCHED,DISPATCHED,2024-09-20 17:57:14.961860
697,66,DISPATCHED,DELIVERED,2024-07-31 10:15:05.687052
698,710,CONFIRMED,DISPATCHED,2024-04-30 08:05:21.546530
699,345,DISPATCHED,DISPATCHED,2023-12-02 01:34:50.673355
700,526,DISPATCHED,CONFIRMED,2024-07-10 20:16:06.828803
701,251,CONFIRMED,DISPATCHED,2023-05-14 03:47:13.980474
702,650,PENDING,DELIVERED,2024-12-25 12:08:28.877640
703,500,DISPATCHED,CONFIRMED,2024-10-05 18:23:44.770919
704,666,PENDING,CONFIRMED,2023-12-13 00:32:14.081668
705,358,DISPATCHED,DELIVERED,2023-12-23 12:07:31.592678
706,921,PENDING,DELIVERED,2024-11-07 14:47:38.936641
707,1,CONFIRMED,DISPATCHED,2024-06-29 16:25:25.711826
708,122,DISPATCHED,DELIVERED,2024-04-27 15:42:43.787175
709,957,DISPATCHED,DISPATCHED,2024-09-04 22:32:29.209911
710,291,CONFIRMED,CONFIRMED,2024-07-08 03:51:42.055606
711,1000,CONFIRMED,CONFIRMED,2023-09-25 11:09:18.144124
712,814,CONFIRMED,CONFIRMED,2023-04-08 16:17:47.563670
713,184,CONFIRMED,CONFIRMED,2024-06-30 00:51:35.465380
714,390,PENDING,DISPATCHED,2023-12-08 12:36:27.930305
715,724,DISPATCHED,DISPATCHED,2023-05-22 21:07:17.275068
716,879,CONFIRMED,DELIVERED,2023-04-04 00:09:03.728569
717,538,PENDING,DELIVERED,2023-11-08 09:19:31.196805
718,383,DISPATCHED,DELIVERED,2023-10-21 18:38:06.908976
719,307,DISPATCHED,DELIVERED,2023-10-28 10:59:45.637247
720,11,PENDING,CONFIRMED,2024-11-29 20:01:04.288064
721,234,CONFIRMED,DISPATCHED,2024-04-26 15:17:58.757988
722,996,CONFIRMED,DELIVERED,2023-01-01 00:01:23.413211
723,749,DISPATCHED,DISPATCHED,2023-09-16 23:47:16.661248
724,609,PENDING,DELIVERED,2023-03-18 06:59:46.480371
725,380,CONFIRMED,DISPATCHED,2023-08-11 02:18:52.749182
726,119,DISPATCHED,DELIVERED,2024-01-23 18:00:42.895563
727,301,CONFIRMED,DISPATCHED,2023-01-25 08:07:10.587326
728,362,CONFIRMED,DISPATCHED,2024-09-10 02:35:38.605396
729,786,DISPATCHED,DELIVERED,2023-10-06 06:22:09.933015
730,84,CONFIRMED,DELIVERED,2024-09-08 14:28:35.653082
731,108,CONFIRMED,DISPATCHED,2023-10-03 01:47:04.557203
732,368,DISPATCHED,DELIVERED,2024-03-11 02:03:08.578555
733,715,PENDING,DELIVERED,2023-04-13 20:01:00.480449
734,80,PENDING,DELIVERED,2023-04-13 09:07:39.835552
735,633,CONFIRMED,DELIVERED,2024-01-21 23:41:54.301493
736,54,DISPATCHED,DELIVERED,2024-07-20 14:37:53.784209
737,922,CONFIRMED,DISPATCHED,2024-04-26 03:20:06.065681
738,613,CONFIRMED,DELIVERED,2024-04-13 17:32:39.981353
739,282,CONFIRMED,DELIVERED,2024-01-08 06:30:02.539253
740,574,PENDING,DISPATCHED,2024-07-24 05:36:41.153352
741,648,CONFIRMED,DELIVERED,2023-03-18 23:56:21.314744
742,987,PENDING,DISPATCHED,2024-02-19 02:02:56.109965
743,789,DISPATCHED,CONFIRMED,2023-04-21 21:59:04.055234
744,333,DISPATCHED,DELIVERED,2024-03-21 17:18:12.465790
745,215,DISPATCHED,DELIVERED,2023-10-22 15:45:51.195610
746,299,CONFIRMED,DISPATCHED,2023-08-20 12:54:47.830983
747,837,DISPATCHED,DELIVERED,2023-04-06 10:32:36.286216
748,446,CONFIRMED,DELIVERED,2023-09-13 00:03:40.977371
749,530,PENDING,DISPATCHED,2024-06-11 03:17:18.653729
750,368,PENDING,DISPATCHED,2024-02-12 03:43:00.938626
751,12,CONFIRMED,DELIVERED,2023-01-09 22:47:55.018898
752,347,CONFIRMED,DISPATCHED,2024-09-19 14:06:24.561608
753,563,DISPATCHED,CONFIRMED,2024-10-09 13:11:34.210429
754,293,CONFIRMED,DISPATCHED,2023-07-29 22:15:14.482375
755,948,PENDING,DISPATCHED,2023-01-08 04:01:49.762409
756,532,CONFIRMED,DISPATCHED,2023-07-06 07:20:27.921565
757,845,DISPATCHED,DELIVERED,2024-05-22 10:13:02.891280
758,303,PENDING,DELIVERED,2024-04-18 03:18:12.705365
759,353,CONFIRMED,CONFIRMED,2023-06-02 15:48:29.683736
760,901,CONFIRMED,DELIVERED,2023-02-09 08:36:15.144388
761,935,PENDING,DISPATCHED,2024-09-03 00:04:23.625684
762,124,CONFIRMED,CONFIRMED,2023-10-30 00:27:58.187439
763,353,CONFIRMED,CONFIRMED,2023-10-24 17:58:01.147109
764,5,CONFIRMED,DISPATCHED,2023-10-08 13:36:07.211620
765,581,CONFIRMED,DELIVERED,2023-04-23 04:11:17.269707
766,130,PENDING,DISPATCHED,2024-08-07 13:12:34.384886
767,55,DISPATCHED,DELIVERED,2023-02-04 13:46:27.336840
768,859,DISPATCHED,DELIVERED,2024-07-29 04:02:59.378155
769,517,PENDING,DISPATCHED,2023-08-20 17:27:39.708587
770,504,DISPATCHED,CONFIRMED,2024-02-11 16:37:47.840604
771,87,DISPATCHED,CONFIRMED,2023-04-05 15:47:57.026060
772,184,DISPATCHED,CONFIRMED,2024-11-01 18:06:52.711471
773,258,DISPATCHED,DISPATCHED,2023-01-02 18:52:35.937541
774,397,CONFIRMED,CONFIRMED,2023-01-15 14:00:35.437959
775,745,DISPATCHED,DISPATCHED,2024-12-15 13:19:17.491056
776,207,CONFIRMED,DELIVERED,2024-12-23 16:14:43.460694
777,748,DISPATCHED,CONFIRMED,2023-04-05 19:59:03.409197
778,86,DISPATCHED,CONFIRMED,2023-08-18 15:23:14.320653
779,207,CONFIRMED,CONFIRMED,2023-08-07 18:36:11.967231
780,97,DISPATCHED,DISPATCHED,2024-01-15 06:38:41.215894
781,121,CONFIRMED,DISPATCHED,2023-07-30 13:31:13.725168
782,381,CONFIRMED,DELIVERED,2024-10-23 19:49:22.022866
783,997,PENDING,CONFIRMED,2024-03-25 15:50:19.507772
784,118,CONFIRMED,DELIVERED,2023-01-02 11:07:36.809595
785,889,PENDING,DELIVERED,2024-11-26 20:50:19.408791
786,958,PENDING,DISPATCHED,2024-09-25 12:43:11.283541
787,32,CONFIRMED,DELIVERED,2024-03-21 02:19:08.374346
788,617,CONFIRMED,DISPATCHED,2023-06-06 04:15:46.165727
789,335,PENDING,CONFIRMED,2023-03-15 08:47:18.213773
790,657,DISPATCHED,DELIVERED,2023-03-07 20:56:34.531029
791,318,CONFIRMED,DISPATCHED,2023-09-04 21:57:25.474226
792,257,PENDING,CONFIRMED,2024-03-27 22:28:38.127953
793,83,PENDING,CONFIRMED,2023-04-22 20:49:43.530128
794,760,PENDING,CONFIRMED,2024-03-03 04:29:44.545001
795,410,DISPATCHED,DISPATCHED,2024-12-01 07:52:38.417871
796,393,DISPATCHED,DELIVERED,2024-03-16 22:01:33.990451
797,1000,DISPATCHED,DELIVERED,2023-07-03 17:23:56.142194
798,161,DISPATCHED,DISPATCHED,2024-01-30 00:50:51.699918
799,380,PENDING,DELIVERED,2023-04-23 08:35:15.309187
800,87,CONFIRMED,DELIVERED,2024-04-27 01:43:03.323798
801,491,PENDING,DISPATCHED,2024-05-04 20:14:26.868837
802,841,DISPATCHED,DISPATCHED,2024-01-21 17:15:00.712171
803,371,PENDING,CONFIRMED,2024-04-12 06:32:05.193150
804,26,PENDING,DELIVERED,2023-11-30 13:05:58.237863
805,114,CONFIRMED,DISPATCHED,2024-09-17 13:14:05.116175
806,403,PENDING,CONFIRMED,2023-03-13 15:46:34.972255
807,282,CONFIRMED,DELIVERED,2024-09-26 22:52:08.752452
808,517,DISPATCHED,DISPATCHED,2023-09-30 02:53:22.471307
809,335,DISPATCHED,DELIVERED,2024-12-13 17:32:46.948718
810,927,PENDING,DELIVERED,2024-12-20 14:37:37.821089
811,373,DISPATCHED,DISPATCHED,2023-08-11 09:00:19.997240
812,11,PENDING,DISPATCHED,2024-05-03 09:09:33.560858
813,231,DISPATCHED,DELIVERED,2024-02-19 22:35:00.784865
814,432,DISPATCHED,CONFIRMED,2023-08-24 22:17:55.659568
815,855,DISPATCHED,CONFIRMED,2023-03-06 04:46:01.759661
816,515,DISPATCHED,CONFIRMED,2024-06-10 06:07:43.026471
817,138,PENDING,DISPATCHED,2024-03-01 17:17:02.183318
818,560,PENDING,CONFIRMED,2024-07-12 18:38:17.208301
819,946,CONFIRMED,CONFIRMED,2023-07-07 18:57:23.203477
820,132,DISPATCHED,CONFIRMED,2024-10-20 22:29:41.135486
821,514,DISPATCHED,DELIVERED,2023-09-15 16:51:15.209275
822,837,PENDING,DELIVERED,2023-04-07 00:12:08.419875
823,342,DISPATCHED,CONFIRMED,2024-07-30 01:23:46.627967
824,548,PENDING,DELIVERED,2024-11-15 09:07:00.769529
825,712,DISPATCHED,CONFIRMED,2024-03-14 20:04:43.501516
826,567,DISPATCHED,CONFIRMED,2023-12-09 03:22:32.719994
827,118,DISPATCHED,DISPATCHED,2024-10-06 22:26:04.767080
828,417,PENDING,DISPATCHED,2023-11-06 13:46:40.028648
829,880,DISPATCHED,CONFIRMED,2024-11-14 11:14:14.016431
830,64,DISPATCHED,CONFIRMED,2023-08-07 08:24:05.053146
831,77,DISPATCHED,CONFIRMED,2023-09-24 22:22:52.816415
832,165,PENDING,CONFIRMED,2023-03-10 18:48:51.362115
833,944,DISPATCHED,DELIVERED,2024-11-03 00:58:06.858219
834,522,PENDING,CONFIRMED,2024-10-06 18:44:12.070533
835,257,DISPATCHED,CONFIRMED,2024-09-27 03:38:29.461223
836,156,PENDING,DISPATCHED,2023-05-15 09:36:15.329362
837,823,DISPATCHED,DISPATCHED,2024-10-16 05:10:51.855944
838,530,CONFIRMED,DELIVERED,2024-08-20 02:09:56.381816
839,467,PENDING,DELIVERED,2023-12-23 08:32:04.281923
840,955,DISPATCHED,DISPATCHED,2024-03-27 23:19:32.513795
841,241,PENDING,DISPATCHED,2023-10-30 19:01:49.538790
842,377,DISPATCHED,CONFIRMED,2024-08-03 23:02:29.185093
843,37,CONFIRMED,DISPATCHED,2024-06-09 05:38:03.067788
844,498,PENDING,DISPATCHED,2023-05-14 11:05:59.702056
845,390,DISPATCHED,CONFIRMED,2024-03-03 16:50:11.175853
846,605,PENDING,DELIVERED,2024-11-01 04:35:32.428668
847,257,PENDING,DELIVERED,2023-11-19 21:54:55.508970
848,407,PENDING,DELIVERED,2024-12-12 21:24:07.997960
849,498,DISPATCHED,DELIVERED,2023-03-06 17:11:44.579195
850,131,CONFIRMED,CONFIRMED,2024-10-08 13:56:54.787015
851,381,CONFIRMED,CONFIRMED,2023-09-28 18:33:53.659304
852,924,PENDING,CONFIRMED,2024-10-03 05:54:48.524274
853,377,PENDING,DISPATCHED,2023-03-16 19:22:37.316535
854,927,CONFIRMED,CONFIRMED,2023-06-16 19:37:08.826737
855,703,CONFIRMED,DELIVERED,2023-08-07 07:04:50.544346
856,574,CONFIRMED,DISPATCHED,2024-06-15 00:39:35.544010
857,881,CONFIRMED,CONFIRMED,2023-12-23 00:45:50.820583
858,752,CONFIRMED,DELIVERED,2023-03-22 13:36:30.912874
859,771,DISPATCHED,DELIVERED,2024-12-03 03:53:03.372756
860,393,DISPATCHED,DISPATCHED,2024-01-04 18:05:03.326026
861,226,DISPATCHED,DISPATCHED,2024-12-21 21:11:42.935301
862,517,PENDING,DISPATCHED,2023-06-26 19:40:53.480043
863,84,CONFIRMED,CONFIRMED,2023-01-06 10:59:50.498453
864,300,DISPATCHED,DELIVERED,2023-10-20 08:54:52.272810
865,993,CONFIRMED,DELIVERED,2024-03-09 10:37:37.422397
866,434,PENDING,CONFIRMED,2023-02-10 08:27:47.372899
867,162,DISPATCHED,DELIVERED,2023-08-22 01:06:20.890907
868,81,PENDING,DISPATCHED,2024-09-16 08:06:03.375896
869,126,DISPATCHED,DELIVERED,2023-11-23 01:00:13.883683
870,271,PENDING,CONFIRMED,2024-07-10 19:09:01.401421
871,933,DISPATCHED,DISPATCHED,2023-04-07 00:20:36.966272
872,494,PENDING,DELIVERED,2024-01-25 19:20:25.294282
873,721,PENDING,CONFIRMED,2023-09-10 05:59:43.880711
874,696,CONFIRMED,DISPATCHED,2023-05-09 05:11:27.470465
875,929,PENDING,DISPATCHED,2024-04-10 17:41:53.196218
876,871,DISPATCHED,DELIVERED,2024-05-14 18:26:33.414616
877,145,CONFIRMED,DISPATCHED,2023-03-12 21:23:57.975577
878,177,DISPATCHED,DELIVERED,2023-02-03 05:03:21.404187
879,778,CONFIRMED,DISPATCHED,2023-12-02 04:01:20.866509
880,102,DISPATCHED,DISPATCHED,2024-10-27 00:24:28.067311
881,241,PENDING,CONFIRMED,2024-07-01 03:54:58.125082
882,500,PENDING,CONFIRMED,2024-06-13 21:58:12.844562
883,260,CONFIRMED,DELIVERED,2023-12-17 15:53:17.125100
884,830,DISPATCHED,CONFIRMED,2024-02-07 05:02:58.495092
885,252,PENDING,CONFIRMED,2023-01-23 02:21:03.045994
886,909,CONFIRMED,DELIVERED,2023-04-25 22:28:49.807776
887,211,DISPATCHED,DISPATCHED,2023-03-08 19:58:38.023189
888,55,DISPATCHED,DISPATCHED,2024-05-31 15:31:24.694412
889,381,CONFIRMED,DELIVERED,2024-03-21 07:20:17.003761
890,538,CONFIRMED,DISPATCHED,2024-05-15 09:56:31.493205
891,330,DISPATCHED,DELIVERED,2023-05-15 16:06:18.083800
892,966,CONFIRMED,DISPATCHED,2023-01-02 08:02:22.003959
893,646,PENDING,CONFIRMED,2023-01-22 20:46:43.111730
894,669,CONFIRMED,CONFIRMED,2024-05-25 20:39:21.964152
895,545,PENDING,DISPATCHED,2023-02-13 01:26:48.164783
896,301,CONFIRMED,CONFIRMED,2023-03-26 22:18:50.851310
897,655,PENDING,DELIVERED,2023-10-06 09:42:30.208438
898,812,PENDING,CONFIRMED,2023-11-20 12:03:52.656179
899,170,PENDING,CONFIRMED,2023-03-24 09:24:18.591073
900,307,PENDING,DELIVERED,2024-04-11 17:13:12.973965
901,647,CONFIRMED,CONFIRMED,2024-06-17 04:16:50.168696
902,901,DISPATCHED,DELIVERED,2023-08-15 20:05:00.114018
903,216,PENDING,DISPATCHED,2023-04-28 16:48:00.459066
904,878,CONFIRMED,DELIVERED,2024-08-15 10:13:01.875842
905,288,DISPATCHED,CONFIRMED,2024-04-09 07:37:10.457145
906,541,CONFIRMED,DELIVERED,2023-09-10 07:26:36.871841
907,205,CONFIRMED,CONFIRMED,2023-04-19 01:44:40.369663
908,223,DISPATCHED,DISPATCHED,2024-03-20 05:30:17.858716
909,379,CONFIRMED,DISPATCHED,2023-05-17 02:24:31.831642
910,417,PENDING,DELIVERED,2023-11-16 04:54:29.736697
911,104,DISPATCHED,CONFIRMED,2024-03-24 20:21:13.316879
912,483,PENDING,CONFIRMED,2023-06-06 19:04:30.467019
913,53,DISPATCHED,DISPATCHED,2024-10-08 14:43:22.353397
914,192,CONFIRMED,CONFIRMED,2024-09-13 17:09:19.897497
915,495,PENDING,DELIVERED,2024-09-14 00:48:44.037709
916,104,DISPATCHED,DISPATCHED,2024-05-10 06:10:24.328001
917,980,DISPATCHED,DISPATCHED,2023-01-16 04:41:31.860931
918,713,PENDING,DELIVERED,2023-07-25 05:29:39.306161
919,437,CONFIRMED,DELIVERED,2024-07-22 14:36:58.016346
920,37,PENDING,CONFIRMED,2023-11-09 01:56:13.160878
921,818,CONFIRMED,CONFIRMED,2023-01-21 05:11:32.432868
922,834,DISPATCHED,DELIVERED,2023-01-04 20:17:57.794065
923,703,PENDING,DISPATCHED,2024-12-24 17:16:41.186368
924,509,PENDING,CONFIRMED,2023-01-24 15:03:47.952755
925,155,DISPATCHED,DISPATCHED,2024-03-25 16:54:37.814519
926,903,CONFIRMED,DELIVERED,2024-08-29 10:21:52.113562
927,541,PENDING,DELIVERED,2024-02-12 01:07:42.152466
928,99,PENDING,DISPATCHED,2024-07-24 05:34:05.756260
929,524,CONFIRMED,CONFIRMED,2023-05-14 05:11:36.541166
930,35,PENDING,CONFIRMED,2023-09-18 22:12:21.108014
931,84,CONFIRMED,DELIVERED,2024-07-11 04:42:44.186170
932,30,PENDING,CONFIRMED,2023-10-29 06:46:39.957344
933,419,DISPATCHED,CONFIRMED,2023-12-11 08:09:29.160597
934,898,PENDING,DISPATCHED,2023-07-09 22:34:21.912665
935,747,PENDING,CONFIRMED,2024-04-26 01:51:25.197672
936,617,DISPATCHED,CONFIRMED,2023-11-12 09:32:02.932307
937,9,CONFIRMED,CONFIRMED,2023-04-17 09:29:17.399600
938,73,DISPATCHED,CONFIRMED,2023-12-19 16:47:07.978083
939,997,PENDING,DELIVERED,2024-06-12 23:41:38.212785
940,369,DISPATCHED,CONFIRMED,2024-08-22 20:51:02.578735
941,208,CONFIRMED,DISPATCHED,2023-06-25 00:37:33.057309
942,164,PENDING,DELIVERED,2023-01-26 21:38:55.323882
943,231,DISPATCHED,DISPATCHED,2024-02-07 08:59:59.798252
944,172,PENDING,DELIVERED,2024-12-18 21:36:54.706825
945,939,DISPATCHED,CONFIRMED,2024-08-04 22:27:02.282122
946,390,DISPATCHED,CONFIRMED,2024-11-20 09:38:04.149289
947,308,DISPATCHED,DISPATCHED,2024-11-13 16:32:36.788731
948,559,PENDING,DELIVERED,2023-11-24 16:22:20.426627
949,932,DISPATCHED,DELIVERED,2024-10-07 13:02:27.467187
950,855,PENDING,DELIVERED,2023-10-04 20:08:03.358500
951,938,CONFIRMED,CONFIRMED,2023-07-17 11:26:05.454143
952,148,DISPATCHED,DISPATCHED,2024-07-09 17:04:32.668050
953,1,PENDING,CONFIRMED,2023-08-15 23:07:29.653726
954,201,CONFIRMED,CONFIRMED,2023-09-08 05:29:17.178839
955,25,DISPATCHED,DELIVERED,2024-02-17 08:37:48.010159
956,649,PENDING,DISPATCHED,2024-10-05 06:05:08.292501
957,124,DISPATCHED,CONFIRMED,2024-09-28 18:25:32.099728
958,66,PENDING,CONFIRMED,2024-02-23 05:17:35.449403
959,636,PENDING,CONFIRMED,2024-12-14 15:22:50.705332
960,678,CONFIRMED,CONFIRMED,2024-07-26 17:41:26.338973
961,221,CONFIRMED,DISPATCHED,2024-05-15 11:46:35.194782
962,315,PENDING,CONFIRMED,2024-05-28 20:24:24.006916
963,222,PENDING,CONFIRMED,2024-05-02 01:12:37.797071
964,602,DISPATCHED,DISPATCHED,2024-08-19 07:23:53.867276
965,294,DISPATCHED,CONFIRMED,2023-06-06 21:17:40.053185
966,304,PENDING,DELIVERED,2023-03-30 03:50:12.780414
967,38,DISPATCHED,DELIVERED,2023-03-10 08:35:16.379548
968,164,CONFIRMED,DELIVERED,2024-07-08 04:02:58.420890
969,869,CONFIRMED,CONFIRMED,2023-08-29 16:52:25.321852
970,291,DISPATCHED,CONFIRMED,2024-10-12 15:10:09.418296
971,639,DISPATCHED,CONFIRMED,2024-07-31 02:20:15.751400
972,820,CONFIRMED,DELIVERED,2024-06-08 11:47:47.503933
973,752,DISPATCHED,DISPATCHED,2023-11-16 12:53:07.943904
974,51,PENDING,CONFIRMED,2024-06-24 05:05:00.036684
975,892,PENDING,CONFIRMED,2024-11-22 23:46:59.121303
976,863,PENDING,DELIVERED,2024-09-28 13:32:52.596498
977,554,CONFIRMED,DISPATCHED,2023-01-15 18:28:49.608042
978,203,PENDING,DELIVERED,2023-03-11 12:19:51.895297
979,846,PENDING,DISPATCHED,2023-02-01 22:22:11.635221
980,776,PENDING,CONFIRMED,2024-05-01 22:48:47.664725
981,746,PENDING,DELIVERED,2024-01-15 12:00:18.612251
982,482,PENDING,DELIVERED,2023-05-26 01:12:12.748862
983,898,CONFIRMED,DELIVERED,2024-10-23 19:04:19.872492
984,527,PENDING,CONFIRMED,2023-03-08 07:59:36.550764
985,449,PENDING,DISPATCHED,2023-12-21 12:44:49.181228
986,444,PENDING,CONFIRMED,2023-12-11 12:45:10.628315
987,22,DISPATCHED,DISPATCHED,2023-03-19 01:14:04.037304
988,608,CONFIRMED,DISPATCHED,2023-07-19 06:35:52.016771
989,639,DISPATCHED,DISPATCHED,2023-07-12 04:24:22.706332
990,947,PENDING,DELIVERED,2024-04-06 17:40:18.370177
991,194,DISPATCHED,DISPATCHED,2023-11-24 02:45:33.830637
992,801,PENDING,DELIVERED,2023-01-11 10:17:35.557662
993,78,PENDING,DELIVERED,2023-02-02 19:25:09.648123
994,610,DISPATCHED,CONFIRMED,2023-05-10 07:35:04.350296
995,162,DISPATCHED,DISPATCHED,2024-12-25 15:10:48.721189
996,48,CONFIRMED,DISPATCHED,2024-04-19 17:59:43.419301
997,594,DISPATCHED,DISPATCHED,2023-10-29 20:59:09.913740
998,520,PENDING,DISPATCHED,2024-11-27 13:21:16.530546
999,64,PENDING,CONFIRMED,2023-03-16 00:10:05.069284
1000,604,DISPATCHED,DISPATCHED,2024-12-07 19:41:35.124133
