id,user_id,order_date,total_amount,status,tracking_number,dispatch_date
1,178,2024-11-28 17:47:20.840889,295.94,PENDING,TRK000001,2023-07-24 10:01:36.676679
2,423,2024-02-08 06:49:15.586812,374.54,PENDING,TRK000002,2024-05-23 21:17:43.810710
3,770,2024-03-25 04:27:39.300547,969.98,PENDING,TRK000003,2024-05-29 11:46:13.986251
4,663,2023-12-21 02:06:13.238067,912.67,DISPATCHED,TRK000004,2023-09-21 16:10:18.328598
5,437,2024-08-15 15:59:27.483703,202.82,DISPATCHED,TRK000005,2023-06-11 19:14:36.119585
6,700,2024-07-22 23:24:59.251073,787.82,DELIVERED,TRK000006,2024-01-22 19:35:17.752555
7,990,2024-12-21 08:42:11.062533,746.0,DISPATCHED,TRK000007,2024-02-15 02:47:06.215574
8,4,2023-11-22 21:21:34.249780,705.08,CONFIRMED,TRK000008,2024-07-22 05:21:29.027542
9,823,2023-10-07 03:29:49.551026,569.97,DISPATCHED,TRK000009,2023-09-26 15:31:42.702004
10,999,2023-08-27 09:55:30.605116,864.64,DELIVERED,TRK000010,2023-01-14 18:39:06.669974
11,645,2024-10-15 19:05:05.402473,381.5,CANCELLED,TRK000011,2023-01-20 15:27:30.321774
12,318,2023-04-14 08:23:49.803682,205.61,DISPATCHED,TRK000012,2023-06-03 12:11:19.319066
13,443,2023-09-27 16:49:08.322278,769.75,PENDING,TRK000013,2024-06-06 23:21:29.223262
14,169,2023-07-01 18:12:31.062990,880.69,DISPATCHED,TRK000014,2024-08-21 01:08:17.626443
15,461,2023-11-20 11:13:26.827947,764.44,PENDING,TRK000015,2024-11-21 14:05:29.538918
16,872,2023-02-11 01:45:32.378868,935.5,DELIVERED,TRK000016,2023-10-17 10:20:23.691548
17,834,2023-03-05 19:40:12.372351,883.32,CONFIRMED,TRK000017,2023-06-16 10:31:02.815922
18,125,2023-02-13 10:37:26.037314,742.89,CANCELLED,TRK000018,2024-03-24 18:48:40.425346
19,246,2024-06-20 01:35:13.385917,625.84,DELIVERED,TRK000019,2024-03-23 08:54:40.542663
20,458,2023-12-06 16:56:58.967283,456.46,RETURNED,TRK000020,2024-06-04 02:51:16.221689
21,756,2024-05-08 18:08:55.191276,747.87,CONFIRMED,TRK000021,2023-06-27 16:46:46.289808
22,156,2023-08-29 16:53:26.911996,524.33,PENDING,TRK000022,2024-07-07 05:51:08.744149
23,321,2023-05-10 19:35:47.205611,954.72,CONFIRMED,TRK000023,2023-02-10 00:30:24.968569
24,247,2023-01-30 16:13:30.241518,684.39,PENDING,TRK000024,2023-07-04 20:57:13.745991
25,186,2024-06-17 18:25:34.377479,296.38,CANCELLED,TRK000025,2023-01-06 00:16:22.195712
26,55,2023-09-17 11:12:11.757456,267.82,PENDING,TRK000026,2024-04-06 03:05:57.559431
27,274,2023-09-13 03:01:16.608050,762.51,DELIVERED,TRK000027,2024-06-23 00:22:22.496052
28,85,2024-03-22 14:12:02.957790,920.0,CANCELLED,TRK000028,2023-05-04 21:52:45.993661
29,449,2023-03-14 15:49:50.848933,663.97,CANCELLED,TRK000029,2024-01-10 20:18:41.043278
30,317,2023-01-14 17:11:59.250854,641.32,CANCELLED,TRK000030,2024-06-15 04:31:48.068729
31,435,2024-04-17 07:01:38.569575,225.9,RETURNED,TRK000031,2024-10-13 09:53:47.043018
32,86,2024-11-09 15:05:14.554083,684.84,PENDING,TRK000032,2023-11-10 04:18:14.047966
33,260,2023-05-02 00:01:41.405138,720.17,PENDING,TRK000033,2023-02-28 18:32:52.900969
34,472,2024-03-22 04:03:42.568030,160.45,CONFIRMED,TRK000034,2024-12-19 14:57:52.966170
35,718,2023-12-01 06:51:50.967976,326.86,CONFIRMED,TRK000035,2023-01-18 21:57:50.728041
36,642,2023-02-09 13:15:09.448578,392.08,DISPATCHED,TRK000036,2024-03-22 20:33:14.585769
37,385,2024-01-13 23:34:23.101940,204.94,RETURNED,TRK000037,2023-10-02 09:36:42.048151
38,143,2023-08-08 03:46:14.436275,526.26,PENDING,TRK000038,2023-11-22 23:17:50.216363
39,55,2023-10-14 23:43:09.561672,437.5,DISPATCHED,TRK000039,2023-07-06 12:23:22.263212
40,244,2024-02-01 22:43:27.012238,157.53,PENDING,TRK000040,2024-06-10 12:18:01.193248
41,391,2024-08-26 05:27:11.151439,909.57,CANCELLED,TRK000041,2023-12-28 11:42:58.048255
42,346,2023-10-10 13:06:15.951926,844.98,DELIVERED,TRK000042,2024-01-27 21:27:07.697183
43,201,2023-11-18 01:22:20.941678,186.78,PENDING,TRK000043,2023-09-11 19:31:11.656997
44,628,2024-01-15 09:20:07.092390,448.83,CANCELLED,TRK000044,2023-04-11 04:37:32.762003
45,495,2023-08-08 18:02:12.313896,757.18,CANCELLED,TRK000045,2024-01-24 10:12:54.187623
46,571,2024-05-15 02:10:51.341525,587.11,CONFIRMED,TRK000046,2023-02-14 00:41:45.463811
47,134,2024-07-25 20:16:22.592155,556.47,DELIVERED,TRK000047,2024-11-03 02:09:00.488647
48,182,2024-08-24 15:03:49.870763,146.25,DISPATCHED,TRK000048,2023-04-04 15:10:50.752726
49,411,2024-12-24 13:04:04.418663,789.8,DELIVERED,TRK000049,2024-12-21 17:15:34.024636
50,242,2024-06-14 00:10:58.589589,914.61,RETURNED,TRK000050,2023-07-25 23:01:58.702929
51,554,2024-03-22 12:01:08.166820,736.02,CONFIRMED,TRK000051,2023-11-25 20:12:23.049595
52,322,2024-09-01 12:02:10.445257,516.68,CONFIRMED,TRK000052,2024-10-12 15:04:15.480639
53,464,2023-09-06 11:25:35.943589,429.01,DELIVERED,TRK000053,2023-12-09 00:15:16.027851
54,768,2024-04-22 18:44:09.327457,840.06,PENDING,TRK000054,2023-02-06 18:27:29.763653
55,507,2023-08-29 21:21:02.871407,884.22,DISPATCHED,TRK000055,2024-03-24 18:40:40.347047
56,733,2023-07-21 19:19:29.791325,531.67,DISPATCHED,TRK000056,2024-08-10 15:47:36.124900
57,58,2024-04-18 00:01:47.213908,848.95,PENDING,TRK000057,2024-06-12 15:36:52.522261
58,465,2024-05-15 21:36:00.989593,568.56,CANCELLED,TRK000058,2023-05-18 14:01:28.262132
59,999,2023-01-26 11:03:35.699186,392.46,CONFIRMED,TRK000059,2023-10-08 02:55:37.572806
60,461,2023-04-27 02:41:31.448814,923.94,PENDING,TRK000060,2023-09-17 09:17:31.629643
61,460,2024-11-29 16:15:12.098667,185.32,DELIVERED,TRK000061,2023-12-02 17:58:04.946534
62,139,2023-10-17 13:16:59.188559,256.06,RETURNED,TRK000062,2023-02-07 13:32:25.821639
63,923,2023-09-03 22:55:38.080086,774.75,CONFIRMED,TRK000063,2023-01-10 02:47:50.345862
64,301,2024-08-13 05:52:51.182370,329.39,CONFIRMED,TRK000064,2023-09-27 21:55:03.308985
65,961,2023-04-25 20:00:32.569722,835.22,DELIVERED,TRK000065,2024-01-01 09:06:21.751505
66,909,2024-08-19 18:32:17.635735,818.43,PENDING,TRK000066,2023-04-03 17:46:08.588921
67,386,2024-03-20 17:40:08.217437,553.42,CONFIRMED,TRK000067,2024-08-12 23:56:41.495203
68,561,2023-09-04 17:35:08.394437,865.45,DISPATCHED,TRK000068,2023-05-21 16:44:50.447410
69,926,2024-05-18 15:21:08.769771,309.54,CANCELLED,TRK000069,2024-06-25 02:13:03.109972
70,283,2023-06-23 19:25:28.188462,736.72,RETURNED,TRK000070,2024-09-01 18:07:15.942823
71,272,2023-06-11 12:52:42.325993,466.85,DELIVERED,TRK000071,2023-11-14 21:46:18.342139
72,791,2024-08-28 17:09:57.672903,867.93,CONFIRMED,TRK000072,2023-04-13 14:14:22.124099
73,808,2024-10-11 02:56:11.935797,770.04,RETURNED,TRK000073,2023-12-03 06:36:54.347543
74,955,2023-05-09 23:19:45.042369,537.13,DISPATCHED,TRK000074,2023-03-29 03:07:41.278849
75,628,2024-06-15 04:33:29.953503,548.88,CONFIRMED,TRK000075,2023-11-15 22:56:33.469462
76,779,2024-11-20 07:19:52.387825,336.55,RETURNED,TRK000076,2023-08-18 19:21:47.345398
77,115,2024-11-28 11:49:33.171189,212.68,CANCELLED,TRK000077,2024-12-28 09:24:48.920805
78,816,2024-11-05 14:28:16.595498,981.48,PENDING,TRK000078,2023-08-18 22:20:33.130928
79,681,2023-08-13 10:29:26.655680,370.16,CANCELLED,TRK000079,2023-09-07 20:31:40.630980
80,711,2024-11-01 19:02:38.212611,489.33,CONFIRMED,TRK000080,2023-11-29 14:34:57.232033
81,156,2023-01-26 19:25:48.117995,599.8,PENDING,TRK000081,2024-11-10 08:02:30.879599
82,96,2024-02-15 00:18:36.933356,724.05,PENDING,TRK000082,2023-10-01 01:34:30.677716
83,612,2024-06-18 00:57:02.052273,432.12,PENDING,TRK000083,2024-09-27 13:32:37.967985
84,159,2023-04-30 13:37:19.877372,496.73,CONFIRMED,TRK000084,2023-10-16 14:27:28.243252
85,521,2024-02-11 06:54:38.697477,119.26,DISPATCHED,TRK000085,2023-11-21 18:05:01.330948
86,141,2024-11-28 16:36:49.132429,129.13,CANCELLED,TRK000086,2024-09-09 23:11:11.342080
87,525,2023-07-24 10:44:15.847509,306.16,RETURNED,TRK000087,2023-06-25 16:49:55.656800
88,111,2023-05-05 07:03:04.755144,843.29,CANCELLED,TRK000088,2024-09-14 23:29:23.548938
89,470,2023-01-07 15:31:10.804449,627.7,CONFIRMED,TRK000089,2024-05-06 01:53:38.759234
90,156,2023-06-26 23:13:13.734371,951.94,DISPATCHED,TRK000090,2024-10-12 06:29:11.833717
91,131,2024-01-01 11:31:12.249404,566.04,CANCELLED,TRK000091,2023-10-11 00:30:46.333206
92,221,2024-09-04 17:49:54.835435,722.59,RETURNED,TRK000092,2023-12-07 17:44:42.436848
93,132,2024-10-18 18:00:41.341575,536.81,CANCELLED,TRK000093,2024-11-15 01:33:38.309747
94,334,2024-10-21 14:03:08.288940,487.67,CANCELLED,TRK000094,2024-02-10 05:02:55.880381
95,8,2024-04-21 23:18:18.571977,887.68,DISPATCHED,TRK000095,2023-10-20 17:10:30.669604
96,285,2023-04-20 04:46:17.229339,676.82,CONFIRMED,TRK000096,2023-02-16 17:18:50.311605
97,42,2024-05-28 17:53:14.123472,706.71,CANCELLED,TRK000097,2023-07-08 12:04:50.882764
98,337,2024-05-01 01:08:55.164448,201.84,DELIVERED,TRK000098,2024-01-14 07:11:01.017355
99,737,2024-12-19 00:37:16.966279,213.84,CONFIRMED,TRK000099,2024-08-29 22:12:13.573878
100,565,2024-01-11 11:23:16.957919,945.69,CONFIRMED,TRK000100,2024-08-26 16:06:48.247880
101,940,2023-08-29 06:49:31.906621,417.13,PENDING,TRK000101,2023-08-16 04:19:11.883582
102,449,2024-09-25 23:16:20.491410,611.52,DELIVERED,TRK000102,2023-03-06 08:36:45.042917
103,571,2023-04-15 12:22:27.721868,334.33,CONFIRMED,TRK000103,2024-06-06 15:52:20.863385
104,72,2024-02-20 15:05:22.148010,284.43,CONFIRMED,TRK000104,2024-05-28 19:50:06.677029
105,25,2024-08-18 04:03:25.053324,152.78,CONFIRMED,TRK000105,2024-11-12 07:04:11.788630
106,307,2023-02-18 03:20:27.772978,733.36,DISPATCHED,TRK000106,2024-05-10 14:00:45.590284
107,861,2024-05-15 16:37:12.877486,960.43,DISPATCHED,TRK000107,2024-01-07 11:42:27.501980
108,311,2024-12-19 04:17:47.787569,877.92,CONFIRMED,TRK000108,2024-05-06 05:16:38.645979
109,820,2023-07-16 01:12:36.787867,945.76,PENDING,TRK000109,2024-07-07 14:48:11.787084
110,42,2024-12-23 05:53:53.449332,144.31,CONFIRMED,TRK000110,2023-08-14 17:26:52.839736
111,435,2024-09-17 01:12:15.330934,378.2,CANCELLED,TRK000111,2024-01-05 08:56:35.185509
112,33,2023-06-29 03:45:36.551010,226.89,PENDING,TRK000112,2024-01-16 17:19:14.570484
113,353,2024-05-19 21:09:08.617585,387.45,DISPATCHED,TRK000113,2023-03-09 16:08:06.300881
114,346,2024-03-01 06:49:53.054670,230.61,DISPATCHED,TRK000114,2024-08-27 22:11:10.999671
115,790,2023-03-13 19:38:25.743496,152.92,DELIVERED,TRK000115,2023-05-20 12:50:53.610591
116,976,2024-11-17 08:19:11.662080,499.2,DELIVERED,TRK000116,2023-01-07 13:34:46.827600
117,483,2023-01-12 11:37:02.606022,283.23,CONFIRMED,TRK000117,2023-03-10 23:42:15.881780
118,105,2024-07-09 08:49:21.915196,788.52,RETURNED,TRK000118,2024-01-20 16:26:52.212293
119,192,2024-03-01 14:41:19.114019,273.33,DELIVERED,TRK000119,2023-02-28 19:49:44.468398
120,200,2023-10-08 13:40:35.353655,706.34,CONFIRMED,TRK000120,2023-05-24 15:35:58.510001
121,971,2023-11-16 17:15:11.118234,628.86,RETURNED,TRK000121,2024-10-21 17:11:22.733507
122,27,2023-11-16 05:46:18.257089,826.02,DELIVERED,TRK000122,2024-12-09 22:41:10.760524
123,556,2023-07-18 21:49:04.028714,560.39,RETURNED,TRK000123,2024-02-22 21:34:40.651447
124,957,2024-01-19 10:20:11.133957,331.13,CANCELLED,TRK000124,2023-02-17 23:32:01.030372
125,112,2023-03-01 20:49:51.186387,174.3,CANCELLED,TRK000125,2023-02-26 16:48:24.177231
126,682,2024-06-03 23:41:59.010958,521.74,DELIVERED,TRK000126,2023-03-22 03:38:28.236034
127,37,2023-01-09 14:12:50.915516,559.99,DISPATCHED,TRK000127,2024-05-01 11:48:39.987227
128,88,2023-10-03 01:06:00.744230,213.92,CANCELLED,TRK000128,2023-11-05 05:31:44.546246
129,246,2023-02-07 06:17:16.203417,888.79,RETURNED,TRK000129,2024-12-12 23:44:20.479479
130,498,2024-03-20 22:30:09.182814,937.08,PENDING,TRK000130,2023-03-26 21:28:29.809395
131,637,2024-01-19 02:11:17.899781,762.43,PENDING,TRK000131,2024-12-19 08:09:26.702634
132,783,2024-02-22 04:18:30.307512,872.85,RETURNED,TRK000132,2024-09-29 20:15:04.829149
133,425,2024-09-10 03:02:13.748457,807.66,RETURNED,TRK000133,2023-11-16 06:37:40.440154
134,841,2023-01-20 18:42:01.718888,804.11,DELIVERED,TRK000134,2024-01-31 20:43:40.746876
135,138,2023-08-22 00:09:32.665086,752.39,CONFIRMED,TRK000135,2024-09-19 21:21:36.740529
136,599,2024-03-28 12:51:42.075885,699.51,PENDING,TRK000136,2023-11-15 07:43:56.658519
137,238,2024-02-24 16:10:16.051622,403.98,CANCELLED,TRK000137,2023-03-21 23:37:18.074444
138,84,2023-04-16 20:57:40.742678,191.33,RETURNED,TRK000138,2023-04-09 12:22:03.259861
139,744,2023-05-30 22:33:16.155727,871.37,DISPATCHED,TRK000139,2024-07-25 11:23:09.432609
140,638,2024-07-18 13:13:56.422694,542.38,CANCELLED,TRK000140,2024-04-05 07:10:23.937424
141,368,2023-07-31 11:18:20.156821,233.48,DISPATCHED,TRK000141,2024-05-04 12:33:40.726364
142,399,2023-04-25 08:17:43.082860,901.96,DISPATCHED,TRK000142,2023-12-07 16:03:46.329624
143,879,2024-08-24 21:21:28.983847,677.8,CANCELLED,TRK000143,2023-03-16 01:27:13.658052
144,292,2024-06-19 05:13:09.460196,648.05,RETURNED,TRK000144,2023-09-25 16:58:07.079311
145,897,2024-05-16 03:46:31.908496,648.09,CANCELLED,TRK000145,2023-01-28 02:25:26.564497
146,188,2023-01-15 03:10:21.929437,401.61,DISPATCHED,TRK000146,2023-04-11 18:29:51.047906
147,20,2024-11-05 18:14:14.382533,703.99,DISPATCHED,TRK000147,2024-07-10 03:04:08.846395
148,792,2024-12-17 17:23:41.040601,173.84,CANCELLED,TRK000148,2024-08-16 00:34:26.323990
149,312,2023-09-19 17:55:06.086290,814.58,CONFIRMED,TRK000149,2024-04-19 13:40:29.183254
150,457,2023-10-26 00:30:49.519322,696.73,PENDING,TRK000150,2023-10-24 10:17:20.947155
151,59,2024-03-10 21:12:52.119713,940.62,DELIVERED,TRK000151,2023-10-28 21:09:32.951164
152,162,2023-02-11 04:44:49.496067,414.41,DELIVERED,TRK000152,2023-05-04 15:08:43.666696
153,888,2023-09-21 12:55:50.560973,108.14,DELIVERED,TRK000153,2023-11-09 18:04:51.280378
154,919,2024-05-11 10:31:40.806342,251.13,PENDING,TRK000154,2023-09-17 16:47:43.905607
155,365,2024-04-12 07:07:53.859828,930.84,RETURNED,TRK000155,2023-11-12 12:44:27.619738
156,223,2024-04-28 21:33:31.854508,608.29,CANCELLED,TRK000156,2023-08-31 09:59:45.442399
157,318,2024-03-04 02:34:14.316687,540.53,DISPATCHED,TRK000157,2024-09-09 01:31:32.581677
158,853,2023-09-13 10:54:19.080775,569.19,DELIVERED,TRK000158,2024-09-25 05:38:46.841841
159,488,2024-03-31 14:07:12.415414,123.0,RETURNED,TRK000159,2024-12-10 15:11:07.366171
160,645,2023-09-28 17:54:15.930217,905.63,RETURNED,TRK000160,2023-08-19 20:44:49.062022
161,426,2024-07-19 21:58:40.333897,897.58,DELIVERED,TRK000161,2024-05-31 09:11:25.482861
162,134,2023-07-21 06:28:00.717881,624.7,DELIVERED,TRK000162,2023-09-25 11:11:38.193688
163,246,2023-03-02 06:06:49.059003,539.16,DISPATCHED,TRK000163,2024-01-30 10:54:22.843042
164,402,2024-07-06 19:23:27.663247,667.59,CONFIRMED,TRK000164,2023-11-29 04:52:55.549842
165,234,2023-11-02 22:39:57.119616,115.06,CONFIRMED,TRK000165,2024-06-15 09:00:02.298248
166,215,2024-11-13 00:50:56.838234,413.96,CANCELLED,TRK000166,2023-12-01 21:13:54.164538
167,175,2024-01-19 17:19:59.305518,750.19,CANCELLED,TRK000167,2023-10-08 07:19:38.688927
168,403,2023-05-16 11:16:49.435694,989.23,PENDING,TRK000168,2024-12-02 00:52:47.732119
169,988,2023-06-10 23:54:06.833849,223.65,DELIVERED,TRK000169,2024-10-18 04:56:09.784196
170,283,2024-07-26 15:26:20.070358,594.26,DELIVERED,TRK000170,2023-02-17 22:52:15.046330
171,323,2023-07-05 15:25:08.343729,657.12,CONFIRMED,TRK000171,2023-07-17 17:21:12.015897
172,506,2023-01-20 11:10:36.536117,842.59,CANCELLED,TRK000172,2024-03-09 12:02:46.195902
173,935,2023-02-04 14:10:26.101093,378.23,CONFIRMED,TRK000173,2024-10-21 01:06:22.936159
174,992,2023-10-10 19:14:21.689025,427.88,PENDING,TRK000174,2024-01-18 07:58:13.656051
175,438,2024-07-12 16:22:13.785283,956.02,PENDING,TRK000175,2023-07-27 23:21:41.928965
176,296,2024-12-22 16:58:27.371318,216.55,DELIVERED,TRK000176,2024-02-06 22:24:09.099090
177,399,2023-10-29 13:51:15.608803,728.09,DISPATCHED,TRK000177,2023-10-11 10:52:01.116950
178,231,2024-05-30 17:31:14.509949,403.07,CONFIRMED,TRK000178,2023-08-02 10:40:16.331723
179,637,2024-11-03 13:46:25.300650,430.9,DELIVERED,TRK000179,2023-01-15 19:19:29.069581
180,728,2023-10-23 08:34:06.798750,523.9,CANCELLED,TRK000180,2023-04-24 05:54:39.283847
181,492,2023-08-02 04:14:39.428809,789.82,DELIVERED,TRK000181,2024-03-22 14:13:28.154658
182,629,2023-11-02 14:22:04.791120,213.8,DISPATCHED,TRK000182,2023-01-04 06:53:00.689142
183,153,2023-05-30 16:26:52.534485,889.14,DISPATCHED,TRK000183,2023-06-27 17:40:00.833600
184,183,2024-03-10 02:27:23.496596,243.9,DISPATCHED,TRK000184,2023-10-09 02:09:23.867400
185,509,2024-10-03 15:03:05.341913,422.07,DISPATCHED,TRK000185,2024-01-24 23:23:59.142658
186,366,2023-08-30 19:18:36.898652,342.35,PENDING,TRK000186,2024-02-27 13:44:57.623774
187,408,2023-05-18 12:56:43.169455,625.88,DELIVERED,TRK000187,2024-11-02 20:49:03.974669
188,408,2023-07-30 11:32:52.195948,462.81,RETURNED,TRK000188,2024-01-10 00:31:53.068322
189,685,2024-05-17 20:04:26.396146,746.03,DISPATCHED,TRK000189,2024-07-13 22:56:45.887879
190,460,2023-05-19 02:12:25.521114,604.59,CANCELLED,TRK000190,2024-08-07 15:57:04.773389
191,340,2024-09-21 02:05:13.168577,119.46,RETURNED,TRK000191,2023-02-16 05:55:54.988075
192,756,2023-01-27 04:09:25.477261,823.13,DISPATCHED,TRK000192,2024-05-03 10:40:50.244156
193,97,2024-04-13 09:25:18.126637,283.64,PENDING,TRK000193,2024-03-14 18:36:01.258410
194,468,2024-04-12 20:17:48.196761,290.08,CANCELLED,TRK000194,2023-04-11 11:02:48.690715
195,597,2023-03-09 03:09:51.692218,136.29,CANCELLED,TRK000195,2023-01-31 09:29:27.742045
196,191,2024-05-08 02:12:42.490599,219.94,PENDING,TRK000196,2024-10-03 01:19:14.422461
197,652,2023-08-23 21:05:39.520146,162.79,PENDING,TRK000197,2023-11-30 05:35:00.419348
198,208,2023-06-30 00:20:21.142088,660.89,DISPATCHED,TRK000198,2024-06-22 01:50:51.438077
199,664,2024-08-15 15:11:01.810411,393.7,DELIVERED,TRK000199,2024-01-02 18:12:17.630926
200,261,2024-12-10 11:03:27.942217,882.55,PENDING,TRK000200,2023-05-11 19:02:42.132748
201,33,2023-05-02 01:20:48.711965,684.53,PENDING,TRK000201,2023-01-12 23:16:42.805978
202,156,2023-06-02 15:18:31.435496,399.35,CANCELLED,TRK000202,2023-10-16 11:03:36.002588
203,117,2024-03-21 21:31:16.533192,576.85,DISPATCHED,TRK000203,2023-04-12 20:55:35.064140
204,338,2023-04-07 03:32:13.857419,827.45,PENDING,TRK000204,2024-11-01 11:51:12.891352
205,546,2023-01-19 15:10:42.760188,969.09,RETURNED,TRK000205,2023-09-29 08:59:53.504008
206,887,2024-12-29 00:20:33.720050,688.73,CANCELLED,TRK000206,2023-09-19 16:15:19.093540
207,131,2023-07-12 04:06:12.673277,809.89,PENDING,TRK000207,2023-12-27 00:54:52.328681
208,730,2023-07-13 12:26:22.357901,400.49,PENDING,TRK000208,2023-07-25 20:47:36.225573
209,785,2024-08-28 23:11:38.886650,963.55,PENDING,TRK000209,2024-12-03 08:38:12.162131
210,72,2024-09-29 04:57:51.356294,969.31,DELIVERED,TRK000210,2024-06-04 06:41:04.147230
211,343,2024-02-07 08:27:12.069302,724.32,RETURNED,TRK000211,2023-02-07 14:27:43.613121
212,763,2023-12-18 23:40:47.657277,620.88,PENDING,TRK000212,2024-10-27 14:48:03.172008
213,687,2024-04-04 14:15:02.873679,959.28,CONFIRMED,TRK000213,2024-04-12 19:55:33.614281
214,424,2024-05-07 10:15:12.485686,838.58,CANCELLED,TRK000214,2024-02-02 14:23:12.310503
215,338,2024-07-05 09:47:09.781120,790.96,CANCELLED,TRK000215,2023-08-11 15:57:13.201049
216,654,2023-07-30 23:45:24.449492,338.57,DELIVERED,TRK000216,2024-11-28 23:20:33.446933
217,818,2024-03-31 13:27:48.245681,502.23,DELIVERED,TRK000217,2023-06-16 03:42:55.642072
218,8,2023-12-21 01:30:36.639610,184.96,RETURNED,TRK000218,2023-10-03 11:42:48.974555
219,962,2024-10-13 15:48:47.035580,197.59,RETURNED,TRK000219,2024-12-30 05:36:20.548283
220,372,2023-05-07 04:18:26.160705,364.21,CANCELLED,TRK000220,2024-11-13 05:21:49.640223
221,201,2023-04-13 01:15:23.772210,163.24,CONFIRMED,TRK000221,2024-09-18 04:24:18.831813
222,477,2023-10-09 09:46:02.126315,576.03,PENDING,TRK000222,2024-07-22 12:42:28.596991
223,236,2023-07-24 12:04:19.776193,566.57,PENDING,TRK000223,2024-07-21 13:08:27.748678
224,468,2023-02-14 05:23:23.759889,710.19,RETURNED,TRK000224,2024-02-12 18:59:36.380545
225,582,2024-02-07 03:05:21.504885,434.05,CANCELLED,TRK000225,2023-08-14 09:21:16.010243
226,609,2024-11-06 06:20:40.372340,477.72,CONFIRMED,TRK000226,2023-06-04 03:24:39.453735
227,762,2024-10-04 22:20:17.741914,995.56,DELIVERED,TRK000227,2024-07-27 07:27:32.742889
228,419,2024-08-04 20:36:25.226184,681.77,DELIVERED,TRK000228,2024-03-07 11:03:48.701499
229,126,2024-05-21 14:20:10.934322,616.96,RETURNED,TRK000229,2024-07-24 17:12:01.730244
230,698,2024-04-18 03:15:51.926426,345.93,CONFIRMED,TRK000230,2024-02-21 07:04:33.849364
231,996,2024-06-08 05:59:24.526043,778.59,DISPATCHED,TRK000231,2023-01-08 17:08:16.410128
232,837,2023-05-27 21:46:50.112105,767.12,RETURNED,TRK000232,2023-08-29 18:32:14.253473
233,357,2023-11-08 07:19:29.563325,323.93,PENDING,TRK000233,2024-03-07 23:41:15.548668
234,723,2023-05-12 03:08:52.665404,759.63,DISPATCHED,TRK000234,2024-03-29 18:04:39.311092
235,102,2023-08-11 09:39:39.041271,875.97,DISPATCHED,TRK000235,2023-01-22 20:56:43.407466
236,718,2024-06-27 08:24:26.242080,997.52,PENDING,TRK000236,2023-11-26 14:33:14.018358
237,383,2024-08-06 15:42:01.248431,108.49,DELIVERED,TRK000237,2024-04-11 06:23:57.107825
238,334,2023-12-29 16:16:54.705749,873.71,RETURNED,TRK000238,2023-11-17 20:46:02.325906
239,216,2024-01-27 19:38:56.910955,741.01,RETURNED,TRK000239,2024-12-21 16:54:05.723763
240,516,2024-12-03 06:18:47.479113,925.67,DISPATCHED,TRK000240,2024-09-27 09:23:10.757887
241,351,2023-07-09 23:47:16.935467,800.9,CONFIRMED,TRK000241,2024-03-18 13:24:27.695370
242,650,2023-09-28 09:08:03.941642,783.31,CONFIRMED,TRK000242,2023-04-13 23:17:42.276890
243,456,2024-04-23 17:58:44.503700,111.06,RETURNED,TRK000243,2024-10-05 14:14:56.841120
244,881,2023-06-17 12:23:59.865348,574.67,CANCELLED,TRK000244,2023-10-07 20:45:06.311636
245,283,2023-09-30 05:06:37.871222,462.16,DELIVERED,TRK000245,2023-04-15 00:12:30.117229
246,231,2023-02-12 06:40:36.060311,644.36,DELIVERED,TRK000246,2024-01-14 23:58:13.439951
247,581,2024-01-10 20:26:53.121618,675.99,DISPATCHED,TRK000247,2023-07-25 04:57:04.579720
248,595,2023-08-21 01:11:52.616895,931.72,DISPATCHED,TRK000248,2024-01-17 03:39:02.074924
249,386,2024-07-16 04:14:12.413523,196.74,CONFIRMED,TRK000249,2023-06-02 09:37:23.735528
250,926,2023-01-05 01:56:34.371012,202.06,DISPATCHED,TRK000250,2024-05-07 18:21:38.194984
251,668,2024-06-04 14:52:59.264272,515.87,CANCELLED,TRK000251,2023-01-02 09:24:12.121831
252,531,2024-10-13 22:39:01.948746,657.31,DELIVERED,TRK000252,2023-03-11 18:08:54.196760
253,367,2023-08-12 08:09:10.903245,195.79,CONFIRMED,TRK000253,2024-02-16 18:38:56.394828
254,982,2023-06-27 13:53:46.061525,358.84,RETURNED,TRK000254,2023-01-09 06:39:08.298868
255,91,2024-04-12 18:06:45.140579,673.84,CANCELLED,TRK000255,2023-08-15 05:21:53.654473
256,487,2023-07-03 20:49:11.424863,163.69,CANCELLED,TRK000256,2023-10-31 01:19:52.372728
257,370,2024-08-18 11:11:29.370576,780.26,CANCELLED,TRK000257,2024-06-20 17:02:25.179057
258,496,2023-06-13 15:39:34.322663,110.35,DISPATCHED,TRK000258,2024-03-04 04:09:58.526322
259,664,2024-03-08 06:32:35.285281,368.78,PENDING,TRK000259,2024-11-09 07:40:56.586428
260,797,2023-09-23 06:06:56.251177,965.93,PENDING,TRK000260,2024-09-08 22:11:34.175693
261,927,2024-01-15 08:48:55.990429,589.17,DISPATCHED,TRK000261,2024-12-08 19:35:54.714099
262,585,2024-11-18 22:57:16.725901,252.94,PENDING,TRK000262,2023-09-22 21:29:48.033545
263,735,2024-06-10 05:54:05.016596,146.52,PENDING,TRK000263,2023-03-04 00:57:49.827808
264,979,2023-07-09 14:28:23.548535,817.01,DISPATCHED,TRK000264,2024-02-09 12:21:41.497792
265,663,2024-10-14 21:00:44.853267,840.38,DELIVERED,TRK000265,2023-02-18 19:23:11.767151
266,547,2023-03-28 05:14:15.208207,901.26,DELIVERED,TRK000266,2024-04-03 14:11:49.180572
267,348,2024-02-08 01:56:14.709078,768.65,DISPATCHED,TRK000267,2024-10-06 16:49:44.452635
268,47,2023-11-20 05:17:40.852921,788.08,DISPATCHED,TRK000268,2023-06-19 17:49:46.068309
269,317,2024-05-06 16:21:09.491910,688.8,DISPATCHED,TRK000269,2023-09-30 21:47:01.106861
270,741,2024-06-27 20:25:33.849483,978.06,PENDING,TRK000270,2023-05-04 02:04:26.818841
271,401,2024-11-25 12:44:42.274582,499.09,DISPATCHED,TRK000271,2024-07-23 04:58:43.692243
272,643,2023-08-19 21:34:59.162395,968.33,CONFIRMED,TRK000272,2024-02-26 21:17:16.131672
273,324,2024-04-28 00:48:03.927954,939.73,CANCELLED,TRK000273,2024-09-15 07:35:57.842432
274,77,2023-12-03 21:06:38.098404,996.07,CONFIRMED,TRK000274,2024-03-02 00:52:12.351217
275,214,2024-02-02 10:26:18.876446,180.06,PENDING,TRK000275,2024-02-28 23:36:38.131164
276,120,2024-04-30 13:53:56.937854,330.31,CANCELLED,TRK000276,2023-11-23 22:46:56.896700
277,143,2023-06-04 02:38:18.809514,889.49,PENDING,TRK000277,2024-09-17 18:07:13.018499
278,880,2023-06-30 14:00:15.708754,273.07,RETURNED,TRK000278,2023-02-26 00:18:48.244317
279,874,2024-01-17 15:59:27.273049,599.02,CANCELLED,TRK000279,2023-08-24 02:59:12.869787
280,647,2023-11-13 01:38:34.725533,354.18,CANCELLED,TRK000280,2024-02-29 09:01:47.558754
281,608,2023-11-19 04:25:48.707015,306.87,CONFIRMED,TRK000281,2024-12-13 11:03:31.515454
282,809,2024-07-30 10:35:44.258794,722.43,PENDING,TRK000282,2023-06-23 20:59:47.983198
283,46,2024-10-03 17:48:14.501866,693.44,RETURNED,TRK000283,2024-01-31 11:50:58.993914
284,337,2024-02-05 07:07:23.228894,113.64,RETURNED,TRK000284,2024-12-30 21:28:42.340734
285,809,2023-06-19 18:16:08.775133,208.55,RETURNED,TRK000285,2023-09-17 13:46:28.856520
286,763,2023-03-29 10:09:05.576058,396.95,DELIVERED,TRK000286,2023-11-10 03:20:59.679782
287,537,2023-02-08 20:09:46.470074,489.86,PENDING,TRK000287,2023-10-25 17:35:26.639360
288,606,2024-08-08 11:40:47.942219,941.32,CANCELLED,TRK000288,2023-07-16 08:42:50.266048
289,690,2024-11-26 13:21:00.007909,898.43,PENDING,TRK000289,2023-01-03 19:58:45.869402
290,590,2024-06-11 04:31:09.484664,715.24,PENDING,TRK000290,2024-09-23 01:54:50.411695
291,904,2023-10-31 17:21:30.469647,822.69,DELIVERED,TRK000291,2023-11-14 06:51:57.642598
292,255,2024-02-07 16:32:24.580866,180.05,PENDING,TRK000292,2023-03-21 22:01:47.947804
293,12,2023-05-09 05:19:21.464677,844.9,PENDING,TRK000293,2023-06-12 17:09:07.527098
294,395,2024-05-14 20:19:31.401318,466.51,RETURNED,TRK000294,2023-05-23 15:48:57.657651
295,49,2024-05-04 11:18:38.729870,635.79,DELIVERED,TRK000295,2023-01-27 04:09:48.190845
296,39,2023-01-12 17:51:47.072666,985.91,RETURNED,TRK000296,2023-12-03 22:53:00.731692
297,97,2024-10-11 03:58:50.270355,559.17,CANCELLED,TRK000297,2023-11-01 08:38:16.093013
298,90,2023-05-28 23:16:24.335217,907.34,DELIVERED,TRK000298,2024-07-29 14:16:06.967725
299,327,2023-08-17 05:31:31.573848,546.84,RETURNED,TRK000299,2023-03-20 11:34:30.734168
300,490,2024-04-05 13:08:29.999840,821.72,DISPATCHED,TRK000300,2023-05-17 22:34:30.969560
301,902,2024-06-28 22:24:12.662544,742.22,CANCELLED,TRK000301,2023-11-03 06:25:08.992751
302,356,2023-07-18 08:29:50.200794,611.82,DISPATCHED,TRK000302,2023-08-26 17:23:13.025894
303,678,2024-05-24 00:39:43.742168,228.13,CONFIRMED,TRK000303,2023-06-14 13:57:23.636931
304,839,2023-06-21 08:22:49.211460,555.48,DELIVERED,TRK000304,2024-08-17 05:57:31.878966
305,34,2023-09-14 14:27:13.923950,533.41,PENDING,TRK000305,2024-09-01 12:36:51.183055
306,324,2023-12-26 06:16:21.275539,333.6,DELIVERED,TRK000306,2024-07-11 07:37:12.582572
307,969,2023-09-08 11:10:08.788567,215.4,CONFIRMED,TRK000307,2024-04-30 06:31:45.409129
308,527,2024-07-06 14:49:12.625847,430.2,CANCELLED,TRK000308,2023-04-02 05:26:23.142703
309,382,2024-02-10 06:25:58.169390,651.2,DELIVERED,TRK000309,2024-05-11 11:22:59.100401
310,932,2024-08-23 15:13:11.926490,848.79,RETURNED,TRK000310,2023-10-27 13:39:53.057093
311,492,2024-02-21 05:16:57.687690,803.93,DELIVERED,TRK000311,2024-08-30 14:08:51.224245
312,758,2023-10-30 03:01:14.662829,528.51,CONFIRMED,TRK000312,2024-06-13 19:51:42.112962
313,421,2024-06-17 06:23:38.523536,442.85,DISPATCHED,TRK000313,2024-03-06 19:03:15.504793
314,877,2023-06-25 23:08:25.345912,941.42,RETURNED,TRK000314,2024-08-28 16:36:18.674517
315,641,2023-04-06 06:40:17.980438,393.19,PENDING,TRK000315,2024-06-13 13:27:04.987159
316,342,2023-06-05 10:34:38.434262,931.43,CANCELLED,TRK000316,2024-06-23 18:23:00.764980
317,378,2024-04-09 17:11:13.592459,625.14,PENDING,TRK000317,2023-07-08 03:48:49.277926
318,749,2023-05-31 17:39:07.438673,900.15,CANCELLED,TRK000318,2024-02-01 15:43:19.904582
319,939,2024-08-14 22:29:28.590246,957.96,RETURNED,TRK000319,2023-05-29 10:27:31.251282
320,167,2024-09-04 17:14:21.009619,775.4,CONFIRMED,TRK000320,2024-04-15 03:43:13.388278
321,793,2023-10-21 02:27:07.418910,221.29,DELIVERED,TRK000321,2024-12-25 06:06:18.658849
322,478,2023-05-25 12:30:43.867275,930.73,DELIVERED,TRK000322,2024-07-16 04:48:02.606094
323,368,2023-10-16 16:14:17.613508,218.6,CANCELLED,TRK000323,2024-05-08 14:02:11.118532
324,698,2023-10-17 06:32:33.094360,398.04,RETURNED,TRK000324,2023-10-24 07:56:15.092216
325,629,2024-02-20 10:00:33.393293,889.02,DELIVERED,TRK000325,2023-02-28 01:48:44.700254
326,225,2023-10-24 13:58:40.598167,301.08,DISPATCHED,TRK000326,2024-10-24 21:19:29.455901
327,762,2024-11-11 08:05:00.476416,397.48,PENDING,TRK000327,2023-01-27 20:28:53.951802
328,703,2024-05-17 07:40:58.529355,613.62,CONFIRMED,TRK000328,2023-06-23 12:02:36.189988
329,226,2024-09-21 04:03:40.013158,102.24,PENDING,TRK000329,2023-06-16 07:42:17.461882
330,360,2023-09-16 02:46:07.516931,820.41,CANCELLED,TRK000330,2024-02-16 11:27:22.425496
331,279,2023-10-20 04:42:56.953929,418.21,PENDING,TRK000331,2023-05-05 16:14:32.564896
332,457,2023-06-04 00:49:01.500663,168.6,DISPATCHED,TRK000332,2023-09-23 06:55:20.499957
333,918,2024-08-19 14:06:07.171354,498.32,CANCELLED,TRK000333,2024-01-14 10:07:51.883503
334,567,2024-04-23 15:34:39.458281,970.27,CONFIRMED,TRK000334,2024-07-04 09:23:19.068276
335,633,2023-06-13 23:14:02.640457,408.76,CONFIRMED,TRK000335,2024-09-25 01:40:29.975364
336,673,2023-07-24 16:44:38.316335,449.47,CONFIRMED,TRK000336,2023-10-07 10:21:07.017216
337,302,2024-02-29 20:51:39.429454,802.68,DISPATCHED,TRK000337,2024-10-10 04:48:59.381051
338,316,2023-03-20 20:23:46.856144,515.72,RETURNED,TRK000338,2023-01-05 05:01:35.499134
339,222,2023-03-31 04:38:12.637654,422.87,RETURNED,TRK000339,2023-06-21 15:09:09.423861
340,624,2024-01-31 17:40:35.626355,894.37,RETURNED,TRK000340,2023-11-10 17:32:01.149466
341,30,2024-07-31 18:08:00.979592,598.94,DELIVERED,TRK000341,2023-06-19 19:54:57.260609
342,61,2023-12-06 14:35:35.180625,577.38,RETURNED,TRK000342,2024-12-10 20:13:19.569350
343,513,2023-09-30 03:32:33.282044,385.33,PENDING,TRK000343,2023-02-24 10:02:19.865809
344,50,2023-10-21 17:10:29.870346,827.99,DISPATCHED,TRK000344,2023-12-30 10:28:29.782409
345,177,2024-03-19 20:28:55.396005,482.63,DELIVERED,TRK000345,2023-10-29 09:57:30.725506
346,193,2023-07-31 12:00:43.440907,944.57,CONFIRMED,TRK000346,2024-06-18 14:38:22.017589
347,684,2024-03-17 02:34:48.401544,702.52,CONFIRMED,TRK000347,2023-12-02 21:05:15.192198
348,275,2024-08-31 06:48:11.046868,686.76,DELIVERED,TRK000348,2024-08-20 06:24:08.685539
349,761,2023-06-17 04:03:27.751652,587.8,CANCELLED,TRK000349,2023-08-19 11:40:26.932497
350,609,2024-12-27 22:20:38.536648,623.31,CONFIRMED,TRK000350,2023-09-17 12:58:09.021828
351,511,2024-03-09 16:10:59.595573,726.99,DISPATCHED,TRK000351,2023-04-21 21:36:10.120381
352,896,2023-12-08 01:05:05.852154,564.59,CANCELLED,TRK000352,2024-09-03 20:42:26.975486
353,942,2024-12-10 03:48:52.640380,597.35,CANCELLED,TRK000353,2024-02-24 07:25:54.760866
354,488,2024-06-26 13:27:55.635367,843.83,PENDING,TRK000354,2024-04-06 02:29:53.557694
355,575,2024-04-09 17:18:15.812568,500.91,DISPATCHED,TRK000355,2024-04-09 17:37:47.763106
356,413,2024-03-21 08:34:43.362778,923.49,DISPATCHED,TRK000356,2023-07-10 18:59:31.433422
357,312,2023-05-24 17:57:51.490296,170.29,DISPATCHED,TRK000357,2024-08-30 11:46:14.240829
358,821,2024-04-02 13:01:51.671730,463.66,DELIVERED,TRK000358,2024-08-22 21:27:32.515529
359,644,2023-07-12 01:42:20.865720,703.94,CONFIRMED,TRK000359,2023-11-28 04:41:37.586119
360,163,2024-11-27 14:26:15.476124,642.99,PENDING,TRK000360,2024-03-24 22:43:03.268112
361,760,2023-12-17 00:47:11.049365,573.79,CANCELLED,TRK000361,2024-04-20 18:16:50.308721
362,861,2024-04-18 10:58:43.895938,331.38,RETURNED,TRK000362,2024-09-01 08:13:18.872023
363,11,2023-05-30 02:03:36.543328,197.17,RETURNED,TRK000363,2024-02-29 15:10:06.252743
364,760,2023-09-29 03:24:39.145254,717.87,RETURNED,TRK000364,2024-06-07 17:41:14.869190
365,53,2024-11-06 05:55:44.862762,732.47,RETURNED,TRK000365,2023-09-28 00:45:47.503499
366,949,2024-12-03 01:36:40.592869,497.45,RETURNED,TRK000366,2024-12-07 18:42:13.148041
367,885,2023-06-09 07:16:26.218416,776.26,DELIVERED,TRK000367,2023-07-22 05:59:26.919877
368,3,2024-03-05 23:26:57.252903,924.43,CANCELLED,TRK000368,2024-10-10 00:14:51.944071
369,654,2023-05-23 12:50:57.876589,460.83,DISPATCHED,TRK000369,2023-06-25 05:52:41.865403
370,65,2023-05-29 07:33:19.739950,997.89,DISPATCHED,TRK000370,2023-09-02 04:55:57.004871
371,609,2024-09-25 05:57:12.816558,267.24,CANCELLED,TRK000371,2024-01-10 09:22:32.538448
372,737,2023-07-16 22:10:07.430509,741.23,RETURNED,TRK000372,2024-07-15 10:51:47.454976
373,202,2023-10-22 19:42:14.697704,641.95,RETURNED,TRK000373,2023-12-01 10:07:11.046329
374,504,2023-11-30 22:21:30.440451,199.06,PENDING,TRK000374,2024-05-31 11:47:25.339536
375,756,2024-05-30 15:48:21.267388,148.53,RETURNED,TRK000375,2023-04-01 09:52:36.517063
376,242,2023-06-01 07:19:53.601695,817.84,PENDING,TRK000376,2023-07-23 21:17:29.083464
377,130,2024-06-25 23:59:21.251776,988.26,DISPATCHED,TRK000377,2023-12-03 02:13:33.694054
378,417,2024-12-09 20:50:29.103784,358.14,DISPATCHED,TRK000378,2024-05-07 02:23:56.962102
379,153,2024-12-07 00:08:43.942496,219.13,DELIVERED,TRK000379,2024-04-05 16:31:10.532302
380,860,2023-04-01 16:01:26.843460,821.88,DISPATCHED,TRK000380,2024-10-19 02:41:25.579970
381,460,2024-08-20 15:24:00.082163,575.2,RETURNED,TRK000381,2023-03-28 07:32:24.383493
382,525,2024-04-10 09:46:41.679486,545.37,PENDING,TRK000382,2024-04-19 07:57:54.724730
383,504,2023-02-02 00:12:14.145249,332.97,PENDING,TRK000383,2024-10-14 23:07:51.059854
384,657,2023-09-06 20:41:30.744513,436.69,DISPATCHED,TRK000384,2023-05-30 15:09:16.881079
385,385,2024-04-29 00:32:49.195789,464.33,CANCELLED,TRK000385,2023-08-15 04:50:13.262497
386,359,2024-07-07 08:03:23.794771,897.39,RETURNED,TRK000386,2024-04-03 13:01:49.231741
387,560,2023-06-05 21:09:03.616356,151.49,PENDING,TRK000387,2023-05-16 16:09:45.329775
388,227,2023-01-28 18:35:12.457770,842.37,DISPATCHED,TRK000388,2024-07-12 09:56:27.007289
389,318,2023-06-13 22:01:39.717855,418.81,CONFIRMED,TRK000389,2023-01-06 06:02:07.474794
390,833,2024-12-28 10:31:26.474623,836.12,RETURNED,TRK000390,2024-03-24 05:58:24.334384
391,479,2024-12-05 18:19:00.876915,866.72,PENDING,TRK000391,2023-04-20 04:40:44.133299
392,883,2024-02-11 02:53:15.672783,388.89,PENDING,TRK000392,2024-07-22 11:42:12.822087
393,741,2024-05-03 22:42:21.223244,368.67,PENDING,TRK000393,2024-11-15 23:11:52.776127
394,786,2023-09-16 21:27:18.617707,467.94,CONFIRMED,TRK000394,2024-06-08 02:40:48.515192
395,168,2024-08-26 15:28:01.712834,976.78,CANCELLED,TRK000395,2024-08-14 07:14:35.427888
396,125,2024-10-19 16:43:09.236651,822.55,DISPATCHED,TRK000396,2023-09-28 00:49:15.076283
397,707,2023-05-27 04:27:54.670074,429.6,CANCELLED,TRK000397,2023-01-12 11:10:32.756764
398,871,2023-01-31 20:08:16.896915,126.61,CONFIRMED,TRK000398,2024-08-16 00:05:46.026766
399,238,2023-10-06 22:09:26.514873,329.85,CONFIRMED,TRK000399,2024-04-19 05:08:25.419337
400,403,2024-01-29 22:49:54.024103,342.91,CANCELLED,TRK000400,2024-07-28 01:54:23.582933
401,667,2024-01-28 08:02:47.429569,346.96,CONFIRMED,TRK000401,2023-03-29 15:16:36.099698
402,994,2023-06-23 06:52:56.122920,939.15,DISPATCHED,TRK000402,2024-07-23 07:55:01.366943
403,817,2023-11-12 02:16:51.165025,733.15,PENDING,TRK000403,2023-01-31 03:58:51.695292
404,479,2024-09-16 21:26:42.085236,652.16,RETURNED,TRK000404,2023-12-13 07:42:04.495381
405,709,2024-10-11 21:49:45.860560,832.01,DISPATCHED,TRK000405,2024-12-19 22:27:30.133922
406,838,2023-05-26 21:44:03.098169,843.63,DELIVERED,TRK000406,2024-09-05 22:52:25.210226
407,855,2023-09-23 04:33:39.876291,788.89,CANCELLED,TRK000407,2023-07-22 21:25:52.570015
408,597,2023-09-13 22:37:12.651058,209.66,DELIVERED,TRK000408,2024-06-29 06:58:00.748325
409,149,2024-10-02 09:00:02.551117,533.17,RETURNED,TRK000409,2024-05-07 02:08:20.252851
410,752,2024-04-05 21:30:31.388024,159.13,DISPATCHED,TRK000410,2023-01-19 12:17:57.142762
411,556,2023-12-30 10:16:44.638404,669.82,DISPATCHED,TRK000411,2023-05-12 17:06:07.237241
412,140,2023-12-20 07:21:16.590680,768.77,PENDING,TRK000412,2024-03-30 15:16:27.707121
413,218,2023-03-14 22:00:59.544517,141.67,CONFIRMED,TRK000413,2024-09-03 17:00:38.088054
414,215,2024-11-01 23:50:47.441478,928.1,CONFIRMED,TRK000414,2024-09-30 23:06:33.459884
415,931,2024-04-16 17:49:02.555850,902.63,PENDING,TRK000415,2024-03-06 21:22:18.015860
416,326,2023-06-13 18:56:27.937141,871.07,CANCELLED,TRK000416,2023-07-08 04:59:47.690270
417,614,2024-07-28 23:58:18.364426,228.84,PENDING,TRK000417,2023-02-05 08:58:44.171032
418,15,2023-02-24 21:21:50.347977,451.16,DELIVERED,TRK000418,2023-08-02 10:54:35.644029
419,475,2024-07-22 15:01:00.649216,610.48,CANCELLED,TRK000419,2023-09-13 05:16:15.040401
420,853,2024-10-07 18:51:13.384212,630.18,PENDING,TRK000420,2024-10-11 06:40:15.141284
421,271,2023-05-19 06:00:37.525066,202.14,PENDING,TRK000421,2024-09-25 05:02:11.269065
422,414,2024-07-09 03:07:55.570531,174.34,CANCELLED,TRK000422,2024-06-12 04:02:17.408750
423,144,2024-03-31 16:53:03.135163,628.38,CONFIRMED,TRK000423,2024-06-09 02:42:45.991920
424,897,2023-01-27 09:47:02.199008,462.53,CONFIRMED,TRK000424,2023-09-26 00:14:07.611449
425,894,2024-06-09 13:07:41.246324,501.9,CANCELLED,TRK000425,2023-09-14 03:33:44.682429
426,915,2024-03-18 21:19:15.037563,812.05,DELIVERED,TRK000426,2023-04-30 04:58:21.774996
427,794,2023-09-02 06:05:55.819533,738.08,CONFIRMED,TRK000427,2024-10-21 11:33:33.673612
428,5,2024-04-20 08:04:29.812295,189.45,DISPATCHED,TRK000428,2023-01-16 07:45:29.340340
429,903,2023-10-11 10:28:25.163383,348.1,DISPATCHED,TRK000429,2023-11-26 23:07:46.847057
430,950,2024-07-12 04:36:27.761452,174.37,CONFIRMED,TRK000430,2024-04-30 12:40:41.710730
431,523,2023-04-30 17:41:17.339873,743.84,PENDING,TRK000431,2023-09-13 17:50:30.804793
432,345,2023-04-12 08:24:38.718093,918.25,CANCELLED,TRK000432,2023-07-18 15:02:47.533029
433,699,2023-01-22 16:47:51.037195,971.01,DISPATCHED,TRK000433,2023-10-22 05:56:53.076288
434,896,2023-05-29 08:22:20.782057,360.78,PENDING,TRK000434,2023-02-26 19:55:50.024484
435,859,2023-01-27 17:04:17.805933,548.11,CANCELLED,TRK000435,2023-11-20 20:43:50.210115
436,829,2023-10-31 01:44:51.838749,372.89,RETURNED,TRK000436,2023-02-26 13:24:12.859035
437,357,2024-04-17 17:29:42.041826,881.2,DELIVERED,TRK000437,2023-08-21 02:50:08.225137
438,331,2024-03-17 23:34:18.829676,784.84,DELIVERED,TRK000438,2023-04-11 13:24:32.549689
439,873,2024-03-14 00:52:13.673124,294.11,DELIVERED,TRK000439,2023-12-06 11:08:15.508740
440,178,2023-08-28 23:28:29.540898,994.32,CANCELLED,TRK000440,2023-08-23 23:22:34.273853
441,844,2023-06-06 12:04:21.346330,651.07,PENDING,TRK000441,2023-12-20 09:52:58.299455
442,399,2023-12-06 16:33:27.576639,682.72,CONFIRMED,TRK000442,2024-08-30 19:56:02.705885
443,7,2024-07-07 04:35:15.346416,656.77,DISPATCHED,TRK000443,2024-12-15 02:35:08.086401
444,282,2024-01-27 13:10:11.271808,440.45,CANCELLED,TRK000444,2024-12-26 16:10:41.921341
445,498,2023-09-23 18:48:40.685672,661.44,RETURNED,TRK000445,2024-07-01 03:03:19.735602
446,891,2023-03-06 01:09:58.879084,207.19,CANCELLED,TRK000446,2023-01-20 01:18:11.373528
447,446,2023-01-18 09:57:11.149428,520.57,DELIVERED,TRK000447,2024-01-21 12:39:32.781855
448,178,2024-05-29 05:35:41.032049,956.87,CONFIRMED,TRK000448,2023-05-06 09:56:58.460768
449,863,2023-06-21 09:08:14.877540,191.99,DISPATCHED,TRK000449,2023-07-20 00:45:41.351036
450,738,2024-09-26 04:35:24.353527,263.6,PENDING,TRK000450,2023-10-15 15:00:38.065721
451,387,2024-03-06 05:41:29.570229,365.0,DISPATCHED,TRK000451,2023-08-10 08:43:14.278508
452,990,2024-04-15 06:46:40.042069,752.43,CONFIRMED,TRK000452,2024-08-07 20:09:44.177661
453,544,2024-07-11 13:49:19.063171,412.93,CONFIRMED,TRK000453,2023-12-05 08:22:57.438949
454,539,2023-07-20 01:45:42.006753,349.91,PENDING,TRK000454,2023-02-22 04:03:02.478656
455,263,2024-11-24 13:34:27.742116,445.58,DISPATCHED,TRK000455,2024-10-22 17:41:36.447130
456,667,2023-09-30 21:06:17.181217,923.04,DISPATCHED,TRK000456,2023-04-29 09:37:41.349976
457,443,2023-12-08 17:22:42.506813,940.52,DISPATCHED,TRK000457,2023-09-05 22:56:12.969865
458,797,2023-06-21 19:35:59.131056,104.74,DELIVERED,TRK000458,2023-04-05 04:39:02.543984
459,274,2023-12-31 08:36:27.923960,698.26,RETURNED,TRK000459,2024-01-28 14:57:22.472748
460,892,2023-04-01 09:02:38.930366,783.63,DELIVERED,TRK000460,2023-08-01 13:52:59.077745
461,557,2024-02-22 17:39:26.141827,174.53,CANCELLED,TRK000461,2023-08-13 22:06:33.924913
462,818,2024-08-25 10:39:21.386047,574.75,DISPATCHED,TRK000462,2023-11-18 20:18:22.907849
463,578,2023-11-10 10:33:47.881494,993.63,RETURNED,TRK000463,2023-04-25 23:39:28.718123
464,630,2023-02-27 02:24:51.449862,401.72,CANCELLED,TRK000464,2024-06-25 20:14:52.675323
465,474,2024-04-06 11:47:21.118607,656.76,CONFIRMED,TRK000465,2024-04-22 07:55:27.240752
466,42,2023-10-03 06:41:16.178839,430.02,CONFIRMED,TRK000466,2023-10-09 23:02:23.441517
467,420,2023-09-20 23:11:46.056372,974.38,PENDING,TRK000467,2023-05-05 04:19:09.667285
468,291,2024-02-19 10:25:45.609828,718.16,CONFIRMED,TRK000468,2024-11-27 06:26:19.224943
469,242,2023-03-06 16:50:30.914653,162.16,CONFIRMED,TRK000469,2023-10-23 17:06:21.150613
470,80,2023-08-08 02:14:35.181883,673.09,RETURNED,TRK000470,2023-12-16 12:17:54.747503
471,437,2024-10-02 02:25:46.457880,863.93,PENDING,TRK000471,2023-10-07 23:55:15.664687
472,100,2023-05-06 08:05:03.082614,156.6,RETURNED,TRK000472,2024-12-13 04:29:03.488751
473,377,2023-12-27 04:44:59.120475,324.2,CONFIRMED,TRK000473,2023-06-09 04:53:07.425486
474,974,2023-07-04 02:35:01.745119,138.42,PENDING,TRK000474,2023-10-22 21:37:08.807076
475,604,2024-10-28 23:30:34.555747,315.02,CANCELLED,TRK000475,2024-01-13 08:04:21.008129
476,315,2023-02-13 04:21:43.248019,967.8,DISPATCHED,TRK000476,2024-04-20 07:08:05.831383
477,823,2024-06-14 11:34:10.025738,477.74,DISPATCHED,TRK000477,2024-04-22 10:06:45.715581
478,29,2024-10-11 08:19:35.125849,150.39,DISPATCHED,TRK000478,2024-02-05 08:18:37.710469
479,42,2024-02-04 07:40:38.929889,799.6,PENDING,TRK000479,2024-09-30 04:51:02.661083
480,739,2023-03-18 22:49:07.775035,472.8,RETURNED,TRK000480,2024-12-21 20:05:03.328690
481,426,2024-12-08 02:47:49.908462,203.91,CANCELLED,TRK000481,2024-06-07 12:26:27.740724
482,428,2023-01-17 03:06:44.681165,875.7,CONFIRMED,TRK000482,2023-08-10 17:04:41.077255
483,710,2024-12-11 14:32:42.810626,403.32,CONFIRMED,TRK000483,2024-11-14 09:18:15.910497
484,989,2024-05-31 01:33:17.842818,413.52,PENDING,TRK000484,2023-09-08 06:16:02.183250
485,535,2023-07-09 04:04:54.820685,246.78,RETURNED,TRK000485,2023-01-03 04:29:23.813771
486,825,2024-11-26 08:34:29.977190,943.79,DELIVERED,TRK000486,2024-08-05 03:24:39.975396
487,142,2023-02-17 23:17:40.301209,309.52,PENDING,TRK000487,2024-11-02 18:33:34.709740
488,570,2023-03-02 05:42:28.952988,326.93,CANCELLED,TRK000488,2024-10-13 20:11:17.455085
489,219,2024-12-04 07:46:38.907458,336.07,DELIVERED,TRK000489,2023-06-28 22:46:00.320361
490,906,2024-11-01 09:49:56.029369,989.97,PENDING,TRK000490,2024-12-16 15:25:01.474465
491,196,2024-07-28 22:23:50.539135,589.56,CONFIRMED,TRK000491,2023-02-12 04:31:32.981892
492,909,2024-09-02 17:51:57.389502,661.31,PENDING,TRK000492,2023-12-21 21:15:39.882359
493,657,2023-09-15 03:21:40.293245,877.11,PENDING,TRK000493,2024-01-20 09:27:45.496791
494,373,2024-07-10 07:38:45.478530,927.75,DELIVERED,TRK000494,2024-11-12 00:44:36.644373
495,133,2023-03-02 21:56:25.900102,281.21,PENDING,TRK000495,2023-01-14 09:14:20.960028
496,859,2023-05-14 13:49:27.165472,274.87,CONFIRMED,TRK000496,2023-08-25 02:35:27.404644
497,907,2024-08-16 15:32:42.512536,186.08,CANCELLED,TRK000497,2024-03-13 05:09:06.452942
498,793,2024-03-19 16:47:22.454544,735.18,DISPATCHED,TRK000498,2023-01-15 01:43:02.416543
499,897,2024-02-09 09:15:41.257324,590.65,DELIVERED,TRK000499,2024-06-05 03:39:13.242406
500,780,2024-05-30 17:13:23.629109,307.71,CONFIRMED,TRK000500,2024-10-26 13:31:16.444329
501,206,2023-05-09 06:07:35.108763,982.62,DELIVERED,TRK000501,2024-09-06 20:21:41.572427
502,160,2023-01-26 15:46:29.139541,891.29,PENDING,TRK000502,2024-03-05 20:45:18.160141
503,250,2024-12-31 12:47:46.101123,294.78,PENDING,TRK000503,2023-06-15 00:50:03.401149
504,170,2024-10-08 14:53:50.327594,448.62,RETURNED,TRK000504,2023-01-24 09:27:51.610915
505,10,2024-06-09 23:53:54.316385,860.54,PENDING,TRK000505,2024-05-16 11:21:33.954780
506,686,2023-07-12 02:39:20.432594,975.46,RETURNED,TRK000506,2023-08-12 12:50:11.501357
507,536,2024-03-29 21:44:03.927420,474.49,CONFIRMED,TRK000507,2024-09-23 09:12:37.950199
508,54,2023-03-13 02:30:45.409103,328.51,PENDING,TRK000508,2024-09-26 22:48:21.439294
509,500,2024-08-28 06:49:03.971014,530.64,PENDING,TRK000509,2024-03-11 12:25:37.612413
510,766,2024-04-18 04:46:25.144606,990.43,CONFIRMED,TRK000510,2024-06-16 01:46:44.957069
511,985,2024-06-15 21:46:08.074266,585.17,CANCELLED,TRK000511,2024-03-15 09:36:53.725694
512,872,2024-06-20 14:04:54.739173,166.76,DELIVERED,TRK000512,2023-03-31 13:10:28.433816
513,804,2024-12-16 17:56:31.654027,990.47,DISPATCHED,TRK000513,2024-02-11 15:41:43.417642
514,630,2024-04-11 09:43:07.796712,415.44,PENDING,TRK000514,2023-12-16 19:46:12.877090
515,877,2024-12-28 19:22:32.747739,205.0,CONFIRMED,TRK000515,2024-08-05 15:21:14.951551
516,806,2024-05-02 08:10:07.212458,452.85,CONFIRMED,TRK000516,2023-03-31 03:29:03.642927
517,860,2024-12-05 01:23:27.693880,926.19,DISPATCHED,TRK000517,2023-06-13 04:59:39.931575
518,817,2024-03-17 14:00:59.851617,666.32,DISPATCHED,TRK000518,2024-08-18 01:20:25.308845
519,927,2023-01-18 05:30:46.093077,728.77,RETURNED,TRK000519,2024-10-20 07:15:34.308583
520,892,2023-04-07 10:33:38.837773,168.21,CONFIRMED,TRK000520,2024-11-22 08:57:05.996231
521,965,2023-09-14 17:43:29.403323,705.79,CANCELLED,TRK000521,2023-02-26 23:04:51.139953
522,658,2024-10-01 18:00:24.922272,143.75,DISPATCHED,TRK000522,2024-06-24 12:56:06.309973
523,575,2023-04-08 15:46:31.457901,462.36,DISPATCHED,TRK000523,2024-03-20 06:39:23.312612
524,986,2024-02-10 11:38:29.715960,572.68,RETURNED,TRK000524,2023-02-02 04:02:17.946998
525,23,2024-11-10 11:52:30.789672,774.38,RETURNED,TRK000525,2024-05-17 21:30:39.980599
526,552,2024-09-01 13:10:53.722732,867.23,CANCELLED,TRK000526,2024-11-27 18:44:21.243762
527,868,2024-09-29 22:20:43.166859,615.33,DISPATCHED,TRK000527,2023-05-04 11:12:26.357998
528,742,2024-07-15 20:22:59.116717,167.65,PENDING,TRK000528,2023-12-17 19:03:58.516849
529,604,2024-12-30 17:11:13.050513,100.24,PENDING,TRK000529,2023-04-15 18:12:20.899805
530,921,2024-09-21 03:03:18.123717,416.03,RETURNED,TRK000530,2024-04-18 15:01:03.866456
531,949,2023-01-11 08:37:36.058027,637.73,PENDING,TRK000531,2023-07-27 20:10:23.583801
532,865,2023-07-03 07:53:59.384547,671.32,RETURNED,TRK000532,2023-10-12 19:42:39.616408
533,822,2024-10-26 09:36:05.684756,558.87,PENDING,TRK000533,2023-02-13 18:26:31.642301
534,154,2024-01-22 11:17:52.047592,112.84,DELIVERED,TRK000534,2023-03-04 22:16:59.986171
535,937,2024-08-11 14:47:39.039034,116.74,DISPATCHED,TRK000535,2024-03-09 13:39:07.440341
536,210,2023-11-24 06:54:17.747543,879.31,RETURNED,TRK000536,2024-05-22 14:50:37.730474
537,633,2023-02-03 05:37:30.515386,124.1,DISPATCHED,TRK000537,2023-12-02 12:33:12.237485
538,532,2023-04-27 18:26:38.520850,650.54,PENDING,TRK000538,2023-02-21 16:41:17.701961
539,366,2023-08-19 19:32:05.920599,448.54,CANCELLED,TRK000539,2024-02-21 21:03:33.832699
540,729,2024-09-13 05:09:29.569106,317.35,CANCELLED,TRK000540,2024-03-16 05:00:41.037006
541,709,2024-09-27 01:36:29.668296,289.96,DELIVERED,TRK000541,2023-12-25 13:24:36.826630
542,754,2023-03-19 07:04:55.588768,447.8,RETURNED,TRK000542,2024-06-26 05:53:51.264660
543,799,2024-11-10 02:18:57.914975,804.32,DELIVERED,TRK000543,2023-05-08 19:11:39.752460
544,867,2024-01-29 07:00:37.498938,588.51,RETURNED,TRK000544,2024-10-26 04:28:41.583636
545,921,2024-08-19 13:42:17.677844,836.96,PENDING,TRK000545,2023-06-05 04:59:51.289826
546,190,2024-02-23 17:53:34.542535,535.54,CANCELLED,TRK000546,2023-07-23 05:59:11.418767
547,236,2024-09-18 22:11:36.119607,756.12,CONFIRMED,TRK000547,2024-11-03 00:02:56.079790
548,162,2024-12-20 20:38:41.590300,322.69,PENDING,TRK000548,2024-03-10 05:18:38.958990
549,632,2024-06-20 01:15:34.946839,545.78,RETURNED,TRK000549,2023-09-03 22:41:19.575494
550,170,2023-06-06 02:37:09.103110,778.64,CONFIRMED,TRK000550,2024-06-13 05:50:41.643837
551,711,2024-02-13 02:49:51.593343,357.59,DISPATCHED,TRK000551,2023-07-02 03:27:19.067905
552,524,2024-05-29 16:41:33.463758,546.7,CANCELLED,TRK000552,2024-02-08 05:06:52.794353
553,608,2024-07-30 17:09:15.276975,221.49,CONFIRMED,TRK000553,2024-06-18 06:24:13.467259
554,116,2024-03-12 03:03:12.256660,891.73,CONFIRMED,TRK000554,2024-12-20 05:35:52.846080
555,24,2023-01-16 05:59:45.110932,352.2,CONFIRMED,TRK000555,2024-08-20 20:58:43.033388
556,478,2024-11-13 14:12:27.795140,894.08,CANCELLED,TRK000556,2023-01-27 00:16:00.087201
557,758,2024-04-10 11:59:56.695859,302.93,PENDING,TRK000557,2023-06-22 20:46:13.177581
558,142,2023-04-15 19:56:14.472536,396.25,CONFIRMED,TRK000558,2023-02-07 13:10:42.670911
559,106,2024-07-19 15:31:32.981199,387.66,DISPATCHED,TRK000559,2024-07-19 23:51:08.820397
560,981,2024-04-12 04:14:17.588096,716.19,DELIVERED,TRK000560,2024-10-16 14:59:12.461591
561,32,2023-09-13 14:41:53.158289,740.17,CANCELLED,TRK000561,2023-12-19 08:49:53.222249
562,767,2024-04-12 18:15:25.904447,456.23,RETURNED,TRK000562,2023-06-17 05:56:30.671663
563,998,2023-10-25 10:47:09.825326,405.61,CANCELLED,TRK000563,2024-06-18 22:38:09.797439
564,489,2024-07-28 12:45:33.479868,597.56,CONFIRMED,TRK000564,2023-11-10 07:52:42.893609
565,510,2023-12-03 23:38:09.910381,332.54,CONFIRMED,TRK000565,2024-03-19 10:01:39.511286
566,321,2024-07-17 13:22:21.158999,587.97,PENDING,TRK000566,2023-12-31 06:21:47.083879
567,780,2024-06-17 03:30:52.247534,202.07,DISPATCHED,TRK000567,2023-12-30 00:55:59.782445
568,466,2023-06-08 15:30:07.103412,411.72,CONFIRMED,TRK000568,2023-05-21 21:40:53.101182
569,844,2023-04-17 03:47:33.249616,520.19,RETURNED,TRK000569,2024-07-01 01:19:25.580783
570,864,2023-07-08 05:13:36.597979,950.04,DISPATCHED,TRK000570,2024-04-14 18:21:03.782181
571,17,2024-01-09 18:11:50.415677,379.35,RETURNED,TRK000571,2023-11-03 19:22:45.345265
572,79,2024-08-30 22:36:42.290557,431.74,CANCELLED,TRK000572,2023-03-20 07:30:23.554115
573,67,2023-03-15 15:53:21.635419,383.51,PENDING,TRK000573,2023-10-29 04:41:38.989303
574,148,2024-09-13 12:53:48.528252,943.37,PENDING,TRK000574,2024-10-14 01:50:31.445507
575,304,2023-05-05 08:48:12.590890,262.84,DELIVERED,TRK000575,2023-07-21 06:38:28.253196
576,843,2024-01-17 10:03:43.841139,425.17,DISPATCHED,TRK000576,2024-07-14 13:04:11.980027
577,129,2024-06-06 09:14:09.743562,523.58,DELIVERED,TRK000577,2024-02-19 21:01:28.381795
578,418,2024-05-16 07:49:03.220103,459.31,DISPATCHED,TRK000578,2023-11-28 02:03:57.830818
579,814,2024-04-04 02:42:58.886954,676.44,PENDING,TRK000579,2024-11-06 01:10:09.056713
580,935,2024-10-29 09:17:27.244688,949.95,CONFIRMED,TRK000580,2024-02-22 10:46:26.556241
581,82,2024-10-10 00:31:37.791096,279.64,CONFIRMED,TRK000581,2023-01-26 18:47:13.543677
582,228,2024-10-23 05:48:20.869662,527.62,RETURNED,TRK000582,2024-01-09 02:42:08.835659
583,7,2024-05-02 15:19:14.393551,929.35,CONFIRMED,TRK000583,2024-02-17 13:41:39.095449
584,103,2023-06-04 00:51:11.156091,576.45,DELIVERED,TRK000584,2024-08-10 23:26:30.053927
585,243,2024-01-10 17:56:48.797621,260.76,DELIVERED,TRK000585,2024-05-14 15:05:45.566389
586,801,2024-02-15 23:17:15.686383,955.25,CONFIRMED,TRK000586,2024-10-27 23:12:08.275681
587,76,2023-09-23 01:53:23.609719,893.75,RETURNED,TRK000587,2024-07-17 21:51:42.832414
588,773,2024-03-18 20:34:10.529083,735.17,DISPATCHED,TRK000588,2023-12-13 04:25:19.728759
589,328,2023-04-18 03:33:45.357156,517.85,DISPATCHED,TRK000589,2024-01-06 05:29:33.801139
590,378,2024-07-29 20:17:47.968815,969.62,CONFIRMED,TRK000590,2024-04-10 18:06:25.634024
591,990,2024-07-11 10:39:32.677040,522.91,PENDING,TRK000591,2023-02-26 09:42:53.173878
592,445,2024-12-31 18:38:14.137424,390.38,CANCELLED,TRK000592,2024-08-03 00:31:21.240182
593,235,2023-01-19 15:11:52.655955,516.17,CONFIRMED,TRK000593,2023-06-12 16:22:50.712470
594,264,2023-11-02 13:42:25.579745,498.07,CONFIRMED,TRK000594,2023-09-09 02:57:16.745637
595,164,2024-03-30 20:02:25.767922,918.38,CONFIRMED,TRK000595,2024-08-22 17:15:45.902974
596,815,2023-02-08 05:46:27.040283,521.39,RETURNED,TRK000596,2024-06-30 06:58:45.926242
597,577,2024-05-26 15:09:54.710402,169.21,DISPATCHED,TRK000597,2023-05-03 23:55:54.124025
598,294,2024-10-08 22:47:41.410894,201.76,PENDING,TRK000598,2024-06-05 11:09:02.760921
599,187,2024-09-19 20:29:51.710432,841.55,CONFIRMED,TRK000599,2024-09-22 06:05:53.871295
600,773,2023-03-02 14:35:16.981932,751.75,CONFIRMED,TRK000600,2023-05-15 04:55:44.233840
601,485,2024-06-24 18:09:14.302804,180.38,DISPATCHED,TRK000601,2023-08-17 22:00:47.951003
602,949,2024-11-02 02:58:17.494710,634.68,RETURNED,TRK000602,2024-09-14 20:26:46.080012
603,877,2023-01-10 08:11:22.858260,483.49,DISPATCHED,TRK000603,2023-09-18 04:35:16.675335
604,691,2024-09-24 12:15:54.627221,327.89,PENDING,TRK000604,2023-08-14 14:04:40.756185
605,624,2023-11-17 09:07:44.695553,624.04,CONFIRMED,TRK000605,2023-07-28 09:52:17.127498
606,421,2023-09-10 16:46:28.849218,973.56,DISPATCHED,TRK000606,2024-11-08 03:39:11.000740
607,615,2024-02-25 23:32:49.842164,563.99,DELIVERED,TRK000607,2024-09-10 08:19:57.067028
608,452,2023-06-13 08:25:23.075869,290.19,CONFIRMED,TRK000608,2023-11-04 02:29:39.011608
609,662,2024-08-23 06:08:35.784738,349.46,CANCELLED,TRK000609,2024-01-17 17:24:47.102252
610,664,2023-11-25 03:59:41.883416,202.9,CONFIRMED,TRK000610,2024-09-17 21:13:58.030128
611,211,2023-10-31 00:29:12.229410,853.85,DELIVERED,TRK000611,2024-10-22 16:43:11.377650
612,273,2024-10-09 06:23:19.010866,571.05,RETURNED,TRK000612,2024-02-06 07:06:05.441044
613,879,2024-03-08 03:53:27.837453,892.9,DELIVERED,TRK000613,2024-01-18 01:03:46.558143
614,728,2024-07-22 06:14:04.169985,728.16,DISPATCHED,TRK000614,2023-11-08 13:59:41.832543
615,930,2023-05-26 21:23:11.212199,241.23,RETURNED,TRK000615,2024-01-07 06:13:42.501836
616,250,2024-09-28 00:55:08.258158,902.82,PENDING,TRK000616,2023-04-20 12:39:48.130281
617,395,2024-10-31 11:07:53.684867,737.39,PENDING,TRK000617,2024-01-26 14:13:51.859965
618,104,2024-06-29 10:41:54.192135,857.62,DISPATCHED,TRK000618,2024-02-18 03:03:41.321298
619,152,2023-10-06 15:01:07.142581,311.71,RETURNED,TRK000619,2023-11-13 15:26:07.603782
620,808,2023-07-17 18:47:54.470335,851.72,DELIVERED,TRK000620,2024-04-03 15:40:05.553297
621,749,2023-03-30 14:18:05.577975,309.63,CONFIRMED,TRK000621,2023-01-04 09:52:40.559393
622,508,2024-07-03 00:28:39.991786,767.97,PENDING,TRK000622,2024-03-12 20:58:39.885500
623,942,2023-03-31 07:40:36.959785,155.44,DELIVERED,TRK000623,2023-08-21 14:22:31.114896
624,566,2023-04-02 02:16:54.977972,231.45,PENDING,TRK000624,2023-01-31 12:09:47.456145
625,669,2024-06-15 01:41:03.118840,688.7,CANCELLED,TRK000625,2024-05-02 06:21:29.517069
626,580,2023-12-23 21:46:11.719980,197.92,PENDING,TRK000626,2024-06-07 05:18:47.455536
627,440,2023-12-05 03:37:35.712803,565.24,DISPATCHED,TRK000627,2024-09-27 14:32:01.439230
628,891,2023-09-28 21:05:39.247809,429.49,PENDING,TRK000628,2024-12-16 15:45:31.146890
629,515,2023-03-12 14:33:08.658735,190.87,CANCELLED,TRK000629,2023-11-04 11:22:32.533655
630,289,2024-11-30 01:19:23.395229,322.73,DELIVERED,TRK000630,2023-01-06 17:49:58.328345
631,818,2023-02-02 19:26:50.961713,595.58,DELIVERED,TRK000631,2023-11-27 03:41:17.091449
632,760,2024-12-05 00:07:58.188370,865.67,DELIVERED,TRK000632,2024-02-12 15:22:24.604165
633,889,2024-02-13 12:11:54.020091,841.54,DISPATCHED,TRK000633,2024-06-15 08:51:14.661448
634,35,2023-06-03 22:10:20.346285,420.96,CANCELLED,TRK000634,2024-06-17 21:08:33.828216
635,703,2023-07-26 22:27:46.528382,716.64,DELIVERED,TRK000635,2023-04-12 21:22:16.813178
636,394,2024-08-12 21:34:47.392224,673.82,PENDING,TRK000636,2024-08-20 07:13:53.635457
637,812,2024-01-12 09:36:53.526870,857.74,RETURNED,TRK000637,2024-08-19 11:50:36.377081
638,37,2024-07-12 10:14:14.500683,932.62,DELIVERED,TRK000638,2023-01-07 06:33:00.229265
639,103,2024-03-22 00:03:40.972706,913.49,RETURNED,TRK000639,2023-09-24 16:48:48.090230
640,845,2024-08-22 16:44:45.331776,914.3,CONFIRMED,TRK000640,2023-08-17 12:40:35.666787
641,250,2024-04-15 00:43:04.292996,744.13,DELIVERED,TRK000641,2023-09-20 04:38:37.232278
642,381,2023-04-08 06:09:29.192650,278.38,DISPATCHED,TRK000642,2024-06-30 18:53:53.889754
643,920,2023-07-28 21:09:26.748910,510.93,CONFIRMED,TRK000643,2023-09-13 06:34:47.861652
644,378,2023-12-23 10:36:51.824367,966.47,DELIVERED,TRK000644,2023-07-22 20:29:35.144391
645,673,2024-05-14 21:47:24.223672,143.1,PENDING,TRK000645,2024-03-23 06:34:08.639463
646,464,2024-04-25 08:22:54.272575,595.54,DELIVERED,TRK000646,2023-10-28 06:08:25.812079
647,222,2023-05-23 13:02:59.604419,315.78,DELIVERED,TRK000647,2024-07-16 07:16:42.425879
648,476,2023-07-28 15:30:48.410626,816.51,PENDING,TRK000648,2024-01-08 21:42:12.552674
649,116,2024-11-12 18:34:34.486788,664.13,RETURNED,TRK000649,2023-10-15 05:31:06.503859
650,28,2024-02-10 15:55:05.494328,299.39,CANCELLED,TRK000650,2023-11-21 09:14:45.158317
651,76,2023-10-31 22:54:51.867333,989.89,CANCELLED,TRK000651,2024-08-15 20:04:57.094059
652,865,2024-04-26 22:33:34.889966,233.02,DISPATCHED,TRK000652,2023-09-18 15:29:37.842041
653,14,2024-11-17 13:51:17.977871,303.13,DELIVERED,TRK000653,2024-11-25 21:23:45.009078
654,838,2024-04-15 08:34:00.591731,502.68,PENDING,TRK000654,2023-02-01 23:14:40.228893
655,733,2024-09-19 17:34:11.055637,548.25,CANCELLED,TRK000655,2023-03-01 03:51:21.581038
656,762,2023-03-19 12:38:09.091185,453.88,PENDING,TRK000656,2023-10-07 20:37:12.894133
657,453,2023-09-03 20:15:24.827732,415.9,CONFIRMED,TRK000657,2023-11-27 09:33:45.935667
658,852,2023-02-14 16:11:28.703532,877.42,CONFIRMED,TRK000658,2023-04-04 06:28:43.194510
659,142,2024-09-07 04:20:00.120454,482.77,CANCELLED,TRK000659,2023-07-27 17:38:26.965347
660,540,2024-09-18 09:43:54.527625,141.47,PENDING,TRK000660,2024-09-26 07:13:52.873448
661,825,2023-03-07 12:03:26.499850,607.89,PENDING,TRK000661,2024-06-05 16:44:09.233593
662,217,2023-07-06 12:11:37.970430,582.36,RETURNED,TRK000662,2024-12-02 04:39:50.378016
663,168,2024-06-16 21:29:09.787071,255.41,CANCELLED,TRK000663,2023-04-06 00:01:31.260700
664,432,2023-08-27 16:51:59.450538,547.14,CONFIRMED,TRK000664,2023-05-13 10:07:44.708924
665,540,2024-02-18 06:24:25.654646,762.13,RETURNED,TRK000665,2023-02-12 03:08:37.172918
666,328,2024-09-01 07:53:50.830527,269.34,RETURNED,TRK000666,2024-01-03 06:31:54.708616
667,765,2023-09-11 06:06:41.392700,873.06,DISPATCHED,TRK000667,2024-06-23 11:44:48.123882
668,456,2024-04-12 23:44:47.634618,131.91,PENDING,TRK000668,2023-04-25 15:32:56.355723
669,652,2023-12-06 18:10:44.867188,802.32,CONFIRMED,TRK000669,2024-04-19 13:01:04.894137
670,113,2024-05-01 15:06:44.961130,631.2,DELIVERED,TRK000670,2024-03-25 01:45:40.617341
671,484,2024-12-26 05:01:12.181073,613.87,CANCELLED,TRK000671,2023-11-26 21:09:40.766812
672,556,2024-11-19 00:39:38.646022,745.87,RETURNED,TRK000672,2023-10-13 04:45:59.297718
673,729,2023-12-08 23:31:43.232091,469.96,RETURNED,TRK000673,2024-12-01 12:23:56.638801
674,887,2023-08-22 22:34:26.546963,953.11,CANCELLED,TRK000674,2024-11-23 16:28:35.303552
675,426,2024-07-13 17:03:26.132348,639.18,DELIVERED,TRK000675,2024-02-27 04:03:38.896339
676,207,2024-05-14 08:27:47.624068,727.3,CONFIRMED,TRK000676,2024-08-26 17:43:07.970913
677,248,2023-11-02 15:00:36.039566,439.2,DISPATCHED,TRK000677,2024-01-16 23:46:55.314285
678,544,2023-12-07 00:45:22.247034,267.72,CONFIRMED,TRK000678,2024-02-06 11:15:09.051490
679,283,2024-12-23 05:38:38.739865,261.72,CANCELLED,TRK000679,2023-03-15 12:36:20.224709
680,361,2023-10-21 14:25:46.262776,683.91,DELIVERED,TRK000680,2024-05-14 14:31:49.869633
681,227,2024-04-23 09:52:57.769854,963.47,DISPATCHED,TRK000681,2024-03-27 10:44:26.640301
682,231,2023-07-15 15:08:50.510170,887.82,CANCELLED,TRK000682,2023-06-07 14:07:56.336853
683,229,2023-04-24 02:26:32.657718,517.24,DISPATCHED,TRK000683,2024-04-30 21:01:50.345683
684,778,2024-09-18 12:34:50.794143,461.19,CANCELLED,TRK000684,2023-11-30 01:08:01.053306
685,1,2023-02-06 13:08:34.725960,317.75,DELIVERED,TRK000685,2023-05-28 03:36:27.725669
686,202,2024-07-07 15:39:50.361153,927.93,CONFIRMED,TRK000686,2024-05-26 15:24:42.813111
687,23,2024-07-09 09:42:16.524520,658.63,CONFIRMED,TRK000687,2023-07-18 05:04:21.447921
688,4,2024-08-14 00:16:54.996007,791.5,DELIVERED,TRK000688,2024-10-25 13:58:45.231795
689,772,2023-01-03 15:59:08.859593,495.13,DELIVERED,TRK000689,2024-07-15 04:38:01.284596
690,473,2023-03-18 04:51:33.965552,283.94,RETURNED,TRK000690,2023-07-15 15:26:56.916647
691,560,2023-05-19 07:59:29.289964,868.22,CANCELLED,TRK000691,2024-03-06 17:43:32.690887
692,363,2024-01-13 10:49:18.189186,208.5,CONFIRMED,TRK000692,2024-04-10 13:15:45.902705
693,909,2024-10-02 17:04:17.759968,413.67,PENDING,TRK000693,2023-02-21 05:50:08.013171
694,245,2024-12-15 11:17:38.937894,112.3,DISPATCHED,TRK000694,2023-03-04 14:34:12.726031
695,404,2024-05-21 08:16:53.941048,791.09,CANCELLED,TRK000695,2024-04-23 22:54:25.481411
696,334,2024-08-30 07:58:00.037269,453.28,DISPATCHED,TRK000696,2023-05-29 20:17:09.014659
697,803,2024-10-09 08:08:50.104944,609.93,CONFIRMED,TRK000697,2024-07-27 16:19:43.679127
698,652,2024-04-01 04:41:29.277395,787.71,DISPATCHED,TRK000698,2023-02-11 14:32:24.121777
699,462,2024-05-28 15:51:45.792774,648.68,CONFIRMED,TRK000699,2023-09-12 01:55:59.006859
700,715,2023-07-15 21:12:19.124013,817.14,DELIVERED,TRK000700,2024-05-30 09:15:42.824329
701,170,2024-03-15 18:54:53.280041,712.13,PENDING,TRK000701,2023-04-17 16:12:07.465881
702,764,2023-07-07 12:38:56.580530,495.36,DISPATCHED,TRK000702,2024-06-17 05:31:16.845227
703,602,2024-03-20 19:11:51.942895,980.94,PENDING,TRK000703,2023-05-24 19:10:33.920603
704,208,2024-01-06 18:42:59.134890,574.54,DISPATCHED,TRK000704,2023-09-12 03:16:54.806525
705,250,2023-08-24 06:54:30.141944,605.32,DELIVERED,TRK000705,2024-11-01 11:54:50.596783
706,969,2023-01-10 15:15:21.779670,958.82,CONFIRMED,TRK000706,2023-04-24 08:01:54.300190
707,3,2024-04-22 23:40:26.652855,246.1,CONFIRMED,TRK000707,2023-07-25 17:40:21.462948
708,456,2024-06-04 19:05:18.990138,244.06,RETURNED,TRK000708,2023-03-22 21:30:24.071822
709,841,2023-11-27 22:32:01.571126,771.31,CONFIRMED,TRK000709,2024-08-11 14:52:07.901284
710,437,2023-04-15 16:05:14.385130,591.9,DELIVERED,TRK000710,2024-09-29 13:01:49.383103
711,522,2023-02-15 16:44:18.652627,658.57,CONFIRMED,TRK000711,2023-11-08 18:27:39.080540
712,407,2024-12-16 13:55:08.495373,821.77,CONFIRMED,TRK000712,2023-09-29 05:29:10.365688
713,877,2024-12-01 16:35:06.947498,794.31,DELIVERED,TRK000713,2024-01-01 02:38:51.294184
714,603,2023-05-07 13:43:54.832983,921.37,CANCELLED,TRK000714,2024-04-17 09:58:42.030115
715,834,2023-08-31 23:55:41.972477,103.12,CANCELLED,TRK000715,2023-03-30 04:10:03.053989
716,664,2023-07-04 11:27:18.850666,885.62,DISPATCHED,TRK000716,2023-01-12 21:54:47.779801
717,995,2023-02-04 14:54:30.310299,948.5,RETURNED,TRK000717,2023-10-25 22:54:44.566753
718,833,2023-10-09 19:38:55.129322,149.11,PENDING,TRK000718,2023-06-25 17:10:48.505260
719,989,2023-08-11 19:25:43.695896,188.22,DELIVERED,TRK000719,2023-04-16 06:42:17.932371
720,514,2023-08-28 15:18:06.925559,166.29,PENDING,TRK000720,2023-12-16 03:21:30.652276
721,834,2023-08-12 02:56:24.545111,188.36,DELIVERED,TRK000721,2024-12-06 20:08:12.469126
722,541,2024-08-21 22:58:36.683295,587.74,DELIVERED,TRK000722,2023-10-23 14:02:22.290530
723,508,2023-05-16 11:40:25.096170,855.07,DISPATCHED,TRK000723,2023-05-19 00:51:58.462599
724,737,2024-11-25 22:53:39.842652,317.21,PENDING,TRK000724,2024-03-27 10:13:25.082393
725,551,2023-02-19 03:42:57.806065,981.39,DELIVERED,TRK000725,2024-02-19 07:16:20.295715
726,996,2024-11-12 14:02:32.929164,757.26,CANCELLED,TRK000726,2023-03-02 08:00:39.677079
727,5,2024-09-06 14:59:06.676306,273.81,RETURNED,TRK000727,2023-01-04 12:30:59.348254
728,28,2023-10-24 17:02:01.259657,460.45,DISPATCHED,TRK000728,2024-05-03 06:53:24.923983
729,259,2023-12-16 08:10:09.812860,370.44,CONFIRMED,TRK000729,2024-11-30 17:11:10.181697
730,70,2024-12-16 03:22:39.706928,567.57,DELIVERED,TRK000730,2023-01-15 00:50:52.475884
731,787,2023-08-10 12:03:15.226184,590.95,DELIVERED,TRK000731,2023-05-15 16:05:52.061290
732,395,2024-08-16 15:51:20.023502,336.68,DELIVERED,TRK000732,2024-07-24 18:38:01.273877
733,670,2024-10-23 19:27:00.364057,492.1,DISPATCHED,TRK000733,2023-11-12 11:55:13.825058
734,102,2023-10-21 00:15:06.601584,506.05,DELIVERED,TRK000734,2024-11-06 09:50:54.546165
735,963,2023-07-04 20:44:56.058740,906.88,DISPATCHED,TRK000735,2024-05-10 08:13:23.874401
736,285,2024-01-02 07:36:45.634328,299.16,RETURNED,TRK000736,2023-05-06 08:39:17.134430
737,672,2023-04-21 20:11:55.949787,689.16,DELIVERED,TRK000737,2023-10-15 04:34:45.206425
738,468,2024-04-26 10:49:54.417278,155.64,CANCELLED,TRK000738,2023-04-17 18:02:19.337231
739,947,2024-09-20 01:42:31.787979,284.73,RETURNED,TRK000739,2023-04-06 02:42:10.069972
740,178,2024-07-17 11:36:20.665076,631.64,RETURNED,TRK000740,2024-10-25 19:38:46.262753
741,505,2023-12-02 05:46:59.308111,814.09,RETURNED,TRK000741,2024-05-14 02:20:24.919946
742,749,2024-06-26 02:42:46.889875,227.94,RETURNED,TRK000742,2024-05-17 05:29:28.874349
743,366,2023-12-27 13:50:30.050006,273.46,CANCELLED,TRK000743,2024-10-19 14:00:27.862729
744,434,2024-12-21 21:13:55.398130,867.32,CONFIRMED,TRK000744,2023-02-12 21:36:07.624296
745,744,2023-09-27 02:11:43.581669,323.12,RETURNED,TRK000745,2024-08-03 08:25:56.029317
746,553,2023-03-24 14:38:28.355232,770.87,CANCELLED,TRK000746,2023-03-24 16:39:03.309536
747,591,2024-09-16 13:38:01.168976,611.07,DELIVERED,TRK000747,2023-12-07 05:51:31.761557
748,540,2024-07-02 08:30:47.672469,819.87,RETURNED,TRK000748,2023-06-22 16:53:13.724854
749,360,2023-02-01 11:21:43.703685,779.83,DISPATCHED,TRK000749,2024-03-02 04:42:11.518283
750,728,2024-09-20 21:19:19.223582,820.06,PENDING,TRK000750,2024-04-18 08:15:01.035592
751,560,2023-05-13 08:34:47.654461,330.0,RETURNED,TRK000751,2024-05-20 22:40:28.321215
752,761,2023-06-05 09:09:10.727278,764.16,CANCELLED,TRK000752,2024-05-10 23:39:59.877064
753,619,2024-02-03 05:35:35.321963,484.9,RETURNED,TRK000753,2024-01-27 21:39:25.184947
754,525,2023-10-26 09:58:21.155156,223.39,PENDING,TRK000754,2024-03-26 00:04:51.729044
755,679,2023-11-17 06:32:23.200464,712.26,RETURNED,TRK000755,2024-03-11 09:42:41.741821
756,71,2024-08-31 16:27:54.102173,887.35,CANCELLED,TRK000756,2023-09-29 09:27:21.691497
757,957,2024-09-20 12:42:47.019750,840.68,DISPATCHED,TRK000757,2023-06-14 22:56:15.555914
758,739,2023-12-17 15:27:01.122120,379.45,DELIVERED,TRK000758,2023-07-25 03:45:16.974348
759,791,2024-09-15 17:49:01.615641,548.2,RETURNED,TRK000759,2024-11-05 16:16:39.110059
760,453,2024-04-25 05:30:28.511025,977.64,DISPATCHED,TRK000760,2024-05-23 07:11:01.404212
761,378,2024-07-28 20:09:04.916641,393.96,CONFIRMED,TRK000761,2024-07-16 17:08:36.395725
762,966,2023-10-12 18:06:21.672617,246.85,DISPATCHED,TRK000762,2024-12-19 06:26:11.160120
763,915,2024-10-17 11:28:27.427585,632.95,DISPATCHED,TRK000763,2024-04-08 20:30:00.339058
764,885,2024-04-18 06:46:07.644705,925.51,CANCELLED,TRK000764,2024-03-17 17:33:02.747260
765,27,2023-01-09 13:52:19.899391,204.06,CANCELLED,TRK000765,2024-12-22 01:29:29.663244
766,233,2024-04-28 02:33:19.200897,485.33,PENDING,TRK000766,2023-07-16 21:29:24.266592
767,493,2023-04-17 23:57:08.930300,532.88,CONFIRMED,TRK000767,2023-06-30 00:58:22.911853
768,736,2023-05-17 11:24:17.997246,149.21,DISPATCHED,TRK000768,2023-12-08 18:28:21.008940
769,844,2023-03-26 15:47:42.208371,362.39,DISPATCHED,TRK000769,2024-01-22 20:45:17.738897
770,532,2024-01-06 18:55:13.001024,378.68,PENDING,TRK000770,2023-10-15 21:11:28.958361
771,196,2024-10-05 10:00:15.352866,593.95,CANCELLED,TRK000771,2024-02-29 18:41:26.461981
772,959,2023-06-25 17:54:30.919760,452.64,DISPATCHED,TRK000772,2024-05-14 22:51:31.717715
773,200,2023-07-06 13:31:46.259343,988.61,PENDING,TRK000773,2023-02-23 16:33:14.645923
774,810,2024-03-15 11:57:21.088934,901.91,CONFIRMED,TRK000774,2024-04-28 03:21:07.237253
775,968,2024-11-26 11:28:36.079792,805.69,DISPATCHED,TRK000775,2024-01-29 10:22:31.142140
776,233,2023-01-19 13:28:57.376116,865.06,RETURNED,TRK000776,2024-09-25 13:35:44.500116
777,633,2023-10-13 13:47:58.673706,829.41,PENDING,TRK000777,2024-10-01 10:40:00.023573
778,703,2023-06-29 22:33:19.396110,964.15,DISPATCHED,TRK000778,2024-06-26 09:50:15.968933
779,509,2024-08-25 00:35:50.684021,198.49,PENDING,TRK000779,2023-12-31 00:00:06.339989
780,188,2024-11-03 13:10:26.993894,945.54,RETURNED,TRK000780,2023-11-12 07:04:35.150549
781,812,2023-05-23 21:46:35.954306,527.73,CANCELLED,TRK000781,2024-06-09 18:03:16.904982
782,152,2024-09-09 07:24:52.280128,381.68,CANCELLED,TRK000782,2024-07-21 03:26:04.176823
783,498,2024-11-20 21:21:21.959882,975.03,CANCELLED,TRK000783,2023-10-02 17:30:07.663353
784,227,2024-09-01 15:10:29.436852,107.16,RETURNED,TRK000784,2024-09-27 12:33:01.651664
785,790,2023-07-01 01:13:14.644161,523.2,CANCELLED,TRK000785,2024-10-17 19:44:30.228980
786,590,2023-11-27 11:12:37.607532,521.86,CANCELLED,TRK000786,2023-09-05 16:19:37.102291
787,674,2023-12-11 02:22:50.154605,520.58,RETURNED,TRK000787,2023-10-01 05:18:39.330096
788,877,2024-08-18 10:40:00.044689,568.05,RETURNED,TRK000788,2024-01-31 04:13:19.007704
789,961,2023-02-16 00:45:57.241875,278.02,DISPATCHED,TRK000789,2024-06-13 14:57:12.647317
790,847,2024-03-28 17:31:43.600418,290.61,CANCELLED,TRK000790,2023-01-03 01:00:57.219970
791,254,2024-11-23 00:46:55.745323,591.4,DISPATCHED,TRK000791,2023-05-07 17:20:51.573642
792,605,2023-11-09 05:41:03.792504,959.99,CANCELLED,TRK000792,2024-09-05 03:48:27.071265
793,698,2024-07-12 01:52:09.561847,837.64,RETURNED,TRK000793,2024-06-12 00:21:24.266303
794,833,2023-06-28 12:13:44.866080,575.79,DELIVERED,TRK000794,2024-09-19 13:40:34.132103
795,525,2023-11-22 10:07:00.708333,860.83,DISPATCHED,TRK000795,2023-03-10 12:56:43.809521
796,28,2023-06-23 07:55:21.693544,374.87,PENDING,TRK000796,2023-02-22 20:51:59.480777
797,287,2024-08-07 17:26:06.693461,655.25,DELIVERED,TRK000797,2024-11-21 15:41:52.852179
798,392,2024-01-19 08:26:57.425725,476.57,RETURNED,TRK000798,2023-08-23 12:20:41.906360
799,489,2024-01-27 12:47:45.697509,734.58,DELIVERED,TRK000799,2023-04-04 19:50:00.281210
800,369,2024-10-12 05:54:28.343977,122.62,DELIVERED,TRK000800,2023-03-28 09:12:08.719244
801,189,2024-06-28 22:42:54.167017,119.67,DELIVERED,TRK000801,2023-01-25 05:18:17.761389
802,315,2023-03-10 19:07:59.955691,901.82,DELIVERED,TRK000802,2024-08-23 08:34:58.378051
803,714,2024-11-03 12:12:37.325633,817.64,CONFIRMED,TRK000803,2024-05-26 04:27:05.059685
804,824,2023-03-27 09:44:49.250392,340.56,DELIVERED,TRK000804,2024-03-11 22:12:53.294577
805,486,2023-04-11 03:48:50.392468,124.03,RETURNED,TRK000805,2024-09-01 09:35:10.675671
806,968,2024-12-23 00:01:51.005984,585.09,CANCELLED,TRK000806,2023-01-17 21:12:48.098310
807,744,2023-05-06 17:39:07.104646,332.14,CANCELLED,TRK000807,2023-03-06 06:34:34.196812
808,49,2024-12-11 09:55:53.048408,924.87,DELIVERED,TRK000808,2024-05-01 07:32:59.932475
809,998,2024-06-15 23:02:10.280668,462.6,PENDING,TRK000809,2023-08-20 23:28:33.009199
810,839,2023-02-05 07:14:48.399340,596.66,DELIVERED,TRK000810,2024-04-21 10:26:06.021658
811,757,2024-04-21 14:09:23.178522,794.64,CANCELLED,TRK000811,2023-08-22 02:38:31.346750
812,654,2024-06-07 19:32:00.904506,133.47,DISPATCHED,TRK000812,2023-11-13 11:30:01.857789
813,750,2023-01-23 14:14:14.306390,253.49,DELIVERED,TRK000813,2024-03-01 17:05:06.030893
814,792,2023-08-29 08:26:43.526054,645.15,DISPATCHED,TRK000814,2024-11-25 11:09:24.035759
815,364,2023-04-15 02:36:58.455706,356.5,CONFIRMED,TRK000815,2024-06-18 22:19:20.613198
816,952,2024-07-31 15:58:13.614841,691.26,PENDING,TRK000816,2023-03-14 13:09:53.454695
817,184,2024-11-01 10:41:47.212652,428.6,DELIVERED,TRK000817,2024-06-02 13:12:10.250123
818,498,2023-05-25 01:29:10.430817,938.84,DISPATCHED,TRK000818,2023-12-20 14:29:05.847240
819,67,2023-09-18 01:48:28.452242,724.93,CONFIRMED,TRK000819,2023-10-03 10:06:47.023270
820,91,2023-09-27 16:03:27.569152,857.22,DELIVERED,TRK000820,2024-12-15 10:04:57.631769
821,621,2024-04-07 22:55:01.085571,848.46,CANCELLED,TRK000821,2023-01-09 18:36:59.962474
822,81,2023-02-10 01:28:47.568815,111.65,DISPATCHED,TRK000822,2023-01-18 00:30:54.458715
823,700,2023-12-16 16:06:25.012523,686.49,CANCELLED,TRK000823,2023-03-12 02:12:14.555610
824,330,2023-11-13 03:30:21.560454,927.84,CONFIRMED,TRK000824,2024-09-02 18:32:23.316144
825,466,2024-09-23 08:13:20.495230,888.5,CANCELLED,TRK000825,2024-06-07 13:58:07.463997
826,723,2023-09-06 00:09:00.924466,130.21,DISPATCHED,TRK000826,2024-01-13 21:44:29.334934
827,590,2023-10-28 23:19:31.472870,308.19,CONFIRMED,TRK000827,2023-03-22 16:13:59.997309
828,767,2023-04-05 23:42:06.295693,931.66,RETURNED,TRK000828,2024-09-29 06:59:28.193145
829,511,2023-09-07 00:43:31.936699,607.17,PENDING,TRK000829,2024-10-09 05:42:17.200006
830,598,2023-09-11 20:46:08.666883,468.82,CONFIRMED,TRK000830,2023-07-07 18:20:30.452252
831,917,2023-10-09 20:46:21.084335,504.64,CANCELLED,TRK000831,2024-02-01 04:55:58.713872
832,122,2024-12-16 05:07:17.307897,930.25,DELIVERED,TRK000832,2024-12-09 17:35:15.395788
833,116,2023-12-07 09:02:34.207023,310.33,CONFIRMED,TRK000833,2024-01-05 07:41:55.304085
834,380,2024-11-06 17:59:03.512615,168.2,CANCELLED,TRK000834,2024-04-28 02:02:53.134802
835,318,2024-08-03 23:14:46.535239,498.67,PENDING,TRK000835,2024-01-12 11:57:03.650554
836,527,2024-05-24 13:28:51.966904,642.09,CONFIRMED,TRK000836,2024-05-05 23:49:54.149516
837,724,2024-07-02 20:47:36.007280,195.15,RETURNED,TRK000837,2023-06-14 19:04:16.596518
838,506,2023-09-08 06:19:06.261514,356.72,RETURNED,TRK000838,2023-09-05 23:16:17.462932
839,102,2023-08-13 16:09:26.686199,374.27,DISPATCHED,TRK000839,2024-07-09 23:43:22.256990
840,401,2024-09-29 17:26:59.744375,264.75,DISPATCHED,TRK000840,2023-06-14 02:55:51.339516
841,825,2024-11-16 02:56:58.432402,872.42,CANCELLED,TRK000841,2023-01-02 01:56:46.709287
842,414,2023-05-05 06:31:30.129927,186.49,PENDING,TRK000842,2023-09-26 05:56:18.416844
843,954,2023-01-24 19:51:42.441803,760.08,DELIVERED,TRK000843,2023-07-20 21:00:36.491215
844,777,2024-01-02 19:28:42.248584,209.55,CONFIRMED,TRK000844,2023-03-04 15:14:53.367176
845,10,2024-04-01 05:56:01.755491,487.52,DISPATCHED,TRK000845,2023-05-21 18:12:02.659039
846,396,2023-11-12 15:24:49.300873,731.35,CONFIRMED,TRK000846,2024-10-23 07:29:12.724042
847,14,2023-01-11 14:50:01.119014,226.97,DISPATCHED,TRK000847,2023-07-01 19:31:28.673423
848,368,2023-04-19 00:18:38.072393,559.63,PENDING,TRK000848,2024-01-31 21:00:56.739586
849,264,2023-01-20 08:46:29.305007,836.66,RETURNED,TRK000849,2024-04-05 01:19:39.026819
850,120,2024-04-28 16:39:28.333271,976.12,RETURNED,TRK000850,2024-07-29 11:09:24.187455
851,857,2023-01-15 16:29:37.689632,193.73,CANCELLED,TRK000851,2023-04-24 22:34:07.455786
852,803,2023-05-31 14:47:07.713098,314.14,DISPATCHED,TRK000852,2023-04-10 21:07:12.186612
853,638,2024-05-24 08:35:33.094465,813.81,PENDING,TRK000853,2024-05-12 13:15:44.036385
854,485,2024-10-26 13:56:13.626943,376.23,PENDING,TRK000854,2024-11-21 10:04:41.157997
855,456,2024-03-11 21:45:47.481864,667.0,DISPATCHED,TRK000855,2024-04-26 00:17:56.027697
856,24,2023-12-10 05:07:08.704219,765.07,DELIVERED,TRK000856,2024-05-01 12:59:30.766502
857,687,2024-07-14 04:41:53.312621,975.11,CONFIRMED,TRK000857,2024-03-06 12:48:08.756725
858,741,2024-03-26 20:53:51.731975,581.71,DISPATCHED,TRK000858,2023-04-04 14:34:24.457288
859,451,2024-02-04 19:28:34.468878,691.68,PENDING,TRK000859,2023-04-26 16:41:26.770760
860,786,2023-03-22 09:23:07.459190,848.07,PENDING,TRK000860,2023-04-06 02:44:26.554977
861,655,2024-02-26 17:07:36.528962,668.21,DELIVERED,TRK000861,2023-05-15 14:42:26.030705
862,694,2023-09-08 08:57:42.817801,270.93,PENDING,TRK000862,2024-11-21 21:26:10.589575
863,567,2024-04-27 09:38:35.375992,858.63,RETURNED,TRK000863,2024-09-11 18:13:55.725354
864,114,2024-09-04 10:54:35.967114,374.77,DELIVERED,TRK000864,2024-09-20 15:20:00.079168
865,725,2023-09-28 06:03:46.357114,874.93,DISPATCHED,TRK000865,2024-07-02 05:18:26.723765
866,452,2024-10-16 09:15:50.460216,982.63,PENDING,TRK000866,2023-08-03 15:36:32.810919
867,172,2024-03-08 03:47:27.576865,308.66,CONFIRMED,TRK000867,2023-01-07 11:56:47.925088
868,310,2024-07-21 11:19:40.507739,381.27,CONFIRMED,TRK000868,2024-09-28 13:39:02.954277
869,68,2023-09-20 01:51:04.486333,218.78,CANCELLED,TRK000869,2023-12-14 01:46:13.295017
870,294,2023-10-29 07:19:15.420951,128.82,PENDING,TRK000870,2023-08-10 02:20:48.250218
871,455,2023-04-06 15:01:40.151700,222.66,RETURNED,TRK000871,2023-10-26 14:27:36.641633
872,198,2023-05-26 19:53:13.688753,521.82,DELIVERED,TRK000872,2023-07-15 14:00:44.341524
873,683,2023-08-24 22:13:47.505176,891.01,CANCELLED,TRK000873,2023-09-11 20:11:54.049091
874,152,2023-01-23 14:30:30.987339,347.09,CANCELLED,TRK000874,2023-06-30 10:22:35.615638
875,899,2024-07-22 02:10:30.842955,113.68,DISPATCHED,TRK000875,2023-07-14 10:42:00.449145
876,854,2023-04-01 09:58:59.657798,795.86,DELIVERED,TRK000876,2023-09-23 00:10:18.610618
877,869,2024-08-04 00:31:12.775950,742.08,PENDING,TRK000877,2023-01-19 19:17:14.013041
878,172,2023-11-20 13:40:56.452519,962.26,CANCELLED,TRK000878,2023-10-24 01:17:49.691396
879,579,2023-01-28 17:03:28.141329,715.71,CONFIRMED,TRK000879,2024-03-05 02:35:21.098140
880,971,2023-02-18 17:42:59.143207,234.46,DISPATCHED,TRK000880,2023-01-21 15:45:40.465428
881,348,2023-01-08 23:31:31.733820,402.23,PENDING,TRK000881,2024-08-30 04:55:24.125372
882,895,2024-07-20 16:34:29.494180,439.17,DELIVERED,TRK000882,2024-11-01 01:09:26.944986
883,519,2024-04-10 22:04:08.285582,232.89,CANCELLED,TRK000883,2023-02-02 22:39:43.899696
884,513,2023-12-22 15:29:20.911789,893.47,PENDING,TRK000884,2024-10-16 04:38:01.343418
885,381,2023-01-20 18:10:31.437665,917.36,DELIVERED,TRK000885,2024-04-01 05:22:32.018667
886,329,2024-08-04 01:08:39.026704,705.2,RETURNED,TRK000886,2024-07-18 03:34:21.591314
887,820,2024-02-26 03:07:48.654702,161.94,DELIVERED,TRK000887,2023-05-02 08:56:25.191797
888,62,2024-10-28 02:11:41.458086,209.47,PENDING,TRK000888,2023-10-23 18:02:46.443072
889,272,2023-05-21 13:12:27.233073,626.51,CANCELLED,TRK000889,2024-08-01 04:04:15.628935
890,554,2024-12-03 12:41:40.337088,829.32,RETURNED,TRK000890,2023-01-19 05:31:59.376541
891,371,2023-06-13 22:43:08.126463,380.0,CANCELLED,TRK000891,2023-04-10 01:17:10.781166
892,413,2024-10-13 09:15:59.769180,506.82,CONFIRMED,TRK000892,2024-01-04 06:33:24.271090
893,862,2023-09-11 18:31:24.987723,382.38,DELIVERED,TRK000893,2024-07-04 02:02:18.755598
894,387,2023-03-29 04:36:44.285539,617.26,DELIVERED,TRK000894,2023-05-21 22:26:06.966761
895,537,2023-08-10 11:23:17.552625,739.08,RETURNED,TRK000895,2023-07-12 01:54:28.827818
896,527,2024-01-22 09:59:35.450266,527.66,RETURNED,TRK000896,2024-01-30 19:13:14.847517
897,783,2024-01-27 09:43:22.464952,967.04,RETURNED,TRK000897,2023-05-11 20:49:08.943171
898,446,2024-02-14 15:08:38.060972,348.48,DISPATCHED,TRK000898,2023-04-21 19:03:24.821015
899,432,2023-12-22 00:32:16.344307,694.6,PENDING,TRK000899,2023-07-25 05:06:38.473310
900,921,2023-08-04 19:06:57.473395,146.3,DELIVERED,TRK000900,2024-08-21 05:55:05.269778
901,722,2024-02-02 03:27:24.687490,310.03,DELIVERED,TRK000901,2023-03-08 13:00:30.215746
902,760,2023-08-11 03:28:51.455320,233.89,RETURNED,TRK000902,2023-09-04 23:02:06.355136
903,235,2024-03-10 13:28:51.106929,139.93,CANCELLED,TRK000903,2023-03-05 04:54:02.455172
904,757,2024-06-02 09:00:06.866269,697.36,PENDING,TRK000904,2023-04-05 08:04:57.060710
905,797,2023-12-06 05:26:15.372806,886.63,CANCELLED,TRK000905,2023-03-24 01:31:17.042254
906,299,2024-12-11 17:52:50.238030,342.37,DISPATCHED,TRK000906,2023-08-31 03:20:03.456506
907,78,2023-08-31 02:29:21.871552,828.07,DISPATCHED,TRK000907,2023-09-28 16:11:08.748833
908,245,2024-04-01 15:54:27.434472,105.63,CONFIRMED,TRK000908,2024-10-23 14:15:00.484084
909,572,2024-09-11 14:59:31.219891,244.21,CANCELLED,TRK000909,2024-10-10 07:25:26.902019
910,853,2023-05-20 05:42:23.956615,116.18,PENDING,TRK000910,2024-06-27 00:59:39.792326
911,894,2024-10-27 02:58:24.245154,555.62,RETURNED,TRK000911,2024-11-08 23:35:34.987234
912,562,2024-01-25 08:03:35.006195,460.48,PENDING,TRK000912,2024-12-18 09:57:08.771131
913,123,2024-07-31 17:20:45.648362,317.95,PENDING,TRK000913,2023-02-02 11:45:00.206745
914,394,2024-11-14 22:41:58.132037,285.11,DISPATCHED,TRK000914,2023-12-27 13:58:20.180519
915,625,2023-07-01 09:47:29.887951,544.1,PENDING,TRK000915,2024-10-17 13:27:11.294493
916,375,2024-07-11 21:23:00.825918,204.36,DISPATCHED,TRK000916,2024-03-07 21:53:30.636219
917,668,2024-04-10 15:40:53.777561,914.39,CANCELLED,TRK000917,2024-11-13 23:46:41.505306
918,168,2023-01-30 14:46:59.822236,718.9,DELIVERED,TRK000918,2024-04-14 19:52:24.372690
919,971,2024-04-02 08:32:02.919916,999.42,CANCELLED,TRK000919,2023-03-31 13:44:20.883857
920,105,2024-05-04 16:10:41.851111,474.38,CONFIRMED,TRK000920,2023-01-15 19:14:35.017261
921,479,2023-05-30 23:37:22.508807,319.23,DELIVERED,TRK000921,2024-08-18 01:37:10.474959
922,373,2024-04-29 20:30:55.005607,664.7,DELIVERED,TRK000922,2024-02-23 07:59:12.544478
923,366,2023-03-23 14:45:34.513713,805.92,DISPATCHED,TRK000923,2024-05-29 10:55:53.796619
924,159,2023-01-24 13:59:09.295121,811.49,CONFIRMED,TRK000924,2023-01-01 07:37:21.526373
925,787,2023-09-22 01:10:47.527250,515.8,CANCELLED,TRK000925,2024-08-20 05:51:14.119481
926,650,2024-10-18 04:40:46.521630,465.05,RETURNED,TRK000926,2023-08-01 13:14:56.181212
927,976,2024-09-17 23:48:22.640504,835.73,CONFIRMED,TRK000927,2024-07-18 18:08:31.464917
928,381,2023-08-01 12:27:05.388054,443.27,DISPATCHED,TRK000928,2023-01-26 16:13:54.578940
929,670,2024-09-07 11:33:11.746444,808.95,RETURNED,TRK000929,2023-05-23 02:57:47.504771
930,15,2023-04-23 17:16:44.310307,588.38,DISPATCHED,TRK000930,2024-05-11 21:05:20.282463
931,953,2024-09-17 22:51:02.286506,211.49,RETURNED,TRK000931,2024-02-07 19:16:03.472842
932,686,2023-04-28 09:50:09.093977,111.15,CONFIRMED,TRK000932,2024-10-13 12:45:41.609070
933,888,2023-12-27 06:03:44.603073,873.89,CONFIRMED,TRK000933,2024-04-09 13:21:30.148696
934,252,2024-03-10 17:43:25.391104,978.2,CONFIRMED,TRK000934,2023-02-11 07:28:50.125875
935,106,2023-04-04 04:50:25.677462,289.35,PENDING,TRK000935,2024-03-27 08:25:12.892820
936,618,2023-04-22 12:44:24.863207,568.67,RETURNED,TRK000936,2023-05-31 10:50:46.377490
937,285,2024-03-16 16:05:25.980166,281.98,DISPATCHED,TRK000937,2023-11-28 12:01:47.047822
938,631,2024-03-16 12:04:42.084383,419.26,DELIVERED,TRK000938,2023-01-10 19:47:14.152775
939,225,2023-02-07 16:31:30.365929,745.76,CANCELLED,TRK000939,2023-01-06 04:08:06.933174
940,438,2023-02-25 12:06:32.772468,145.1,RETURNED,TRK000940,2023-06-17 21:34:08.346633
941,378,2024-10-28 03:23:48.024576,907.28,DELIVERED,TRK000941,2024-03-25 15:19:04.181577
942,236,2024-08-16 01:15:13.388302,999.87,CONFIRMED,TRK000942,2023-11-15 20:59:55.721699
943,783,2024-06-11 09:40:15.994769,877.35,RETURNED,TRK000943,2023-05-22 16:51:39.790183
944,113,2024-04-19 03:14:04.961354,536.68,PENDING,TRK000944,2023-06-12 19:29:18.149049
945,468,2023-05-20 18:20:11.043941,600.14,CONFIRMED,TRK000945,2023-01-30 17:37:40.140537
946,587,2023-10-01 11:34:46.497709,869.44,CANCELLED,TRK000946,2024-03-24 16:05:33.011443
947,857,2024-06-18 00:04:00.824166,148.83,DISPATCHED,TRK000947,2024-10-26 12:56:01.813610
948,926,2024-11-11 15:29:01.853790,500.72,DISPATCHED,TRK000948,2024-11-10 22:21:36.746548
949,182,2023-07-01 09:52:00.535188,892.4,CANCELLED,TRK000949,2024-10-31 07:50:16.179059
950,977,2023-08-04 08:19:28.536302,159.96,CANCELLED,TRK000950,2024-08-24 13:58:41.693258
951,354,2024-02-12 14:10:08.490377,964.88,DISPATCHED,TRK000951,2024-05-28 17:44:04.456635
952,305,2023-10-05 09:17:20.100450,100.72,CONFIRMED,TRK000952,2024-08-15 14:41:48.878823
953,260,2023-03-05 12:43:17.935334,710.58,RETURNED,TRK000953,2023-03-11 17:39:28.153215
954,127,2023-06-03 04:45:55.622129,922.97,CANCELLED,TRK000954,2023-04-16 03:48:16.653279
955,910,2024-12-01 10:08:50.191715,114.4,PENDING,TRK000955,2024-03-17 16:51:27.466606
956,248,2024-03-11 21:58:19.465071,872.26,RETURNED,TRK000956,2024-09-05 01:51:14.809191
957,897,2024-02-17 21:48:41.345151,561.33,CANCELLED,TRK000957,2023-07-26 07:00:34.851585
958,103,2023-05-25 18:07:04.815396,199.26,DISPATCHED,TRK000958,2023-01-05 08:50:10.292939
959,865,2023-08-16 09:21:52.687683,609.22,DELIVERED,TRK000959,2024-03-30 17:50:34.928004
960,775,2024-10-18 19:32:47.272183,857.07,DELIVERED,TRK000960,2023-01-04 04:10:50.919924
961,224,2023-03-08 22:33:20.170308,211.46,PENDING,TRK000961,2023-03-29 09:49:48.205537
962,236,2023-01-17 18:24:53.201650,177.14,DELIVERED,TRK000962,2024-05-06 03:59:13.874487
963,531,2024-10-08 08:39:04.653342,157.75,DISPATCHED,TRK000963,2024-12-07 13:56:58.317883
964,144,2024-06-15 01:47:09.287302,732.3,CANCELLED,TRK000964,2024-12-05 19:39:55.456785
965,487,2023-09-14 03:24:37.361453,123.88,DELIVERED,TRK000965,2024-12-23 11:11:05.911193
966,890,2024-01-27 18:25:14.458466,358.32,DISPATCHED,TRK000966,2024-07-13 08:23:08.085314
967,848,2023-08-19 11:53:37.307020,593.06,PENDING,TRK000967,2024-02-15 19:57:21.519765
968,905,2023-03-11 22:47:55.746431,939.03,PENDING,TRK000968,2023-02-21 22:17:10.525892
969,472,2024-06-22 10:03:11.918869,988.9,PENDING,TRK000969,2023-08-11 05:49:53.471647
970,265,2024-07-05 10:43:55.344636,615.09,CONFIRMED,TRK000970,2023-04-19 14:34:13.388609
971,403,2024-10-27 13:43:49.570585,357.01,PENDING,TRK000971,2023-09-24 10:09:36.653999
972,146,2023-02-11 07:35:08.197651,719.14,PENDING,TRK000972,2024-07-25 18:03:55.869489
973,120,2024-07-22 21:44:42.362870,152.24,CONFIRMED,TRK000973,2023-01-13 15:25:06.880034
974,445,2023-09-04 06:54:51.332985,192.14,PENDING,TRK000974,2024-04-10 22:35:14.879622
975,131,2024-09-11 10:52:53.480281,341.22,RETURNED,TRK000975,2023-01-14 17:11:57.393718
976,130,2024-08-06 02:31:51.367199,775.48,DELIVERED,TRK000976,2023-07-06 21:48:49.728248
977,159,2023-01-18 17:43:53.903164,687.46,DISPATCHED,TRK000977,2023-11-16 04:46:57.388115
978,310,2024-01-21 23:46:22.355307,817.69,CONFIRMED,TRK000978,2024-09-25 17:33:31.516484
979,580,2024-10-21 03:29:40.110083,153.82,RETURNED,TRK000979,2024-07-04 09:07:35.664680
980,339,2023-09-19 10:02:11.907922,305.19,RETURNED,TRK000980,2023-08-24 03:30:09.039277
981,119,2024-05-03 07:29:39.473299,396.54,DELIVERED,TRK000981,2024-05-20 04:30:42.316379
982,907,2024-12-29 15:04:35.238817,488.19,DISPATCHED,TRK000982,2023-01-30 17:58:33.178818
983,612,2023-02-27 06:41:54.115866,276.38,CONFIRMED,TRK000983,2024-09-01 11:05:19.873888
984,581,2024-01-04 23:22:55.476399,890.9,DISPATCHED,TRK000984,2024-10-03 17:42:12.649605
985,966,2024-08-10 00:07:31.169190,791.52,DELIVERED,TRK000985,2024-08-30 17:01:28.956840
986,298,2023-12-05 15:56:59.393208,326.33,CANCELLED,TRK000986,2024-06-20 12:10:16.750677
987,148,2023-05-10 20:42:03.723089,268.18,DELIVERED,TRK000987,2023-09-27 14:39:49.072635
988,281,2023-08-05 16:36:41.737116,145.27,PENDING,TRK000988,2024-10-01 06:30:35.487963
989,531,2024-09-25 13:37:12.598018,384.33,DELIVERED,TRK000989,2024-03-10 15:53:40.183403
990,669,2024-12-30 11:04:38.141802,910.12,DELIVERED,TRK000990,2024-02-28 06:01:38.756981
991,132,2023-05-12 12:05:51.767035,453.81,DISPATCHED,TRK000991,2023-06-12 10:47:27.585075
992,92,2023-05-24 06:54:27.235271,279.82,DISPATCHED,TRK000992,2024-07-27 21:03:33.902021
993,702,2023-10-24 17:43:52.489713,371.74,RETURNED,TRK000993,2023-12-08 05:54:00.941378
994,550,2024-11-06 14:14:50.174554,257.38,PENDING,TRK000994,2023-07-25 01:34:56.924052
995,600,2024-02-28 05:39:20.171918,741.72,DELIVERED,TRK000995,2023-07-02 04:52:36.532206
996,945,2023-08-07 13:19:04.829342,741.7,PENDING,TRK000996,2024-09-17 16:27:18.669711
997,841,2023-03-16 13:42:59.310014,217.38,CANCELLED,TRK000997,2024-07-11 01:50:32.248515
998,735,2023-07-23 18:47:09.225155,838.42,DELIVERED,TRK000998,2024-02-24 18:24:27.759974
999,783,2024-07-21 06:54:46.384641,540.17,DELIVERED,TRK000999,2024-04-08 14:49:10.451583
1000,808,2024-01-08 12:08:12.512562,234.45,CANCELLED,TRK001000,2024-09-18 06:43:47.060961
