id,order_id,payment_method,transaction_id,amount,status,paid_at
1,93,Credit Card,TXN000001,239.13,PENDING,2024-07-02 11:30:37.961064
2,471,Mobile Money,TXN000002,500.61,PENDING,2023-02-15 00:29:45.137411
3,249,Credit Card,TXN000003,447.9,PENDING,2023-03-29 01:02:47.245258
4,10,Credit Card,TXN000004,406.63,PENDING,2024-02-09 14:43:38.032054
5,665,Mobile Money,TXN000005,497.25,PENDING,2024-08-27 03:09:43.767552
6,644,Bank Transfer,TXN000006,729.37,PAID,2024-06-20 19:09:33.813305
7,44,Bank Transfer,TXN000007,996.58,PAID,2023-05-11 21:37:06.392935
8,74,Credit Card,TXN000008,823.72,PAID,2023-06-20 15:25:22.502417
9,57,Mobile Money,TXN000009,307.5,FAILED,2024-10-10 03:38:40.239460
10,163,Mobile Money,TXN000010,858.2,PENDING,2024-03-02 14:24:26.359375
11,835,Credit Card,TXN000011,717.43,PAID,2023-03-11 12:29:51.673144
12,134,Mobile Money,TXN000012,722.5,FAILED,2024-03-03 01:03:30.313010
13,801,Mobile Money,TXN000013,393.34,FAILED,2024-01-02 15:18:56.773419
14,201,Credit Card,TXN000014,804.35,PENDING,2024-10-11 14:50:23.558714
15,99,Credit Card,TXN000015,177.0,PENDING,2024-12-04 12:07:01.388960
16,242,Mobile Money,TXN000016,750.94,PAID,2024-05-31 04:42:10.042999
17,522,Credit Card,TXN000017,323.0,PENDING,2024-02-19 20:11:06.800302
18,218,Bank Transfer,TXN000018,155.37,PENDING,2023-06-29 07:09:40.176645
19,784,Credit Card,TXN000019,915.24,PENDING,2023-11-30 02:05:51.069541
20,257,Mobile Money,TXN000020,965.84,FAILED,2023-03-24 04:11:23.220245
21,357,Credit Card,TXN000021,667.97,PENDING,2024-10-25 07:02:59.747685
22,615,Bank Transfer,TXN000022,893.48,PENDING,2024-11-29 20:00:00.858878
23,525,Bank Transfer,TXN000023,989.48,PAID,2024-11-27 15:38:26.096529
24,830,Bank Transfer,TXN000024,553.3,FAILED,2024-05-27 01:14:27.065860
25,480,Mobile Money,TXN000025,833.32,PENDING,2023-09-07 01:42:04.886698
26,131,Credit Card,TXN000026,658.68,PENDING,2023-08-20 17:55:22.354738
27,754,Credit Card,TXN000027,140.01,FAILED,2023-03-17 20:06:50.834305
28,811,Mobile Money,TXN000028,812.57,FAILED,2024-12-01 19:41:45.843369
29,818,Mobile Money,TXN000029,784.85,FAILED,2023-01-02 05:16:07.315400
30,408,Bank Transfer,TXN000030,963.03,FAILED,2024-05-19 16:01:29.285850
31,452,Credit Card,TXN000031,540.61,PAID,2023-12-14 18:05:41.593800
32,888,Bank Transfer,TXN000032,111.5,PAID,2024-03-22 00:23:36.712877
33,357,Credit Card,TXN000033,867.23,FAILED,2024-03-16 19:27:57.142010
34,551,Bank Transfer,TXN000034,877.48,FAILED,2023-05-04 10:02:39.255152
35,902,Credit Card,TXN000035,723.84,PENDING,2024-12-15 09:49:34.334567
36,893,Bank Transfer,TXN000036,648.25,FAILED,2023-06-28 04:56:28.591164
37,450,Bank Transfer,TXN000037,938.51,FAILED,2024-03-04 12:54:52.188844
38,924,Mobile Money,TXN000038,542.83,PENDING,2023-04-06 14:26:39.071920
39,663,Mobile Money,TXN000039,685.11,FAILED,2023-11-05 09:38:47.824894
40,574,Credit Card,TXN000040,334.0,PENDING,2024-10-09 05:18:58.657201
41,447,Mobile Money,TXN000041,485.47,PAID,2024-10-17 04:05:45.174612
42,375,Mobile Money,TXN000042,515.66,PAID,2023-01-21 05:37:01.050929
43,1000,Mobile Money,TXN000043,356.34,PENDING,2024-03-31 11:47:21.817476
44,534,Mobile Money,TXN000044,709.92,PAID,2023-11-06 17:35:11.203266
45,115,Mobile Money,TXN000045,743.31,PAID,2023-09-21 05:06:28.500803
46,426,Credit Card,TXN000046,683.96,FAILED,2024-01-30 10:44:09.437911
47,351,Bank Transfer,TXN000047,888.67,PENDING,2024-01-28 13:59:03.039974
48,757,Credit Card,TXN000048,234.35,FAILED,2023-12-23 01:46:42.146369
49,311,Bank Transfer,TXN000049,152.01,PAID,2023-04-29 00:39:43.372215
50,373,Mobile Money,TXN000050,363.85,PENDING,2023-08-02 11:29:41.118022
51,314,Mobile Money,TXN000051,453.14,PENDING,2024-04-25 17:00:09.187869
52,400,Credit Card,TXN000052,830.74,FAILED,2024-09-25 21:08:33.929618
53,493,Mobile Money,TXN000053,188.57,PAID,2024-06-03 08:19:04.580720
54,895,Mobile Money,TXN000054,102.68,PAID,2023-06-01 10:45:07.607158
55,230,Bank Transfer,TXN000055,978.74,FAILED,2024-05-18 06:38:18.638923
56,453,Mobile Money,TXN000056,826.35,PENDING,2023-02-15 10:11:04.729822
57,496,Credit Card,TXN000057,405.7,PENDING,2023-09-14 23:07:52.150715
58,371,Bank Transfer,TXN000058,291.85,PENDING,2024-08-08 21:04:51.579996
59,945,Credit Card,TXN000059,638.73,PAID,2024-04-11 08:32:31.904301
60,930,Credit Card,TXN000060,383.01,PENDING,2023-10-16 07:04:35.549566
61,288,Credit Card,TXN000061,608.29,PENDING,2024-10-21 11:30:58.804600
62,481,Bank Transfer,TXN000062,185.09,PAID,2024-07-05 08:28:52.661332
63,64,Credit Card,TXN000063,591.01,PENDING,2023-10-24 06:24:09.756833
64,295,Bank Transfer,TXN000064,611.42,PAID,2023-09-24 17:39:09.672860
65,858,Credit Card,TXN000065,764.73,PENDING,2024-06-28 17:18:07.112777
66,834,Mobile Money,TXN000066,286.66,PAID,2024-08-09 19:45:31.961308
67,5,Bank Transfer,TXN000067,640.52,FAILED,2024-11-13 06:16:48.635623
68,717,Credit Card,TXN000068,788.67,PAID,2024-05-17 10:49:52.989815
69,193,Bank Transfer,TXN000069,699.6,FAILED,2023-01-23 02:49:09.984173
70,848,Credit Card,TXN000070,743.04,PENDING,2023-10-19 10:46:22.966892
71,380,Bank Transfer,TXN000071,186.64,PAID,2024-05-06 04:51:40.266550
72,331,Credit Card,TXN000072,656.3,PENDING,2024-09-15 11:05:33.505305
73,252,Bank Transfer,TXN000073,908.45,PAID,2024-04-07 08:13:29.298198
74,244,Credit Card,TXN000074,412.84,PENDING,2023-11-20 02:47:17.498898
75,893,Mobile Money,TXN000075,222.17,PAID,2024-08-01 18:57:10.632147
76,353,Mobile Money,TXN000076,159.55,PAID,2023-10-17 12:07:12.068682
77,422,Mobile Money,TXN000077,196.78,PENDING,2024-12-07 07:30:25.111559
78,473,Bank Transfer,TXN000078,164.83,PAID,2023-10-20 07:10:58.171107
79,735,Bank Transfer,TXN000079,791.05,PAID,2024-11-22 13:08:53.065763
80,755,Mobile Money,TXN000080,339.81,PENDING,2024-08-18 19:32:41.891493
81,976,Credit Card,TXN000081,293.44,PAID,2023-01-18 06:42:42.554679
82,158,Mobile Money,TXN000082,881.75,FAILED,2023-04-11 09:59:33.883661
83,577,Credit Card,TXN000083,894.57,PENDING,2023-05-02 09:06:33.326030
84,240,Mobile Money,TXN000084,575.14,PAID,2024-03-29 09:56:04.359677
85,981,Credit Card,TXN000085,770.65,PENDING,2024-09-14 16:08:19.475213
86,895,Bank Transfer,TXN000086,631.57,FAILED,2024-11-05 21:22:52.216139
87,977,Mobile Money,TXN000087,429.4,PENDING,2023-11-28 11:03:17.138691
88,370,Credit Card,TXN000088,676.8,PENDING,2023-08-10 23:00:19.292462
89,77,Mobile Money,TXN000089,137.24,FAILED,2023-02-24 21:12:28.236210
90,517,Mobile Money,TXN000090,936.09,PENDING,2024-02-17 19:41:23.523300
91,904,Credit Card,TXN000091,216.13,PAID,2023-03-13 06:08:38.652045
92,719,Credit Card,TXN000092,734.6,PAID,2023-04-07 19:33:30.310735
93,812,Bank Transfer,TXN000093,473.74,PENDING,2024-03-13 05:00:46.894771
94,471,Credit Card,TXN000094,959.85,FAILED,2024-01-29 22:15:45.648997
95,364,Credit Card,TXN000095,289.79,PAID,2024-03-22 07:59:40.778362
96,703,Credit Card,TXN000096,392.6,PAID,2024-10-29 05:10:05.314221
97,895,Credit Card,TXN000097,797.95,FAILED,2024-04-04 00:05:59.772863
98,509,Bank Transfer,TXN000098,153.81,PAID,2024-09-12 09:34:14.862947
99,536,Bank Transfer,TXN000099,673.53,PENDING,2023-10-27 22:35:14.372652
100,338,Bank Transfer,TXN000100,994.23,PENDING,2023-05-24 22:32:12.816928
101,699,Mobile Money,TXN000101,336.3,FAILED,2023-10-19 06:08:34.971265
102,326,Bank Transfer,TXN000102,830.89,PAID,2023-03-27 11:44:40.447476
103,448,Credit Card,TXN000103,478.5,FAILED,2024-06-17 05:39:28.819113
104,500,Credit Card,TXN000104,976.0,PENDING,2023-12-31 15:38:30.310445
105,243,Bank Transfer,TXN000105,417.7,PENDING,2024-10-15 17:35:48.435234
106,969,Bank Transfer,TXN000106,330.16,PENDING,2024-01-16 22:27:07.694034
107,116,Bank Transfer,TXN000107,392.88,PAID,2024-12-25 23:53:33.325974
108,192,Credit Card,TXN000108,608.77,PENDING,2023-11-24 14:37:45.056312
109,979,Credit Card,TXN000109,595.42,FAILED,2024-10-30 03:09:38.123639
110,145,Bank Transfer,TXN000110,193.21,FAILED,2024-05-12 06:28:43.154421
111,622,Mobile Money,TXN000111,902.84,FAILED,2023-02-26 12:08:18.469517
112,929,Credit Card,TXN000112,445.49,PENDING,2023-05-21 16:33:08.091530
113,249,Mobile Money,TXN000113,451.49,FAILED,2023-06-16 11:25:52.317544
114,650,Bank Transfer,TXN000114,862.77,FAILED,2023-10-22 05:19:14.343966
115,883,Mobile Money,TXN000115,906.43,PAID,2023-01-16 16:12:53.171280
116,516,Credit Card,TXN000116,434.71,FAILED,2024-10-09 06:23:42.777417
117,705,Bank Transfer,TXN000117,672.19,PENDING,2023-05-05 00:00:18.274018
118,691,Mobile Money,TXN000118,404.01,PAID,2023-07-02 00:44:46.059949
119,380,Credit Card,TXN000119,407.21,FAILED,2023-02-20 08:08:39.214057
120,910,Mobile Money,TXN000120,606.27,FAILED,2023-06-11 06:52:13.387935
121,710,Credit Card,TXN000121,208.91,PENDING,2024-02-23 13:01:57.382665
122,361,Credit Card,TXN000122,492.19,FAILED,2023-03-26 22:25:13.200327
123,251,Mobile Money,TXN000123,117.13,PAID,2024-06-16 12:47:57.703113
124,182,Mobile Money,TXN000124,430.7,PAID,2024-04-15 17:09:26.398561
125,957,Bank Transfer,TXN000125,271.31,FAILED,2023-03-08 03:23:39.137866
126,472,Mobile Money,TXN000126,299.05,PAID,2023-05-06 18:03:06.744239
127,692,Bank Transfer,TXN000127,541.2,PAID,2023-11-29 08:14:15.609624
128,471,Credit Card,TXN000128,329.89,PENDING,2024-03-15 11:17:30.647135
129,310,Credit Card,TXN000129,185.3,FAILED,2024-02-04 17:12:22.733848
130,509,Bank Transfer,TXN000130,107.3,PAID,2024-05-07 22:28:44.678758
131,872,Bank Transfer,TXN000131,748.06,PAID,2024-09-25 03:44:36.182466
132,54,Credit Card,TXN000132,354.58,PAID,2023-09-26 17:42:30.713115
133,807,Bank Transfer,TXN000133,218.25,PENDING,2024-10-12 10:43:05.567988
134,697,Credit Card,TXN000134,708.07,PENDING,2024-01-05 03:57:54.968256
135,283,Credit Card,TXN000135,548.94,FAILED,2023-07-22 09:18:14.864159
136,870,Credit Card,TXN000136,746.83,PAID,2024-01-09 10:43:49.971815
137,286,Bank Transfer,TXN000137,489.41,FAILED,2024-08-11 01:41:54.974968
138,988,Bank Transfer,TXN000138,372.73,PENDING,2023-02-11 11:14:50.906892
139,506,Credit Card,TXN000139,950.99,PAID,2024-12-08 09:56:25.729225
140,138,Bank Transfer,TXN000140,340.35,PAID,2023-11-14 03:49:46.011972
141,293,Mobile Money,TXN000141,712.92,PENDING,2023-03-09 06:24:40.804225
142,250,Bank Transfer,TXN000142,657.14,PENDING,2023-05-09 10:55:28.405244
143,432,Bank Transfer,TXN000143,244.08,PAID,2023-05-09 20:33:21.060603
144,571,Credit Card,TXN000144,994.81,FAILED,2023-04-15 23:48:47.781571
145,979,Bank Transfer,TXN000145,403.78,PENDING,2023-12-06 17:28:30.350416
146,208,Mobile Money,TXN000146,268.42,PAID,2023-09-09 03:02:40.828612
147,696,Bank Transfer,TXN000147,411.2,PENDING,2023-07-26 01:13:10.220854
148,115,Bank Transfer,TXN000148,117.01,PENDING,2024-07-16 00:30:03.121785
149,553,Mobile Money,TXN000149,401.05,PENDING,2023-05-27 20:21:35.339429
150,971,Mobile Money,TXN000150,628.6,FAILED,2023-03-13 00:46:11.871748
151,992,Bank Transfer,TXN000151,434.25,PAID,2023-07-29 02:18:20.684224
152,791,Credit Card,TXN000152,337.94,PAID,2023-04-29 09:54:08.127014
153,479,Mobile Money,TXN000153,457.83,PAID,2023-06-26 05:17:09.065450
154,18,Credit Card,TXN000154,429.34,PENDING,2023-06-20 06:45:18.552531
155,772,Credit Card,TXN000155,232.34,FAILED,2023-03-09 06:30:33.751580
156,891,Credit Card,TXN000156,400.44,FAILED,2023-02-09 12:57:35.852215
157,95,Bank Transfer,TXN000157,427.62,FAILED,2024-02-04 22:05:15.724503
158,58,Bank Transfer,TXN000158,969.21,PENDING,2024-02-14 11:10:42.710523
159,448,Mobile Money,TXN000159,432.69,FAILED,2024-12-18 20:38:31.200901
160,225,Bank Transfer,TXN000160,834.48,PAID,2024-05-23 16:01:59.897162
161,709,Bank Transfer,TXN000161,887.45,PENDING,2024-12-24 16:22:35.823928
162,435,Bank Transfer,TXN000162,784.16,FAILED,2024-09-11 21:20:20.987665
163,156,Mobile Money,TXN000163,474.5,PENDING,2023-09-12 02:13:10.570470
164,447,Bank Transfer,TXN000164,514.21,FAILED,2023-04-07 00:42:59.760391
165,735,Bank Transfer,TXN000165,694.63,FAILED,2024-09-01 15:41:53.609365
166,896,Mobile Money,TXN000166,281.66,PENDING,2024-04-27 04:13:42.193254
167,827,Bank Transfer,TXN000167,696.23,PENDING,2024-12-27 12:03:42.738361
168,535,Mobile Money,TXN000168,809.88,FAILED,2023-05-04 05:41:35.370003
169,855,Mobile Money,TXN000169,653.26,PENDING,2023-09-30 21:14:27.723898
170,769,Mobile Money,TXN000170,930.63,PENDING,2024-12-28 06:05:16.547929
171,251,Mobile Money,TXN000171,116.71,FAILED,2024-08-13 08:36:13.619685
172,118,Credit Card,TXN000172,303.22,PENDING,2024-01-23 13:32:40.982040
173,682,Mobile Money,TXN000173,146.4,PAID,2023-11-23 18:48:39.234188
174,379,Bank Transfer,TXN000174,337.48,PAID,2023-12-14 10:21:41.383897
175,497,Credit Card,TXN000175,438.24,PAID,2024-10-23 20:57:03.671166
176,931,Mobile Money,TXN000176,230.22,PENDING,2024-11-17 22:38:02.573727
177,115,Mobile Money,TXN000177,961.05,FAILED,2023-05-18 05:37:53.535169
178,409,Mobile Money,TXN000178,946.09,PAID,2024-01-08 09:52:40.978066
179,930,Mobile Money,TXN000179,566.46,PENDING,2024-12-17 07:01:01.405743
180,549,Mobile Money,TXN000180,430.87,PAID,2023-09-09 16:42:32.233828
181,121,Bank Transfer,TXN000181,942.19,FAILED,2024-05-17 19:19:45.764354
182,768,Bank Transfer,TXN000182,949.88,FAILED,2023-01-19 21:51:17.785121
183,97,Bank Transfer,TXN000183,688.17,FAILED,2023-10-06 10:04:35.577145
184,60,Mobile Money,TXN000184,756.15,FAILED,2024-09-18 11:37:55.888940
185,681,Mobile Money,TXN000185,828.95,PENDING,2024-10-12 16:52:39.378488
186,864,Credit Card,TXN000186,240.37,PENDING,2023-10-17 20:13:23.048563
187,529,Mobile Money,TXN000187,548.89,FAILED,2024-07-23 05:36:07.657293
188,741,Bank Transfer,TXN000188,440.11,PAID,2024-08-24 21:33:47.618939
189,914,Credit Card,TXN000189,132.31,PENDING,2023-02-22 20:41:19.170155
190,897,Credit Card,TXN000190,781.63,PENDING,2024-11-17 11:42:42.129034
191,470,Bank Transfer,TXN000191,736.07,PAID,2023-12-20 15:11:06.296591
192,163,Mobile Money,TXN000192,630.2,PAID,2023-04-07 01:47:25.033165
193,239,Bank Transfer,TXN000193,208.89,PAID,2023-05-16 08:38:55.927095
194,743,Mobile Money,TXN000194,771.57,PENDING,2024-03-20 12:06:01.125530
195,75,Bank Transfer,TXN000195,830.07,PENDING,2024-05-01 19:23:16.588333
196,871,Mobile Money,TXN000196,672.37,PENDING,2023-04-07 02:42:30.663759
197,701,Credit Card,TXN000197,334.94,PAID,2024-06-01 01:08:37.485394
198,59,Mobile Money,TXN000198,302.26,PENDING,2024-08-16 12:03:22.119758
199,193,Bank Transfer,TXN000199,761.16,FAILED,2023-10-12 02:25:00.383110
200,230,Mobile Money,TXN000200,693.81,FAILED,2024-01-24 13:43:56.929985
201,513,Mobile Money,TXN000201,318.79,PENDING,2024-01-08 04:44:26.307019
202,95,Mobile Money,TXN000202,881.34,PAID,2024-01-29 10:34:31.222147
203,588,Mobile Money,TXN000203,845.26,PAID,2024-06-09 15:33:35.841148
204,150,Credit Card,TXN000204,789.64,PAID,2023-02-19 11:11:51.599733
205,968,Credit Card,TXN000205,826.77,FAILED,2023-04-19 05:09:33.821809
206,398,Mobile Money,TXN000206,716.62,FAILED,2023-08-31 06:56:28.502419
207,176,Mobile Money,TXN000207,128.75,PENDING,2023-06-29 05:52:10.948066
208,464,Credit Card,TXN000208,614.4,PAID,2024-03-19 22:49:01.643789
209,963,Bank Transfer,TXN000209,256.58,PENDING,2023-09-02 07:19:46.831992
210,222,Credit Card,TXN000210,120.91,PENDING,2024-03-29 12:57:38.019157
211,137,Credit Card,TXN000211,152.95,PAID,2023-03-26 17:51:32.552926
212,248,Credit Card,TXN000212,454.53,PENDING,2023-12-29 18:46:44.759802
213,190,Bank Transfer,TXN000213,812.03,FAILED,2023-04-17 01:36:21.581185
214,918,Mobile Money,TXN000214,441.47,PAID,2024-09-24 03:02:02.434060
215,364,Bank Transfer,TXN000215,536.63,PAID,2024-09-26 12:00:00.124139
216,672,Credit Card,TXN000216,576.71,PENDING,2024-01-11 01:29:36.818475
217,138,Credit Card,TXN000217,454.71,FAILED,2023-05-16 21:26:58.999433
218,609,Credit Card,TXN000218,631.92,FAILED,2023-10-17 06:16:24.563218
219,531,Credit Card,TXN000219,637.57,PENDING,2024-04-12 08:26:00.690170
220,519,Bank Transfer,TXN000220,142.75,PAID,2023-12-29 05:25:43.291070
221,500,Bank Transfer,TXN000221,401.32,PAID,2023-05-19 20:50:36.950331
222,362,Credit Card,TXN000222,250.18,FAILED,2023-03-17 19:13:37.327412
223,39,Mobile Money,TXN000223,216.99,PAID,2023-03-19 12:17:27.011652
224,680,Mobile Money,TXN000224,895.22,FAILED,2024-11-01 16:05:18.169241
225,962,Bank Transfer,TXN000225,545.84,PAID,2023-11-29 02:53:37.252752
226,993,Mobile Money,TXN000226,963.35,PAID,2023-11-22 14:50:13.581803
227,685,Bank Transfer,TXN000227,542.84,PAID,2023-08-13 00:29:56.715624
228,14,Mobile Money,TXN000228,345.2,PENDING,2023-07-13 23:46:17.294884
229,752,Mobile Money,TXN000229,583.94,PENDING,2023-07-10 04:23:44.959435
230,108,Bank Transfer,TXN000230,116.49,FAILED,2024-09-01 03:09:15.639301
231,378,Mobile Money,TXN000231,750.68,PENDING,2023-08-01 05:36:45.339477
232,250,Bank Transfer,TXN000232,135.12,PAID,2024-10-07 20:42:00.795206
233,404,Credit Card,TXN000233,717.21,PAID,2023-03-05 11:32:17.804514
234,186,Mobile Money,TXN000234,211.35,PENDING,2024-04-22 07:49:21.086480
235,313,Bank Transfer,TXN000235,896.28,FAILED,2024-12-21 21:17:50.968701
236,706,Mobile Money,TXN000236,182.77,PAID,2023-04-14 18:27:38.866894
237,798,Bank Transfer,TXN000237,541.65,PAID,2023-05-07 13:56:15.693163
238,501,Mobile Money,TXN000238,125.05,FAILED,2023-03-03 13:21:17.036612
239,35,Mobile Money,TXN000239,474.71,FAILED,2024-03-24 15:55:56.390611
240,305,Mobile Money,TXN000240,164.3,PAID,2023-09-04 06:23:57.664617
241,393,Bank Transfer,TXN000241,552.42,PAID,2023-10-13 20:54:40.760600
242,488,Mobile Money,TXN000242,660.49,FAILED,2023-02-07 08:59:55.935813
243,362,Credit Card,TXN000243,948.47,PAID,2023-06-25 18:29:39.431510
244,923,Mobile Money,TXN000244,452.45,PENDING,2023-01-28 00:32:30.507424
245,173,Credit Card,TXN000245,377.85,PENDING,2023-03-06 08:41:00.896455
246,259,Credit Card,TXN000246,888.91,FAILED,2024-10-09 06:37:41.263820
247,588,Bank Transfer,TXN000247,490.72,PENDING,2024-06-19 22:26:40.952224
248,990,Credit Card,TXN000248,446.02,PAID,2024-05-08 21:39:56.694041
249,703,Mobile Money,TXN000249,940.06,FAILED,2024-06-15 16:31:30.864498
250,459,Mobile Money,TXN000250,417.56,PAID,2024-02-22 08:36:27.017631
251,568,Credit Card,TXN000251,679.44,PENDING,2023-12-10 01:17:48.445719
252,38,Credit Card,TXN000252,312.1,PENDING,2023-11-20 22:20:00.168241
253,661,Credit Card,TXN000253,449.29,PENDING,2024-02-14 19:24:12.006849
254,744,Mobile Money,TXN000254,481.43,PENDING,2023-10-31 05:18:46.011146
255,539,Bank Transfer,TXN000255,1000.0,PAID,2024-02-16 00:32:08.425404
256,688,Credit Card,TXN000256,508.04,FAILED,2023-03-04 16:11:53.743953
257,252,Bank Transfer,TXN000257,722.96,PAID,2023-07-26 16:51:00.488184
258,738,Credit Card,TXN000258,773.84,PAID,2023-01-22 05:38:46.964703
259,755,Mobile Money,TXN000259,183.18,FAILED,2024-11-18 20:37:37.132051
260,393,Bank Transfer,TXN000260,540.17,PENDING,2023-08-22 18:44:30.092123
261,497,Bank Transfer,TXN000261,539.21,FAILED,2023-12-08 02:34:55.560909
262,129,Bank Transfer,TXN000262,803.67,FAILED,2024-11-30 01:56:30.090759
263,112,Bank Transfer,TXN000263,818.57,FAILED,2024-04-24 06:01:49.438766
264,638,Credit Card,TXN000264,603.06,FAILED,2023-02-27 00:07:51.761981
265,466,Mobile Money,TXN000265,306.29,PENDING,2024-05-27 14:40:18.649170
266,127,Mobile Money,TXN000266,906.93,PAID,2023-02-02 06:34:12.154726
267,735,Bank Transfer,TXN000267,867.44,PAID,2023-01-12 16:38:19.172035
268,875,Mobile Money,TXN000268,927.25,PAID,2024-05-26 04:47:10.515673
269,284,Credit Card,TXN000269,526.01,FAILED,2023-05-25 05:40:47.142715
270,765,Credit Card,TXN000270,197.12,PAID,2023-03-02 09:31:33.179860
271,725,Bank Transfer,TXN000271,840.34,PAID,2024-12-26 18:21:21.995858
272,725,Mobile Money,TXN000272,426.8,PAID,2024-07-10 19:31:08.680405
273,507,Bank Transfer,TXN000273,694.53,FAILED,2023-02-05 20:07:07.384250
274,541,Bank Transfer,TXN000274,288.19,PAID,2023-04-09 09:17:09.237208
275,75,Bank Transfer,TXN000275,709.51,FAILED,2024-04-24 12:47:01.563556
276,224,Mobile Money,TXN000276,624.61,PAID,2023-07-14 02:59:16.737793
277,160,Credit Card,TXN000277,807.22,FAILED,2024-03-01 23:49:03.000010
278,37,Bank Transfer,TXN000278,444.3,PAID,2024-03-09 21:33:20.754504
279,18,Credit Card,TXN000279,941.89,PAID,2023-01-05 18:43:28.107263
280,689,Mobile Money,TXN000280,856.98,PAID,2024-12-30 21:46:12.540805
281,448,Credit Card,TXN000281,630.37,PENDING,2024-12-17 05:59:01.604916
282,126,Credit Card,TXN000282,159.58,PAID,2024-05-10 10:53:14.713657
283,117,Credit Card,TXN000283,378.88,FAILED,2024-04-25 06:26:38.051264
284,663,Mobile Money,TXN000284,226.14,PAID,2023-06-22 05:38:02.458052
285,340,Bank Transfer,TXN000285,514.31,FAILED,2023-07-31 12:53:04.255017
286,199,Mobile Money,TXN000286,217.67,PAID,2024-11-30 04:25:24.431708
287,788,Bank Transfer,TXN000287,936.14,PENDING,2024-06-12 21:50:54.664597
288,714,Bank Transfer,TXN000288,138.22,PENDING,2023-08-12 13:02:02.101495
289,220,Credit Card,TXN000289,663.93,PENDING,2023-08-28 19:20:34.463551
290,273,Credit Card,TXN000290,139.38,PAID,2024-10-04 12:59:34.049227
291,136,Bank Transfer,TXN000291,341.9,PAID,2023-05-06 09:53:57.253069
292,907,Mobile Money,TXN000292,177.71,PAID,2023-12-27 19:11:42.840725
293,351,Bank Transfer,TXN000293,223.99,PAID,2023-02-18 00:31:29.416787
294,798,Credit Card,TXN000294,473.17,PENDING,2024-05-25 23:32:38.192854
295,893,Credit Card,TXN000295,278.09,PAID,2023-09-17 06:43:42.362391
296,885,Mobile Money,TXN000296,503.81,PENDING,2023-01-15 05:53:02.339221
297,59,Mobile Money,TXN000297,901.72,PENDING,2024-06-14 18:19:00.251001
298,811,Credit Card,TXN000298,308.52,FAILED,2023-08-25 18:30:33.668780
299,652,Mobile Money,TXN000299,718.52,PAID,2024-05-09 08:23:45.827660
300,126,Bank Transfer,TXN000300,948.3,PENDING,2023-03-02 03:59:55.974534
301,834,Mobile Money,TXN000301,941.65,PAID,2024-03-26 02:43:54.134565
302,984,Credit Card,TXN000302,435.82,FAILED,2023-10-04 10:56:55.133798
303,246,Mobile Money,TXN000303,437.84,FAILED,2023-06-14 13:15:06.770550
304,707,Credit Card,TXN000304,107.8,FAILED,2024-05-28 20:07:46.969026
305,780,Credit Card,TXN000305,474.24,FAILED,2023-05-15 06:07:51.256386
306,607,Credit Card,TXN000306,257.78,FAILED,2023-11-06 18:20:26.202579
307,659,Mobile Money,TXN000307,505.43,PAID,2024-12-27 04:01:34.705597
308,323,Bank Transfer,TXN000308,523.92,PAID,2023-02-03 15:35:46.284567
309,154,Bank Transfer,TXN000309,425.88,PENDING,2024-08-14 11:50:41.361550
310,384,Mobile Money,TXN000310,651.55,PENDING,2023-11-23 02:27:11.535380
311,283,Bank Transfer,TXN000311,627.11,PAID,2023-07-09 21:37:32.107825
312,557,Credit Card,TXN000312,883.1,PAID,2024-10-24 15:07:26.578955
313,74,Mobile Money,TXN000313,956.49,FAILED,2024-04-11 09:06:16.972236
314,691,Credit Card,TXN000314,250.97,FAILED,2023-06-03 02:47:57.056772
315,996,Mobile Money,TXN000315,364.12,FAILED,2023-11-21 17:13:16.026930
316,617,Bank Transfer,TXN000316,770.3,FAILED,2024-11-03 03:06:15.790228
317,571,Mobile Money,TXN000317,635.15,FAILED,2023-03-13 13:47:31.733796
318,731,Bank Transfer,TXN000318,365.77,PENDING,2024-09-29 20:27:45.987535
319,152,Credit Card,TXN000319,826.7,FAILED,2023-04-26 21:14:55.571199
320,832,Bank Transfer,TXN000320,292.85,FAILED,2023-02-18 04:43:25.923812
321,913,Bank Transfer,TXN000321,707.8,PENDING,2024-11-03 19:42:41.229617
322,430,Mobile Money,TXN000322,486.99,PENDING,2024-11-06 21:47:01.324658
323,101,Credit Card,TXN000323,836.16,FAILED,2023-12-04 22:11:23.719017
324,755,Bank Transfer,TXN000324,701.56,PENDING,2024-10-27 15:16:57.899030
325,552,Credit Card,TXN000325,332.64,PAID,2024-07-26 05:10:13.962263
326,303,Credit Card,TXN000326,985.29,FAILED,2024-08-02 22:00:07.606176
327,74,Mobile Money,TXN000327,166.24,PENDING,2023-10-14 22:50:48.260288
328,922,Credit Card,TXN000328,382.03,FAILED,2023-06-15 08:37:12.286846
329,655,Credit Card,TXN000329,266.19,FAILED,2023-01-18 01:38:41.530731
330,161,Mobile Money,TXN000330,971.83,PAID,2024-06-21 18:15:41.954016
331,940,Mobile Money,TXN000331,965.26,FAILED,2023-11-09 13:51:43.444062
332,567,Credit Card,TXN000332,159.35,PAID,2023-05-18 17:08:08.295660
333,471,Credit Card,TXN000333,754.1,FAILED,2024-02-17 23:05:33.709922
334,730,Credit Card,TXN000334,423.1,FAILED,2024-03-17 08:47:39.525494
335,660,Bank Transfer,TXN000335,750.12,PENDING,2024-06-26 08:25:27.586899
336,228,Mobile Money,TXN000336,303.6,PENDING,2024-12-20 00:15:42.349332
337,991,Mobile Money,TXN000337,422.34,FAILED,2024-11-21 22:15:02.721454
338,714,Mobile Money,TXN000338,607.04,FAILED,2024-07-20 10:49:35.634237
339,415,Mobile Money,TXN000339,123.07,PENDING,2023-06-11 02:35:30.226514
340,814,Bank Transfer,TXN000340,954.57,PAID,2023-06-04 18:54:15.961837
341,263,Bank Transfer,TXN000341,687.09,FAILED,2024-12-17 18:32:54.784194
342,709,Mobile Money,TXN000342,217.8,FAILED,2023-02-21 18:04:05.468758
343,837,Mobile Money,TXN000343,592.09,FAILED,2024-04-07 22:45:30.273328
344,45,Credit Card,TXN000344,216.27,PENDING,2023-01-15 02:51:25.852567
345,71,Credit Card,TXN000345,501.12,FAILED,2024-04-15 22:02:10.482755
346,458,Credit Card,TXN000346,309.3,PENDING,2023-05-16 07:28:28.327497
347,432,Credit Card,TXN000347,859.39,FAILED,2024-05-09 05:34:05.785387
348,960,Bank Transfer,TXN000348,935.45,PAID,2024-01-15 11:14:40.169975
349,344,Mobile Money,TXN000349,409.9,FAILED,2024-03-06 14:05:29.295816
350,442,Credit Card,TXN000350,107.81,FAILED,2024-07-09 06:05:50.870351
351,506,Credit Card,TXN000351,508.54,PAID,2023-02-28 16:45:26.291246
352,184,Mobile Money,TXN000352,382.53,FAILED,2024-04-08 17:26:00.387392
353,457,Mobile Money,TXN000353,179.24,PAID,2023-03-07 16:51:19.017871
354,680,Mobile Money,TXN000354,900.15,FAILED,2023-01-13 07:38:22.939430
355,967,Credit Card,TXN000355,742.44,FAILED,2024-07-10 21:05:40.864608
356,18,Mobile Money,TXN000356,319.45,PENDING,2024-04-16 01:20:05.582040
357,660,Bank Transfer,TXN000357,520.16,PAID,2023-11-12 20:05:08.783474
358,411,Credit Card,TXN000358,778.3,PENDING,2024-06-29 11:23:34.492497
359,553,Mobile Money,TXN000359,193.86,PAID,2023-12-30 02:04:34.584021
360,488,Credit Card,TXN000360,571.36,PENDING,2024-06-27 01:19:20.087661
361,15,Credit Card,TXN000361,382.47,PAID,2024-08-26 12:22:01.595640
362,57,Credit Card,TXN000362,340.36,PAID,2023-06-08 10:53:31.503095
363,109,Credit Card,TXN000363,971.93,PAID,2024-01-01 13:09:13.342370
364,69,Credit Card,TXN000364,521.05,PAID,2023-07-29 19:37:02.102955
365,195,Credit Card,TXN000365,519.17,FAILED,2023-01-23 11:22:25.426400
366,946,Credit Card,TXN000366,377.06,FAILED,2024-04-20 21:31:04.066693
367,493,Credit Card,TXN000367,649.99,PAID,2024-08-27 21:02:47.218196
368,206,Mobile Money,TXN000368,381.25,FAILED,2024-07-14 12:27:53.698029
369,240,Mobile Money,TXN000369,744.1,FAILED,2024-02-14 06:54:57.830454
370,670,Credit Card,TXN000370,492.47,PENDING,2023-06-29 20:15:34.297086
371,242,Credit Card,TXN000371,657.35,FAILED,2023-09-09 14:22:37.077181
372,111,Credit Card,TXN000372,197.57,PENDING,2023-10-10 18:06:50.380238
373,787,Mobile Money,TXN000373,312.79,PAID,2024-04-03 14:31:37.164517
374,841,Credit Card,TXN000374,570.51,FAILED,2024-05-16 07:46:48.855522
375,228,Mobile Money,TXN000375,504.83,PAID,2024-10-30 19:33:54.244951
376,895,Bank Transfer,TXN000376,533.86,FAILED,2024-08-01 14:36:26.967827
377,902,Mobile Money,TXN000377,736.84,FAILED,2024-12-29 03:39:57.714515
378,551,Mobile Money,TXN000378,313.26,PAID,2024-10-08 13:37:45.047281
379,874,Bank Transfer,TXN000379,685.86,PENDING,2024-09-21 09:00:06.632363
380,864,Bank Transfer,TXN000380,485.62,PAID,2024-11-19 00:30:43.562777
381,161,Bank Transfer,TXN000381,471.4,PENDING,2023-08-15 15:35:43.501215
382,717,Mobile Money,TXN000382,769.08,PAID,2023-06-15 15:40:48.523518
383,655,Mobile Money,TXN000383,696.67,FAILED,2023-08-26 01:58:43.739517
384,661,Credit Card,TXN000384,781.89,PAID,2023-10-18 14:54:43.154736
385,729,Credit Card,TXN000385,980.24,PAID,2024-08-01 05:48:08.910180
386,594,Credit Card,TXN000386,890.69,PAID,2024-06-09 22:07:50.820513
387,847,Bank Transfer,TXN000387,825.21,FAILED,2023-02-11 18:57:19.395598
388,509,Bank Transfer,TXN000388,543.7,PENDING,2024-05-06 22:20:31.633397
389,867,Bank Transfer,TXN000389,745.07,FAILED,2023-06-18 07:48:09.304942
390,979,Mobile Money,TXN000390,112.76,PAID,2024-03-17 22:55:22.466514
391,371,Mobile Money,TXN000391,618.69,FAILED,2024-01-23 13:47:40.586468
392,620,Mobile Money,TXN000392,746.97,PAID,2023-05-13 20:12:53.758135
393,571,Credit Card,TXN000393,888.18,FAILED,2023-01-10 12:40:57.406555
394,264,Mobile Money,TXN000394,728.51,PENDING,2024-09-11 13:00:39.176803
395,410,Credit Card,TXN000395,408.51,PENDING,2024-04-29 13:59:17.523007
396,62,Credit Card,TXN000396,609.9,FAILED,2024-08-27 00:00:53.356069
397,645,Credit Card,TXN000397,548.62,FAILED,2023-05-28 03:05:13.792660
398,926,Mobile Money,TXN000398,317.34,PENDING,2024-10-18 00:53:15.829519
399,278,Mobile Money,TXN000399,865.73,PENDING,2023-07-12 00:54:11.576276
400,40,Mobile Money,TXN000400,818.26,FAILED,2023-09-06 21:42:17.723899
401,445,Mobile Money,TXN000401,429.83,FAILED,2023-11-10 16:33:02.280614
402,133,Bank Transfer,TXN000402,403.72,PENDING,2023-05-01 13:17:39.791962
403,721,Credit Card,TXN000403,508.48,PENDING,2024-11-04 18:10:32.112864
404,760,Credit Card,TXN000404,437.33,FAILED,2024-01-25 21:07:10.311263
405,614,Bank Transfer,TXN000405,503.69,PENDING,2023-08-18 04:03:11.251277
406,340,Bank Transfer,TXN000406,577.21,PENDING,2023-05-08 02:26:48.090973
407,741,Credit Card,TXN000407,716.22,PENDING,2024-03-16 13:31:55.546757
408,627,Credit Card,TXN000408,807.7,PAID,2024-09-10 06:06:45.998114
409,811,Credit Card,TXN000409,535.81,PENDING,2023-07-11 00:44:34.516351
410,267,Credit Card,TXN000410,884.61,PAID,2023-07-03 10:18:43.159920
411,490,Mobile Money,TXN000411,847.5,PAID,2023-01-19 12:05:27.630386
412,682,Bank Transfer,TXN000412,952.96,PAID,2023-06-22 21:08:54.266092
413,298,Bank Transfer,TXN000413,478.04,PAID,2023-05-08 17:54:29.697452
414,289,Bank Transfer,TXN000414,564.65,PENDING,2024-07-19 21:05:21.985532
415,151,Credit Card,TXN000415,155.15,FAILED,2023-03-30 03:51:39.730689
416,718,Mobile Money,TXN000416,527.09,FAILED,2024-11-24 12:41:11.226517
417,945,Mobile Money,TXN000417,437.51,PAID,2024-12-23 08:09:03.663155
418,295,Credit Card,TXN000418,201.94,PENDING,2024-10-13 16:32:08.643091
419,247,Bank Transfer,TXN000419,715.19,PAID,2023-10-06 10:31:15.898359
420,957,Credit Card,TXN000420,307.92,FAILED,2024-07-31 02:29:45.932148
421,491,Credit Card,TXN000421,985.98,FAILED,2024-05-12 14:20:53.816221
422,872,Credit Card,TXN000422,650.72,FAILED,2024-03-19 01:01:18.738892
423,146,Bank Transfer,TXN000423,599.16,FAILED,2023-11-24 14:37:33.871480
424,48,Bank Transfer,TXN000424,627.81,PAID,2024-11-01 17:19:43.526578
425,385,Credit Card,TXN000425,849.53,PENDING,2024-06-04 21:53:51.288366
426,329,Mobile Money,TXN000426,992.94,FAILED,2024-01-29 05:18:54.951293
427,15,Bank Transfer,TXN000427,971.51,PENDING,2024-07-11 07:52:51.661133
428,157,Mobile Money,TXN000428,901.45,PAID,2024-12-06 21:10:03.524160
429,207,Bank Transfer,TXN000429,243.84,PAID,2024-10-22 06:45:58.778032
430,906,Mobile Money,TXN000430,279.83,FAILED,2023-05-22 13:08:38.503350
431,591,Credit Card,TXN000431,209.34,PENDING,2023-01-03 13:38:41.298257
432,885,Bank Transfer,TXN000432,180.45,PENDING,2024-08-09 08:33:09.821327
433,629,Mobile Money,TXN000433,205.59,PENDING,2024-08-05 00:14:13.625877
434,42,Bank Transfer,TXN000434,120.93,FAILED,2023-08-15 01:17:16.220462
435,327,Credit Card,TXN000435,534.72,PAID,2024-02-05 14:25:47.663220
436,777,Mobile Money,TXN000436,764.01,FAILED,2024-04-26 17:08:21.623296
437,440,Credit Card,TXN000437,680.9,PAID,2024-06-10 01:15:23.754609
438,423,Bank Transfer,TXN000438,704.2,PENDING,2023-12-27 09:55:52.107493
439,862,Credit Card,TXN000439,820.89,FAILED,2023-09-29 16:11:13.080408
440,181,Bank Transfer,TXN000440,531.66,PAID,2024-05-04 01:48:26.124461
441,721,Bank Transfer,TXN000441,458.79,FAILED,2023-03-15 16:07:39.440842
442,166,Bank Transfer,TXN000442,230.62,PAID,2023-01-18 18:03:29.217679
443,68,Credit Card,TXN000443,578.1,PAID,2023-01-31 19:15:34.009152
444,52,Bank Transfer,TXN000444,738.17,FAILED,2024-01-20 10:55:12.235259
445,668,Bank Transfer,TXN000445,194.26,PENDING,2023-02-05 16:15:21.113748
446,83,Credit Card,TXN000446,813.22,PENDING,2024-03-13 12:31:05.949501
447,754,Credit Card,TXN000447,976.28,FAILED,2024-11-23 15:54:44.197211
448,919,Mobile Money,TXN000448,830.11,FAILED,2024-03-10 14:26:21.835334
449,226,Bank Transfer,TXN000449,895.54,PENDING,2023-03-16 18:19:59.989573
450,577,Credit Card,TXN000450,175.31,PAID,2024-05-23 04:40:02.854096
451,25,Credit Card,TXN000451,445.46,FAILED,2023-10-10 18:59:05.258905
452,798,Bank Transfer,TXN000452,850.09,PENDING,2024-04-04 15:04:00.443334
453,187,Bank Transfer,TXN000453,486.36,FAILED,2024-12-18 13:55:25.815571
454,784,Credit Card,TXN000454,244.75,PENDING,2023-08-28 22:55:28.134817
455,398,Credit Card,TXN000455,905.89,PENDING,2023-05-07 13:00:17.148512
456,860,Credit Card,TXN000456,778.46,FAILED,2023-12-12 10:25:10.114240
457,460,Credit Card,TXN000457,105.36,PENDING,2024-10-24 18:06:29.153959
458,43,Mobile Money,TXN000458,222.45,FAILED,2024-12-29 10:04:49.702261
459,182,Bank Transfer,TXN000459,906.87,PENDING,2024-03-22 19:34:09.157291
460,592,Bank Transfer,TXN000460,765.86,PENDING,2023-02-03 19:22:11.747042
461,816,Credit Card,TXN000461,409.24,PENDING,2023-11-26 23:02:22.369556
462,873,Credit Card,TXN000462,856.93,PENDING,2023-09-16 04:25:51.263801
463,230,Bank Transfer,TXN000463,559.53,PENDING,2024-07-25 12:17:33.059075
464,793,Mobile Money,TXN000464,809.74,PAID,2024-08-05 10:05:37.253530
465,917,Mobile Money,TXN000465,106.27,PAID,2023-05-15 17:16:07.983534
466,758,Credit Card,TXN000466,934.24,PENDING,2024-01-19 16:32:18.318552
467,797,Credit Card,TXN000467,856.1,PENDING,2023-01-26 11:10:29.255313
468,169,Mobile Money,TXN000468,397.02,PAID,2024-07-06 21:58:00.576430
469,527,Mobile Money,TXN000469,572.58,PAID,2023-04-14 06:53:25.679228
470,541,Bank Transfer,TXN000470,655.04,FAILED,2023-06-04 10:10:41.128089
471,660,Mobile Money,TXN000471,310.88,FAILED,2024-12-23 12:59:25.255137
472,912,Credit Card,TXN000472,794.61,PENDING,2023-01-29 06:46:22.823390
473,700,Bank Transfer,TXN000473,799.2,PENDING,2024-08-07 09:59:25.405334
474,903,Credit Card,TXN000474,529.48,PENDING,2024-07-15 02:36:25.175382
475,543,Mobile Money,TXN000475,107.0,PENDING,2023-01-24 20:12:08.218780
476,155,Credit Card,TXN000476,184.32,FAILED,2023-09-22 21:08:39.472548
477,703,Credit Card,TXN000477,252.85,FAILED,2023-01-05 13:41:57.260501
478,9,Bank Transfer,TXN000478,832.07,FAILED,2024-11-29 11:28:22.662813
479,811,Mobile Money,TXN000479,799.19,PAID,2023-07-18 20:51:48.251481
480,9,Mobile Money,TXN000480,212.97,PAID,2024-07-04 00:32:12.989425
481,430,Bank Transfer,TXN000481,316.48,FAILED,2024-09-16 12:36:20.811545
482,70,Mobile Money,TXN000482,167.96,PENDING,2023-02-09 21:13:06.197222
483,987,Credit Card,TXN000483,728.12,PAID,2024-04-13 19:27:12.692407
484,150,Credit Card,TXN000484,304.97,FAILED,2024-12-07 04:32:22.708587
485,363,Bank Transfer,TXN000485,972.35,PENDING,2024-03-22 19:20:21.878609
486,7,Mobile Money,TXN000486,894.73,PAID,2023-03-03 03:53:32.502283
487,226,Credit Card,TXN000487,164.53,PAID,2024-04-15 07:17:53.678959
488,190,Mobile Money,TXN000488,340.4,FAILED,2023-11-17 17:07:17.871038
489,34,Credit Card,TXN000489,305.86,PENDING,2023-03-08 02:37:15.993031
490,103,Credit Card,TXN000490,121.9,FAILED,2023-03-12 23:44:00.265356
491,36,Credit Card,TXN000491,936.17,PENDING,2023-04-01 01:56:32.526735
492,519,Credit Card,TXN000492,220.43,PAID,2024-11-12 04:49:42.020856
493,236,Bank Transfer,TXN000493,886.35,FAILED,2024-08-24 18:25:56.329892
494,106,Bank Transfer,TXN000494,831.32,PAID,2023-02-12 03:11:05.601480
495,144,Mobile Money,TXN000495,671.1,FAILED,2023-09-07 21:00:41.634223
496,913,Credit Card,TXN000496,295.43,PENDING,2024-06-15 21:09:33.839410
497,735,Mobile Money,TXN000497,915.24,PENDING,2023-03-24 05:40:52.358369
498,818,Bank Transfer,TXN000498,734.29,PENDING,2024-04-18 13:32:23.740730
499,286,Mobile Money,TXN000499,569.63,PAID,2024-01-18 19:07:09.227051
500,180,Credit Card,TXN000500,831.1,PAID,2023-03-13 06:27:39.325035
501,506,Bank Transfer,TXN000501,509.1,PENDING,2023-07-11 03:34:59.761592
502,638,Bank Transfer,TXN000502,357.68,FAILED,2023-07-25 03:28:59.252574
503,75,Bank Transfer,TXN000503,132.36,FAILED,2024-06-14 07:11:56.678743
504,64,Bank Transfer,TXN000504,651.05,FAILED,2023-12-29 12:07:16.407422
505,281,Bank Transfer,TXN000505,283.03,FAILED,2024-08-11 10:02:20.929582
506,220,Bank Transfer,TXN000506,882.72,FAILED,2023-07-20 16:10:25.478774
507,670,Mobile Money,TXN000507,669.2,PAID,2024-01-08 05:22:12.517833
508,68,Credit Card,TXN000508,910.24,PAID,2023-03-05 10:13:36.998788
509,971,Mobile Money,TXN000509,950.98,PAID,2023-03-06 06:10:53.385237
510,165,Credit Card,TXN000510,924.42,PAID,2023-02-11 07:04:31.333916
511,555,Bank Transfer,TXN000511,787.34,PAID,2023-10-17 08:30:48.942527
512,67,Bank Transfer,TXN000512,160.83,PENDING,2024-07-22 20:09:19.533921
513,687,Mobile Money,TXN000513,954.74,PAID,2024-03-01 08:19:14.725172
514,971,Bank Transfer,TXN000514,521.29,PAID,2023-01-28 09:05:32.683361
515,33,Credit Card,TXN000515,335.7,PAID,2023-04-20 06:25:10.076683
516,110,Bank Transfer,TXN000516,633.84,FAILED,2023-02-20 11:38:07.673305
517,474,Mobile Money,TXN000517,703.75,PAID,2024-07-18 22:50:30.796261
518,432,Credit Card,TXN000518,827.41,PENDING,2023-08-28 14:50:22.579085
519,429,Credit Card,TXN000519,159.77,PENDING,2024-09-13 08:10:55.390797
520,147,Mobile Money,TXN000520,285.91,FAILED,2023-02-03 16:06:41.758243
521,192,Bank Transfer,TXN000521,837.1,PAID,2023-12-06 09:11:40.412846
522,788,Bank Transfer,TXN000522,302.2,FAILED,2023-11-22 19:31:27.863826
523,703,Mobile Money,TXN000523,423.83,PENDING,2024-11-01 04:34:30.591563
524,28,Credit Card,TXN000524,196.72,PENDING,2023-08-04 12:47:16.056634
525,149,Mobile Money,TXN000525,885.17,PENDING,2024-01-23 15:49:28.271445
526,715,Bank Transfer,TXN000526,642.88,FAILED,2023-06-06 03:31:38.189645
527,78,Bank Transfer,TXN000527,186.37,PAID,2023-11-22 18:08:49.123913
528,351,Credit Card,TXN000528,147.67,PAID,2023-02-03 06:49:22.900139
529,817,Bank Transfer,TXN000529,107.35,PENDING,2024-08-01 21:17:32.301194
530,757,Credit Card,TXN000530,853.59,FAILED,2024-12-06 16:23:15.018729
531,199,Credit Card,TXN000531,809.73,PAID,2023-06-25 05:55:57.563683
532,755,Bank Transfer,TXN000532,833.69,PENDING,2024-06-07 11:44:22.249820
533,460,Credit Card,TXN000533,864.36,PENDING,2023-05-07 16:41:46.160862
534,877,Mobile Money,TXN000534,818.23,PAID,2023-05-23 06:48:16.506157
535,314,Mobile Money,TXN000535,309.76,PENDING,2023-05-29 09:05:40.679932
536,654,Bank Transfer,TXN000536,530.9,PAID,2024-02-07 01:53:43.665520
537,201,Credit Card,TXN000537,157.02,PAID,2024-05-09 19:13:12.542490
538,831,Bank Transfer,TXN000538,645.94,FAILED,2023-03-21 08:28:28.156505
539,57,Bank Transfer,TXN000539,264.89,PAID,2023-10-09 04:28:03.881625
540,220,Mobile Money,TXN000540,838.34,PAID,2023-10-28 02:53:28.087732
541,552,Credit Card,TXN000541,775.55,PENDING,2023-02-20 05:14:17.827369
542,35,Credit Card,TXN000542,726.84,PAID,2023-07-12 23:43:04.356950
543,144,Bank Transfer,TXN000543,694.96,FAILED,2024-12-10 02:33:28.709274
544,687,Bank Transfer,TXN000544,726.26,FAILED,2024-10-24 00:20:49.295653
545,866,Bank Transfer,TXN000545,719.15,FAILED,2024-12-26 14:44:05.795344
546,742,Credit Card,TXN000546,169.3,PAID,2024-08-11 09:37:58.360345
547,252,Credit Card,TXN000547,791.31,FAILED,2023-04-08 17:48:56.479287
548,848,Bank Transfer,TXN000548,665.23,PENDING,2023-01-27 15:52:52.158468
549,238,Mobile Money,TXN000549,641.87,FAILED,2024-07-11 11:25:06.115306
550,740,Bank Transfer,TXN000550,516.6,PENDING,2024-07-11 06:07:24.437824
551,156,Bank Transfer,TXN000551,663.13,FAILED,2024-05-19 13:30:23.362038
552,825,Credit Card,TXN000552,285.56,PENDING,2024-06-05 10:36:49.898152
553,462,Credit Card,TXN000553,731.18,FAILED,2023-02-17 11:23:48.292776
554,664,Credit Card,TXN000554,520.15,PAID,2023-08-08 23:40:04.841412
555,598,Mobile Money,TXN000555,879.33,PAID,2023-08-26 00:21:34.221489
556,620,Mobile Money,TXN000556,454.43,PAID,2023-01-16 07:27:34.557192
557,185,Credit Card,TXN000557,674.6,FAILED,2024-04-12 21:07:26.843067
558,998,Mobile Money,TXN000558,586.39,PENDING,2023-10-03 06:09:24.981690
559,408,Credit Card,TXN000559,593.01,PENDING,2023-04-17 22:02:04.331944
560,960,Bank Transfer,TXN000560,633.29,PENDING,2024-11-20 00:59:41.368736
561,964,Bank Transfer,TXN000561,105.81,PENDING,2023-06-19 22:36:23.968499
562,816,Mobile Money,TXN000562,312.9,FAILED,2023-04-14 01:54:12.145425
563,261,Credit Card,TXN000563,345.87,PENDING,2023-04-29 15:47:04.480768
564,529,Mobile Money,TXN000564,132.81,PENDING,2023-07-31 15:09:30.916604
565,129,Mobile Money,TXN000565,460.27,PAID,2023-09-08 09:01:55.995892
566,479,Mobile Money,TXN000566,619.15,PAID,2024-04-07 14:26:43.912151
567,683,Bank Transfer,TXN000567,495.49,PENDING,2023-08-05 11:26:34.507971
568,820,Bank Transfer,TXN000568,807.7,FAILED,2024-03-23 06:30:57.058232
569,851,Credit Card,TXN000569,930.4,PAID,2024-12-31 10:11:53.336268
570,568,Mobile Money,TXN000570,207.58,PENDING,2023-07-29 20:09:58.006100
571,459,Bank Transfer,TXN000571,362.07,PAID,2024-06-19 03:48:32.545960
572,678,Bank Transfer,TXN000572,687.37,PENDING,2023-07-13 02:36:46.483806
573,437,Bank Transfer,TXN000573,994.22,PAID,2024-12-16 16:30:30.625384
574,376,Bank Transfer,TXN000574,978.54,FAILED,2024-12-01 13:26:33.348130
575,292,Mobile Money,TXN000575,711.99,PENDING,2024-08-03 16:17:27.678660
576,830,Bank Transfer,TXN000576,100.16,FAILED,2023-11-05 09:21:22.635684
577,569,Credit Card,TXN000577,323.82,PAID,2023-09-09 07:37:59.499598
578,149,Mobile Money,TXN000578,578.82,FAILED,2024-03-05 18:20:45.010740
579,646,Bank Transfer,TXN000579,431.51,FAILED,2023-12-19 07:07:53.475361
580,287,Mobile Money,TXN000580,450.16,FAILED,2023-07-27 22:01:07.001460
581,797,Bank Transfer,TXN000581,706.77,PAID,2024-03-24 08:55:23.400141
582,995,Mobile Money,TXN000582,614.64,PAID,2024-05-20 20:42:58.793873
583,154,Mobile Money,TXN000583,993.6,PENDING,2023-11-13 10:13:58.078904
584,174,Bank Transfer,TXN000584,531.55,PENDING,2023-02-06 08:37:33.122358
585,921,Bank Transfer,TXN000585,509.03,PENDING,2023-09-29 01:19:39.847342
586,590,Bank Transfer,TXN000586,660.73,PAID,2024-01-22 20:44:36.459380
587,500,Mobile Money,TXN000587,807.93,FAILED,2023-03-17 22:22:59.571061
588,52,Bank Transfer,TXN000588,860.8,PENDING,2024-03-26 08:05:45.873846
589,488,Credit Card,TXN000589,195.66,FAILED,2023-12-17 08:14:11.636229
590,117,Mobile Money,TXN000590,129.66,FAILED,2023-12-30 02:34:22.567373
591,403,Mobile Money,TXN000591,959.79,FAILED,2023-01-07 06:05:44.153419
592,317,Bank Transfer,TXN000592,443.36,PENDING,2023-09-26 07:04:52.545029
593,494,Bank Transfer,TXN000593,136.38,FAILED,2023-08-12 03:38:53.687938
594,283,Bank Transfer,TXN000594,462.55,PAID,2023-03-06 15:08:15.617708
595,965,Credit Card,TXN000595,767.49,FAILED,2023-08-15 21:22:41.051243
596,805,Credit Card,TXN000596,617.48,PENDING,2023-01-11 18:07:17.454886
597,773,Mobile Money,TXN000597,291.63,PENDING,2024-03-13 21:25:45.273026
598,748,Mobile Money,TXN000598,661.39,PAID,2023-01-19 15:30:50.515092
599,121,Mobile Money,TXN000599,636.07,PENDING,2023-09-02 07:00:59.848901
600,590,Mobile Money,TXN000600,587.38,FAILED,2023-07-18 02:47:20.224311
601,401,Mobile Money,TXN000601,596.8,PENDING,2024-02-21 18:06:36.667315
602,415,Credit Card,TXN000602,676.02,PAID,2024-06-04 16:21:11.730750
603,472,Credit Card,TXN000603,184.35,PENDING,2024-11-01 20:24:44.548542
604,551,Mobile Money,TXN000604,427.74,PENDING,2024-12-12 11:28:57.330494
605,891,Bank Transfer,TXN000605,856.87,PAID,2024-01-13 00:51:33.161881
606,369,Credit Card,TXN000606,866.62,FAILED,2024-01-15 13:06:08.197071
607,363,Credit Card,TXN000607,963.82,FAILED,2023-03-02 08:04:57.056397
608,988,Mobile Money,TXN000608,332.79,PAID,2023-03-31 05:27:53.899166
609,377,Credit Card,TXN000609,500.44,PAID,2024-09-23 16:10:44.477569
610,790,Mobile Money,TXN000610,835.27,PAID,2023-09-30 11:16:14.914171
611,366,Bank Transfer,TXN000611,944.67,FAILED,2024-01-14 15:15:51.759992
612,580,Credit Card,TXN000612,199.61,FAILED,2023-07-11 12:24:12.016955
613,968,Credit Card,TXN000613,906.26,PENDING,2023-11-15 00:42:04.890604
614,963,Mobile Money,TXN000614,557.88,FAILED,2023-08-02 20:27:58.985279
615,351,Mobile Money,TXN000615,860.84,PAID,2023-08-24 01:59:54.258619
616,821,Credit Card,TXN000616,268.42,PENDING,2023-11-28 07:55:24.925152
617,575,Credit Card,TXN000617,674.5,PENDING,2023-10-22 06:59:35.675439
618,247,Mobile Money,TXN000618,840.74,PENDING,2024-12-31 17:48:12.616973
619,715,Mobile Money,TXN000619,225.7,PENDING,2023-05-12 06:43:41.086791
620,601,Bank Transfer,TXN000620,647.95,FAILED,2024-04-07 19:12:34.776866
621,548,Bank Transfer,TXN000621,183.74,PAID,2023-10-01 07:14:00.192983
622,84,Mobile Money,TXN000622,468.61,PAID,2023-08-28 07:20:50.306041
623,150,Credit Card,TXN000623,533.34,PENDING,2023-06-24 17:02:58.268710
624,867,Bank Transfer,TXN000624,900.6,PAID,2024-05-18 05:35:13.179129
625,785,Credit Card,TXN000625,828.19,FAILED,2023-06-09 23:18:46.722582
626,166,Mobile Money,TXN000626,726.38,FAILED,2024-02-27 07:29:24.395320
627,102,Mobile Money,TXN000627,598.89,FAILED,2023-08-12 14:19:17.839766
628,577,Credit Card,TXN000628,233.09,PAID,2024-06-11 04:59:12.992217
629,70,Mobile Money,TXN000629,600.83,FAILED,2023-08-05 07:18:44.983957
630,836,Mobile Money,TXN000630,212.31,PENDING,2024-06-18 01:50:06.275852
631,25,Credit Card,TXN000631,572.92,PENDING,2024-03-30 10:59:20.444606
632,136,Bank Transfer,TXN000632,499.04,PAID,2024-08-25 05:00:18.133150
633,892,Bank Transfer,TXN000633,415.83,PAID,2024-12-24 21:30:51.374850
634,547,Mobile Money,TXN000634,657.5,PENDING,2024-10-05 22:43:51.844861
635,627,Mobile Money,TXN000635,102.51,PAID,2023-04-17 02:47:26.723654
636,68,Mobile Money,TXN000636,800.69,FAILED,2023-10-13 22:00:54.413097
637,174,Mobile Money,TXN000637,595.63,FAILED,2023-09-09 12:08:52.718721
638,741,Mobile Money,TXN000638,776.84,PENDING,2024-12-16 05:31:11.270924
639,11,Credit Card,TXN000639,838.38,PAID,2024-04-28 22:30:12.303348
640,791,Credit Card,TXN000640,530.8,PAID,2024-09-16 02:57:03.008359
641,497,Bank Transfer,TXN000641,955.06,FAILED,2024-11-26 06:43:37.642005
642,609,Bank Transfer,TXN000642,327.05,FAILED,2023-05-11 05:41:07.722769
643,447,Mobile Money,TXN000643,396.61,FAILED,2024-07-03 06:42:17.358892
644,468,Credit Card,TXN000644,768.0,PAID,2023-08-30 20:27:45.854572
645,419,Credit Card,TXN000645,304.78,FAILED,2023-12-17 10:35:13.369101
646,460,Credit Card,TXN000646,388.64,FAILED,2024-03-07 01:56:45.624810
647,915,Bank Transfer,TXN000647,724.23,FAILED,2023-05-20 09:34:36.374538
648,209,Mobile Money,TXN000648,776.09,PAID,2023-03-22 18:32:24.152336
649,949,Bank Transfer,TXN000649,944.19,PAID,2024-07-20 12:57:35.044733
650,581,Bank Transfer,TXN000650,493.38,PAID,2024-03-04 01:01:09.216412
651,318,Mobile Money,TXN000651,664.93,FAILED,2024-01-16 15:11:59.628565
652,562,Mobile Money,TXN000652,947.93,PAID,2023-03-20 04:57:17.946187
653,327,Mobile Money,TXN000653,878.59,PENDING,2024-01-24 15:12:58.472440
654,834,Mobile Money,TXN000654,904.33,PAID,2024-07-27 22:02:33.064960
655,769,Mobile Money,TXN000655,834.64,PENDING,2024-05-22 14:21:17.723074
656,410,Mobile Money,TXN000656,883.36,PAID,2023-08-15 22:45:56.126985
657,720,Mobile Money,TXN000657,655.87,PAID,2023-08-22 16:11:14.949708
658,515,Bank Transfer,TXN000658,526.35,PENDING,2024-03-10 20:03:52.663695
659,711,Credit Card,TXN000659,765.16,FAILED,2023-11-24 23:05:53.337266
660,501,Bank Transfer,TXN000660,792.01,PAID,2024-02-07 21:09:05.305219
661,913,Bank Transfer,TXN000661,752.32,FAILED,2024-11-02 22:25:18.558173
662,186,Bank Transfer,TXN000662,841.41,FAILED,2024-09-06 19:44:24.123634
663,785,Bank Transfer,TXN000663,793.7,PAID,2023-11-27 08:49:42.246596
664,206,Credit Card,TXN000664,687.7,PENDING,2023-11-17 15:02:58.563273
665,342,Mobile Money,TXN000665,210.51,FAILED,2023-12-30 11:28:05.396383
666,355,Mobile Money,TXN000666,744.06,PAID,2023-08-10 10:31:11.837309
667,470,Bank Transfer,TXN000667,749.8,PAID,2024-10-30 23:00:10.838416
668,567,Mobile Money,TXN000668,769.82,PAID,2024-09-06 01:26:34.921775
669,641,Mobile Money,TXN000669,367.77,PAID,2023-11-30 01:43:58.154651
670,709,Bank Transfer,TXN000670,459.45,PAID,2023-05-19 13:45:09.399254
671,217,Bank Transfer,TXN000671,982.78,FAILED,2023-02-21 21:26:03.199078
672,442,Credit Card,TXN000672,920.3,PENDING,2023-12-24 01:35:28.473387
673,247,Credit Card,TXN000673,479.99,PENDING,2023-02-11 12:40:55.903448
674,647,Mobile Money,TXN000674,207.68,FAILED,2023-11-09 07:14:49.516320
675,468,Credit Card,TXN000675,736.33,FAILED,2023-08-10 22:43:10.701869
676,145,Mobile Money,TXN000676,826.7,PENDING,2023-08-29 08:56:22.243836
677,375,Mobile Money,TXN000677,672.42,PENDING,2024-04-22 23:01:12.174616
678,374,Bank Transfer,TXN000678,611.64,PENDING,2023-04-21 09:37:56.776892
679,295,Mobile Money,TXN000679,921.0,FAILED,2024-07-06 17:53:31.867405
680,926,Mobile Money,TXN000680,574.74,PAID,2024-09-30 19:48:48.404117
681,55,Mobile Money,TXN000681,625.34,PENDING,2024-07-26 04:42:20.025039
682,13,Credit Card,TXN000682,936.81,PAID,2023-11-26 02:39:40.166880
683,355,Credit Card,TXN000683,551.52,PENDING,2024-03-18 23:02:48.759459
684,487,Mobile Money,TXN000684,229.9,PENDING,2023-12-22 00:17:22.112228
685,410,Credit Card,TXN000685,524.69,PAID,2023-03-28 23:31:43.321746
686,834,Mobile Money,TXN000686,963.1,PENDING,2023-11-05 09:18:00.883990
687,895,Mobile Money,TXN000687,694.48,PENDING,2023-12-27 20:31:21.400774
688,282,Bank Transfer,TXN000688,570.73,PENDING,2023-11-13 11:28:59.330557
689,753,Mobile Money,TXN000689,357.86,PAID,2023-11-15 19:42:51.323541
690,80,Mobile Money,TXN000690,788.36,PENDING,2023-06-12 07:45:47.919572
691,280,Mobile Money,TXN000691,318.51,PAID,2023-10-25 13:18:16.973543
692,580,Credit Card,TXN000692,175.18,PENDING,2024-09-21 08:22:24.801987
693,59,Bank Transfer,TXN000693,739.09,FAILED,2023-07-05 13:39:04.076628
694,293,Mobile Money,TXN000694,476.42,PAID,2024-02-15 06:58:40.064598
695,877,Bank Transfer,TXN000695,822.35,FAILED,2024-08-30 12:53:09.395615
696,771,Bank Transfer,TXN000696,627.74,PENDING,2023-04-08 07:13:11.319995
697,823,Mobile Money,TXN000697,227.23,PENDING,2024-04-24 19:04:12.419617
698,30,Mobile Money,TXN000698,204.9,FAILED,2024-09-13 09:03:01.056177
699,886,Mobile Money,TXN000699,773.67,FAILED,2024-04-12 23:57:36.183908
700,433,Mobile Money,TXN000700,686.12,PENDING,2024-04-22 04:51:29.014081
701,227,Bank Transfer,TXN000701,352.16,PAID,2024-03-18 18:33:37.078403
702,839,Credit Card,TXN000702,834.11,PENDING,2023-11-15 15:18:48.688965
703,35,Mobile Money,TXN000703,941.14,PENDING,2023-11-15 21:16:11.802184
704,883,Mobile Money,TXN000704,108.55,PENDING,2024-12-11 07:17:59.842973
705,675,Bank Transfer,TXN000705,909.21,PAID,2023-09-24 01:12:20.390322
706,640,Mobile Money,TXN000706,641.83,PAID,2023-01-06 15:38:20.091269
707,433,Mobile Money,TXN000707,639.71,PAID,2024-07-27 18:38:10.969061
708,398,Credit Card,TXN000708,194.28,PAID,2024-01-20 07:19:14.086715
709,163,Bank Transfer,TXN000709,195.83,FAILED,2024-11-13 22:20:57.616900
710,995,Credit Card,TXN000710,252.55,FAILED,2023-09-20 02:52:20.801737
711,527,Bank Transfer,TXN000711,455.6,PENDING,2023-12-20 22:00:17.194060
712,509,Bank Transfer,TXN000712,687.19,PAID,2024-02-11 07:54:27.899015
713,649,Credit Card,TXN000713,205.11,PENDING,2023-06-22 06:40:52.368284
714,97,Mobile Money,TXN000714,515.36,PAID,2023-07-21 21:18:01.222261
715,740,Credit Card,TXN000715,659.54,PENDING,2023-01-30 12:33:51.145555
716,774,Mobile Money,TXN000716,595.31,FAILED,2023-08-29 16:45:29.847221
717,136,Mobile Money,TXN000717,468.1,FAILED,2024-03-06 20:52:36.411969
718,32,Credit Card,TXN000718,312.23,PENDING,2024-09-24 11:43:25.196852
719,693,Credit Card,TXN000719,143.47,PENDING,2023-12-28 18:21:07.823040
720,577,Mobile Money,TXN000720,345.97,FAILED,2024-05-05 07:03:23.845957
721,137,Credit Card,TXN000721,235.84,PENDING,2023-10-06 12:07:42.152854
722,200,Credit Card,TXN000722,967.94,PENDING,2024-04-13 23:40:24.962664
723,454,Mobile Money,TXN000723,632.45,PAID,2023-02-08 10:42:42.574168
724,296,Credit Card,TXN000724,937.73,PAID,2024-02-24 04:38:24.666902
725,24,Credit Card,TXN000725,539.24,FAILED,2023-10-19 04:37:50.825125
726,117,Bank Transfer,TXN000726,119.84,PENDING,2023-05-09 05:23:59.002920
727,742,Bank Transfer,TXN000727,834.94,FAILED,2023-06-06 01:48:57.125054
728,19,Credit Card,TXN000728,373.47,FAILED,2023-11-18 08:30:11.768946
729,751,Mobile Money,TXN000729,694.04,PAID,2023-05-22 21:26:04.850842
730,254,Mobile Money,TXN000730,190.47,PENDING,2024-02-07 13:09:29.153527
731,927,Mobile Money,TXN000731,969.61,PENDING,2023-04-15 01:34:37.926123
732,73,Bank Transfer,TXN000732,392.89,FAILED,2024-08-25 21:27:00.097158
733,944,Bank Transfer,TXN000733,317.37,FAILED,2023-06-11 20:53:52.904067
734,543,Mobile Money,TXN000734,303.71,FAILED,2023-09-12 06:48:03.126293
735,403,Bank Transfer,TXN000735,681.84,PENDING,2024-01-24 05:29:16.540830
736,672,Bank Transfer,TXN000736,505.91,PAID,2023-12-25 14:35:13.045077
737,682,Credit Card,TXN000737,594.31,PAID,2024-09-20 07:54:02.095453
738,698,Bank Transfer,TXN000738,843.3,PENDING,2024-09-16 02:11:32.223357
739,914,Mobile Money,TXN000739,966.59,PENDING,2024-11-03 20:50:32.157172
740,653,Credit Card,TXN000740,605.14,PENDING,2023-03-06 10:04:21.270542
741,621,Credit Card,TXN000741,990.74,FAILED,2024-09-07 06:05:30.820722
742,793,Mobile Money,TXN000742,505.29,PENDING,2024-07-19 23:47:16.120104
743,710,Bank Transfer,TXN000743,490.07,PAID,2023-07-03 09:01:48.045017
744,615,Mobile Money,TXN000744,946.06,PENDING,2023-01-02 01:15:01.846393
745,751,Mobile Money,TXN000745,374.14,FAILED,2023-08-11 14:42:02.344811
746,958,Bank Transfer,TXN000746,963.67,FAILED,2023-02-18 18:31:05.618186
747,549,Bank Transfer,TXN000747,506.76,FAILED,2023-03-29 03:01:15.460293
748,323,Bank Transfer,TXN000748,972.03,FAILED,2024-02-22 09:54:13.713249
749,228,Mobile Money,TXN000749,692.59,PENDING,2023-03-17 15:35:21.782595
750,307,Bank Transfer,TXN000750,122.79,PENDING,2024-01-01 12:15:23.903711
751,583,Bank Transfer,TXN000751,971.38,FAILED,2023-03-27 01:06:53.274606
752,478,Mobile Money,TXN000752,664.57,PAID,2024-11-18 22:14:17.963657
753,89,Bank Transfer,TXN000753,374.83,PAID,2024-04-01 09:44:56.748470
754,130,Credit Card,TXN000754,551.64,PENDING,2023-02-09 00:17:41.124142
755,857,Mobile Money,TXN000755,395.78,PENDING,2024-07-10 21:09:00.009312
756,773,Bank Transfer,TXN000756,782.68,PAID,2024-08-13 18:08:55.146461
757,182,Credit Card,TXN000757,398.24,PAID,2024-05-31 03:57:58.088190
758,854,Bank Transfer,TXN000758,473.68,PENDING,2024-09-27 01:07:45.820727
759,415,Credit Card,TXN000759,814.84,FAILED,2024-10-05 04:48:47.624516
760,81,Mobile Money,TXN000760,281.41,FAILED,2023-07-13 02:22:10.154404
761,13,Credit Card,TXN000761,741.11,PENDING,2024-09-08 21:24:38.371166
762,902,Credit Card,TXN000762,363.12,FAILED,2023-05-09 03:05:30.296172
763,780,Credit Card,TXN000763,537.36,FAILED,2023-12-07 20:13:10.429423
764,458,Mobile Money,TXN000764,382.23,PAID,2024-11-30 19:03:28.605344
765,370,Bank Transfer,TXN000765,592.72,FAILED,2024-12-14 03:09:53.892124
766,51,Mobile Money,TXN000766,914.6,PAID,2023-06-13 12:07:12.869082
767,499,Mobile Money,TXN000767,147.02,FAILED,2023-06-13 20:41:16.939861
768,515,Credit Card,TXN000768,421.62,PAID,2023-06-01 15:11:21.521340
769,550,Credit Card,TXN000769,936.04,PENDING,2024-03-07 18:32:42.316896
770,560,Credit Card,TXN000770,449.15,PENDING,2024-05-09 13:22:09.623444
771,836,Mobile Money,TXN000771,878.16,PAID,2024-06-16 23:22:38.508283
772,73,Bank Transfer,TXN000772,754.98,PENDING,2024-03-05 18:27:42.506532
773,612,Mobile Money,TXN000773,434.05,PENDING,2023-11-14 07:21:49.750520
774,920,Credit Card,TXN000774,971.83,FAILED,2024-01-14 21:36:26.539190
775,757,Mobile Money,TXN000775,570.51,PAID,2024-06-10 07:58:52.809710
776,952,Credit Card,TXN000776,486.77,FAILED,2024-11-28 22:14:48.390481
777,496,Mobile Money,TXN000777,801.93,FAILED,2023-01-10 07:43:59.721693
778,952,Mobile Money,TXN000778,224.2,PAID,2023-01-13 11:11:22.086377
779,741,Mobile Money,TXN000779,551.71,PENDING,2023-08-12 15:02:07.978663
780,455,Mobile Money,TXN000780,388.11,FAILED,2023-10-06 00:59:08.706759
781,302,Bank Transfer,TXN000781,647.47,PAID,2023-09-15 11:48:18.613741
782,747,Credit Card,TXN000782,540.69,PAID,2024-08-31 06:48:18.142957
783,621,Bank Transfer,TXN000783,976.77,PENDING,2024-08-20 13:10:44.744391
784,1000,Mobile Money,TXN000784,117.6,PAID,2023-05-25 13:16:59.628983
785,139,Bank Transfer,TXN000785,535.46,PENDING,2023-05-05 15:26:48.751456
786,52,Mobile Money,TXN000786,607.08,FAILED,2023-05-06 11:39:58.817963
787,629,Mobile Money,TXN000787,181.65,FAILED,2024-10-01 11:44:03.243837
788,893,Bank Transfer,TXN000788,773.45,PAID,2024-03-21 05:21:07.244882
789,903,Credit Card,TXN000789,437.61,PAID,2023-04-28 20:58:48.683101
790,304,Credit Card,TXN000790,597.59,PENDING,2023-05-31 15:26:10.285739
791,62,Bank Transfer,TXN000791,806.98,FAILED,2023-05-29 02:48:43.020954
792,449,Mobile Money,TXN000792,480.16,PENDING,2024-12-22 17:08:47.634446
793,153,Mobile Money,TXN000793,370.18,PENDING,2023-07-08 19:56:46.077798
794,655,Bank Transfer,TXN000794,165.92,PAID,2023-08-21 06:53:58.733755
795,147,Bank Transfer,TXN000795,416.97,PAID,2023-12-24 14:17:46.023457
796,275,Bank Transfer,TXN000796,203.12,PAID,2023-10-19 14:42:21.531675
797,883,Mobile Money,TXN000797,709.35,PENDING,2024-12-24 08:49:10.147027
798,794,Credit Card,TXN000798,208.07,PENDING,2024-08-30 16:13:57.981444
799,779,Bank Transfer,TXN000799,840.7,PENDING,2024-12-16 20:53:12.450316
800,805,Mobile Money,TXN000800,897.25,PENDING,2024-03-14 10:37:50.420209
801,742,Bank Transfer,TXN000801,235.76,PAID,2024-03-19 19:41:13.540697
802,884,Mobile Money,TXN000802,562.14,PAID,2023-02-28 04:01:37.202888
803,132,Credit Card,TXN000803,770.13,PENDING,2023-10-16 21:22:14.057038
804,982,Credit Card,TXN000804,260.42,PAID,2024-12-29 13:01:03.520392
805,189,Mobile Money,TXN000805,829.38,FAILED,2023-04-28 22:30:55.734253
806,263,Bank Transfer,TXN000806,150.16,FAILED,2023-11-05 09:01:16.556373
807,16,Credit Card,TXN000807,665.2,PENDING,2024-08-04 02:01:10.258067
808,428,Bank Transfer,TXN000808,519.08,PENDING,2023-06-14 00:46:17.609384
809,374,Credit Card,TXN000809,572.98,PENDING,2023-10-23 00:47:16.571251
810,443,Credit Card,TXN000810,752.0,FAILED,2024-06-02 16:13:52.434739
811,829,Bank Transfer,TXN000811,916.29,PAID,2024-08-22 05:24:59.851483
812,242,Bank Transfer,TXN000812,362.0,PENDING,2024-03-18 01:10:20.161287
813,838,Mobile Money,TXN000813,837.71,PAID,2023-02-07 06:47:17.289807
814,389,Bank Transfer,TXN000814,926.77,PENDING,2024-11-26 14:53:31.092119
815,139,Credit Card,TXN000815,831.64,PAID,2024-10-18 03:53:36.356177
816,182,Mobile Money,TXN000816,678.78,FAILED,2023-04-12 02:47:12.708618
817,407,Credit Card,TXN000817,822.23,FAILED,2023-09-23 06:50:42.301682
818,289,Credit Card,TXN000818,219.95,FAILED,2024-08-12 13:44:01.090775
819,954,Credit Card,TXN000819,113.09,PAID,2023-07-15 06:19:05.688678
820,610,Credit Card,TXN000820,112.9,FAILED,2024-08-04 11:54:44.930006
821,950,Mobile Money,TXN000821,172.66,FAILED,2024-09-12 14:11:00.495753
822,924,Credit Card,TXN000822,608.82,PENDING,2023-02-28 06:13:47.414919
823,49,Mobile Money,TXN000823,455.79,PENDING,2024-07-20 01:22:39.598299
824,452,Mobile Money,TXN000824,384.5,PAID,2023-03-06 22:00:05.377840
825,469,Mobile Money,TXN000825,141.21,FAILED,2023-04-09 03:33:38.653740
826,870,Credit Card,TXN000826,595.87,FAILED,2023-09-16 09:35:05.025402
827,922,Mobile Money,TXN000827,897.71,PAID,2024-10-23 23:29:50.836788
828,256,Bank Transfer,TXN000828,717.18,PENDING,2024-07-13 08:07:44.358125
829,192,Mobile Money,TXN000829,935.93,PENDING,2023-07-25 03:59:25.836631
830,856,Bank Transfer,TXN000830,116.98,PENDING,2023-06-06 07:04:58.878567
831,287,Mobile Money,TXN000831,644.97,FAILED,2024-07-18 15:40:10.345300
832,725,Bank Transfer,TXN000832,159.57,PAID,2024-12-21 03:47:56.901550
833,412,Mobile Money,TXN000833,654.6,FAILED,2023-11-28 04:40:03.107184
834,442,Credit Card,TXN000834,141.76,PAID,2024-09-03 02:11:25.343238
835,571,Mobile Money,TXN000835,927.89,FAILED,2024-06-05 18:53:50.042732
836,821,Mobile Money,TXN000836,598.73,PAID,2024-04-29 19:17:57.080004
837,273,Credit Card,TXN000837,385.58,PENDING,2024-10-31 14:15:44.341911
838,854,Credit Card,TXN000838,790.95,PENDING,2023-12-28 23:00:28.175818
839,414,Credit Card,TXN000839,107.16,FAILED,2024-09-05 23:27:05.384690
840,278,Bank Transfer,TXN000840,607.55,FAILED,2023-12-04 10:51:25.362784
841,842,Mobile Money,TXN000841,177.68,PAID,2024-02-26 02:25:09.232170
842,664,Bank Transfer,TXN000842,304.11,PENDING,2024-11-21 22:50:00.650578
843,718,Bank Transfer,TXN000843,758.08,PENDING,2023-01-13 04:28:09.355475
844,898,Credit Card,TXN000844,444.43,PENDING,2023-11-16 21:40:49.557915
845,401,Bank Transfer,TXN000845,657.27,PENDING,2024-10-06 22:06:55.999210
846,562,Bank Transfer,TXN000846,318.09,FAILED,2024-12-02 08:17:18.937683
847,761,Bank Transfer,TXN000847,888.03,FAILED,2024-11-04 19:11:58.353178
848,302,Credit Card,TXN000848,867.03,PENDING,2023-03-07 02:48:02.986722
849,149,Bank Transfer,TXN000849,475.97,FAILED,2023-05-25 04:20:08.024977
850,923,Mobile Money,TXN000850,130.71,PAID,2023-08-25 22:32:28.591980
851,492,Bank Transfer,TXN000851,678.2,PENDING,2024-02-05 01:42:29.109745
852,627,Mobile Money,TXN000852,842.18,PENDING,2023-06-16 23:32:52.027646
853,450,Bank Transfer,TXN000853,573.95,PAID,2023-12-01 07:36:48.881362
854,371,Bank Transfer,TXN000854,385.79,PENDING,2023-06-08 08:37:39.976753
855,875,Mobile Money,TXN000855,812.69,PENDING,2023-02-11 05:51:42.936257
856,827,Bank Transfer,TXN000856,344.85,PAID,2023-03-20 20:32:56.572107
857,603,Credit Card,TXN000857,356.06,FAILED,2024-06-25 08:21:10.757915
858,802,Credit Card,TXN000858,344.69,PENDING,2024-05-12 23:19:18.495280
859,21,Credit Card,TXN000859,313.72,PAID,2024-03-11 11:30:22.230456
860,151,Bank Transfer,TXN000860,670.98,PAID,2023-12-14 23:37:27.391443
861,531,Bank Transfer,TXN000861,178.79,FAILED,2024-10-10 20:15:25.438472
862,596,Credit Card,TXN000862,791.02,PENDING,2023-11-29 01:32:00.613241
863,671,Bank Transfer,TXN000863,611.23,PENDING,2023-11-03 02:54:08.457251
864,392,Credit Card,TXN000864,779.44,FAILED,2024-12-18 10:35:41.978476
865,157,Bank Transfer,TXN000865,641.83,PAID,2023-02-01 20:24:52.233768
866,31,Mobile Money,TXN000866,691.97,PENDING,2023-08-18 02:16:18.755984
867,283,Bank Transfer,TXN000867,547.46,FAILED,2023-04-02 18:12:51.822348
868,769,Bank Transfer,TXN000868,474.37,PAID,2023-06-26 10:33:08.967803
869,543,Mobile Money,TXN000869,759.79,PAID,2023-08-04 21:47:31.036189
870,506,Credit Card,TXN000870,424.19,PAID,2023-09-28 03:03:00.757438
871,852,Bank Transfer,TXN000871,987.36,PAID,2023-07-06 17:12:27.885095
872,888,Credit Card,TXN000872,337.5,PENDING,2024-08-31 21:18:33.208253
873,154,Mobile Money,TXN000873,807.98,PENDING,2024-10-07 09:33:41.921992
874,855,Bank Transfer,TXN000874,451.09,PAID,2023-05-14 14:22:37.707970
875,982,Credit Card,TXN000875,726.19,FAILED,2024-03-02 06:01:32.117332
876,929,Credit Card,TXN000876,640.94,PAID,2023-09-17 15:32:19.419046
877,283,Mobile Money,TXN000877,137.54,PAID,2023-02-14 22:18:56.819883
878,972,Credit Card,TXN000878,601.17,PENDING,2024-02-23 15:35:23.829592
879,143,Mobile Money,TXN000879,693.06,PENDING,2024-02-27 03:58:58.471570
880,844,Bank Transfer,TXN000880,401.67,FAILED,2024-06-09 15:32:46.088957
881,586,Credit Card,TXN000881,191.49,FAILED,2023-08-19 08:26:41.877870
882,279,Mobile Money,TXN000882,160.87,PENDING,2024-12-10 21:05:40.026938
883,490,Bank Transfer,TXN000883,695.91,PAID,2024-09-14 11:24:31.989743
884,592,Mobile Money,TXN000884,996.78,PENDING,2023-06-22 06:36:14.339022
885,7,Bank Transfer,TXN000885,916.65,PAID,2024-08-11 07:57:06.163901
886,968,Credit Card,TXN000886,608.57,PAID,2023-04-28 09:47:43.733551
887,962,Bank Transfer,TXN000887,676.15,FAILED,2024-09-26 19:36:16.200458
888,836,Bank Transfer,TXN000888,666.23,FAILED,2024-10-28 01:46:41.689043
889,269,Credit Card,TXN000889,578.58,PENDING,2023-08-26 13:55:19.892137
890,966,Bank Transfer,TXN000890,562.18,FAILED,2023-03-10 10:29:21.508169
891,599,Mobile Money,TXN000891,248.21,PAID,2024-04-09 03:41:01.281817
892,230,Mobile Money,TXN000892,598.2,PAID,2023-08-11 11:34:10.912185
893,233,Mobile Money,TXN000893,825.8,PAID,2024-12-09 07:37:27.686794
894,240,Credit Card,TXN000894,321.41,FAILED,2023-07-02 06:02:14.513811
895,993,Bank Transfer,TXN000895,488.61,FAILED,2023-08-13 10:44:29.428204
896,384,Bank Transfer,TXN000896,757.59,PAID,2024-11-30 14:01:29.768821
897,881,Bank Transfer,TXN000897,230.94,PAID,2024-10-30 17:14:12.027669
898,171,Mobile Money,TXN000898,727.11,PAID,2024-07-22 03:09:28.183620
899,389,Credit Card,TXN000899,581.05,PENDING,2023-08-13 14:53:55.511354
900,305,Bank Transfer,TXN000900,860.63,PENDING,2023-03-27 04:21:39.564326
901,716,Mobile Money,TXN000901,816.73,PENDING,2023-10-02 05:02:23.299025
902,761,Credit Card,TXN000902,797.77,FAILED,2023-05-19 21:00:09.405476
903,137,Bank Transfer,TXN000903,429.45,FAILED,2023-05-04 08:33:54.573017
904,213,Bank Transfer,TXN000904,522.86,FAILED,2024-01-01 10:51:52.215812
905,572,Mobile Money,TXN000905,969.65,PAID,2023-08-10 06:10:49.464096
906,744,Mobile Money,TXN000906,850.1,PAID,2024-10-11 10:22:17.034072
907,35,Mobile Money,TXN000907,356.09,PENDING,2023-05-18 01:16:17.021599
908,635,Bank Transfer,TXN000908,966.05,PENDING,2024-09-10 03:08:58.831215
909,464,Credit Card,TXN000909,237.48,PENDING,2024-01-17 10:24:19.555524
910,995,Bank Transfer,TXN000910,883.92,FAILED,2024-06-20 22:25:46.099701
911,222,Bank Transfer,TXN000911,682.58,PENDING,2023-02-04 18:08:29.767468
912,809,Credit Card,TXN000912,585.91,PENDING,2024-07-27 16:50:31.329276
913,664,Mobile Money,TXN000913,593.48,PENDING,2024-09-29 22:21:39.639497
914,17,Credit Card,TXN000914,900.01,FAILED,2023-11-02 17:40:59.489253
915,769,Bank Transfer,TXN000915,663.01,PAID,2024-04-30 18:44:43.067697
916,109,Mobile Money,TXN000916,700.11,PAID,2024-11-04 03:24:14.337026
917,303,Mobile Money,TXN000917,218.19,PAID,2023-10-20 12:50:10.948147
918,163,Bank Transfer,TXN000918,436.69,PAID,2024-11-18 03:44:38.377343
919,912,Mobile Money,TXN000919,272.64,PENDING,2024-08-06 14:57:22.250176
920,66,Credit Card,TXN000920,937.06,PENDING,2023-07-25 14:41:18.175900
921,494,Mobile Money,TXN000921,885.08,PENDING,2024-06-13 02:56:29.981706
922,55,Credit Card,TXN000922,234.19,FAILED,2023-08-12 02:17:28.214609
923,428,Mobile Money,TXN000923,385.97,PAID,2024-10-13 00:59:02.587847
924,100,Bank Transfer,TXN000924,643.43,PAID,2023-12-25 09:48:33.840056
925,352,Credit Card,TXN000925,302.72,FAILED,2024-08-08 05:44:24.781472
926,391,Mobile Money,TXN000926,293.74,FAILED,2024-02-29 17:06:04.217966
927,982,Mobile Money,TXN000927,584.85,PENDING,2024-07-01 17:27:13.585685
928,759,Bank Transfer,TXN000928,543.23,PAID,2024-02-04 21:10:19.173901
929,563,Mobile Money,TXN000929,768.44,PENDING,2023-10-02 12:42:35.370949
930,198,Credit Card,TXN000930,660.4,PAID,2024-11-03 04:29:40.560785
931,99,Bank Transfer,TXN000931,435.37,PAID,2023-05-08 08:13:59.365652
932,99,Bank Transfer,TXN000932,318.44,PAID,2024-06-07 18:37:22.284279
933,700,Mobile Money,TXN000933,324.24,PENDING,2024-06-22 12:07:34.057309
934,891,Bank Transfer,TXN000934,853.72,PENDING,2023-01-14 02:40:37.972182
935,523,Mobile Money,TXN000935,930.86,FAILED,2023-03-13 10:39:14.257136
936,285,Credit Card,TXN000936,427.02,PAID,2024-04-03 22:08:00.501537
937,673,Mobile Money,TXN000937,119.07,PENDING,2023-06-21 14:42:05.562641
938,733,Mobile Money,TXN000938,320.8,PAID,2024-06-13 23:02:23.548444
939,580,Bank Transfer,TXN000939,469.07,PAID,2024-02-09 09:05:19.910057
940,601,Bank Transfer,TXN000940,685.6,PENDING,2023-07-23 09:04:24.176758
941,797,Mobile Money,TXN000941,137.55,PENDING,2024-06-13 11:14:50.722957
942,751,Credit Card,TXN000942,751.77,FAILED,2024-06-29 00:31:35.471326
943,788,Credit Card,TXN000943,787.15,PENDING,2023-01-20 11:32:16.142198
944,83,Mobile Money,TXN000944,816.03,PENDING,2023-09-16 21:44:44.518186
945,626,Credit Card,TXN000945,207.82,PENDING,2024-01-01 04:34:08.567676
946,947,Mobile Money,TXN000946,725.9,PENDING,2023-04-14 21:30:57.315498
947,655,Credit Card,TXN000947,304.15,PAID,2024-10-14 14:30:19.625732
948,129,Credit Card,TXN000948,981.55,FAILED,2023-10-23 17:51:48.112931
949,367,Bank Transfer,TXN000949,843.87,PENDING,2023-09-02 10:01:58.238710
950,430,Bank Transfer,TXN000950,389.93,PENDING,2023-01-20 14:31:31.864787
951,654,Bank Transfer,TXN000951,790.44,FAILED,2024-05-27 09:41:40.138089
952,637,Credit Card,TXN000952,581.72,PENDING,2024-03-11 23:34:49.807412
953,515,Credit Card,TXN000953,592.96,PENDING,2023-03-05 01:27:30.177697
954,636,Bank Transfer,TXN000954,438.0,PENDING,2024-02-25 15:33:04.235979
955,933,Mobile Money,TXN000955,888.64,FAILED,2023-02-26 12:08:44.486035
956,551,Credit Card,TXN000956,523.93,FAILED,2024-09-30 01:37:47.088206
957,801,Credit Card,TXN000957,312.72,PAID,2024-12-06 04:20:18.861507
958,990,Credit Card,TXN000958,845.17,FAILED,2023-12-06 22:55:52.176982
959,511,Mobile Money,TXN000959,870.4,FAILED,2024-10-31 15:54:46.207975
960,402,Bank Transfer,TXN000960,826.68,PAID,2023-07-04 20:56:01.687038
961,42,Credit Card,TXN000961,596.7,FAILED,2023-10-09 19:11:33.251340
962,863,Bank Transfer,TXN000962,559.76,PENDING,2023-12-12 21:16:42.306885
963,616,Bank Transfer,TXN000963,710.96,PENDING,2023-12-09 19:22:23.467160
964,229,Bank Transfer,TXN000964,554.89,PENDING,2024-12-13 04:09:37.154827
965,876,Mobile Money,TXN000965,754.82,PAID,2023-10-16 20:51:07.485764
966,879,Mobile Money,TXN000966,513.27,FAILED,2024-12-18 00:32:01.803447
967,802,Mobile Money,TXN000967,353.06,PAID,2023-05-22 12:36:08.024298
968,982,Bank Transfer,TXN000968,375.04,PAID,2023-12-28 14:55:08.055570
969,855,Bank Transfer,TXN000969,104.99,FAILED,2024-05-19 01:15:09.938438
970,615,Mobile Money,TXN000970,110.6,FAILED,2024-06-10 01:19:31.582185
971,377,Credit Card,TXN000971,311.56,FAILED,2023-04-01 00:14:20.501011
972,785,Credit Card,TXN000972,113.72,FAILED,2023-04-06 22:57:57.687368
973,700,Bank Transfer,TXN000973,924.26,PAID,2024-09-24 10:36:26.557359
974,783,Mobile Money,TXN000974,758.35,PENDING,2023-04-30 00:21:59.520434
975,950,Credit Card,TXN000975,846.33,FAILED,2023-12-08 08:57:24.383309
976,264,Mobile Money,TXN000976,946.53,PAID,2024-10-13 04:27:22.402297
977,915,Credit Card,TXN000977,490.59,PENDING,2023-01-05 10:04:29.834720
978,445,Mobile Money,TXN000978,677.78,PENDING,2023-03-03 15:19:26.981333
979,730,Mobile Money,TXN000979,305.05,PAID,2023-06-03 10:07:29.659134
980,983,Bank Transfer,TXN000980,157.96,PAID,2023-08-22 18:32:54.639143
981,82,Bank Transfer,TXN000981,609.7,PENDING,2024-05-12 06:46:36.575746
982,745,Credit Card,TXN000982,692.9,FAILED,2024-06-17 03:22:08.134705
983,156,Mobile Money,TXN000983,837.74,PENDING,2023-12-16 17:10:33.546576
984,106,Mobile Money,TXN000984,722.05,PAID,2023-06-01 09:05:03.613780
985,871,Credit Card,TXN000985,628.99,PAID,2024-05-30 01:19:29.057620
986,614,Bank Transfer,TXN000986,921.66,PAID,2023-06-01 10:20:32.317696
987,37,Bank Transfer,TXN000987,935.34,PAID,2023-01-08 11:49:30.651969
988,801,Credit Card,TXN000988,333.81,PAID,2023-11-25 16:28:46.316468
989,123,Credit Card,TXN000989,165.29,PENDING,2024-05-03 15:06:35.469696
990,629,Mobile Money,TXN000990,860.88,PENDING,2024-10-21 11:12:06.574563
991,653,Bank Transfer,TXN000991,320.11,FAILED,2024-07-22 02:20:37.702880
992,638,Mobile Money,TXN000992,454.75,PENDING,2024-10-01 09:38:33.709187
993,22,Mobile Money,TXN000993,345.11,PENDING,2023-03-19 21:55:33.725383
994,897,Bank Transfer,TXN000994,863.89,PENDING,2023-07-24 08:17:32.590091
995,980,Credit Card,TXN000995,170.83,PENDING,2023-06-01 10:44:18.740458
996,857,Bank Transfer,TXN000996,863.55,FAILED,2024-07-10 06:54:24.057697
997,155,Mobile Money,TXN000997,445.38,FAILED,2023-06-18 16:43:11.897978
998,309,Credit Card,TXN000998,431.45,PENDING,2023-06-17 06:49:09.893373
999,672,Bank Transfer,TXN000999,948.55,PAID,2023-06-08 04:24:39.094601
1000,362,Bank Transfer,TXN001000,936.53,PENDING,2024-07-21 07:17:22.340469
