id,name
1,Tag 1
2,Tag 2
3,Tag 3
4,Tag 4
5,Tag 5
6,Tag 6
7,Tag 7
8,Tag 8
9,Tag 9
10,Tag 10
11,Tag 11
12,Tag 12
13,Tag 13
14,Tag 14
15,Tag 15
16,Tag 16
17,Tag 17
18,Tag 18
19,Tag 19
20,Tag 20
21,Tag 21
22,Tag 22
23,Tag 23
24,Tag 24
25,Tag 25
26,Tag 26
27,Tag 27
28,Tag 28
29,Tag 29
30,Tag 30
31,Tag 31
32,Tag 32
33,Tag 33
34,Tag 34
35,Tag 35
36,Tag 36
37,Tag 37
38,Tag 38
39,Tag 39
40,Tag 40
41,Tag 41
42,Tag 42
43,Tag 43
44,Tag 44
45,Tag 45
46,Tag 46
47,Tag 47
48,Tag 48
49,Tag 49
50,Tag 50
51,Tag 51
52,Tag 52
53,Tag 53
54,Tag 54
55,Tag 55
56,Tag 56
57,Tag 57
58,Tag 58
59,Tag 59
60,Tag 60
61,Tag 61
62,Tag 62
63,Tag 63
64,Tag 64
65,Tag 65
66,Tag 66
67,Tag 67
68,Tag 68
69,Tag 69
70,Tag 70
71,Tag 71
72,Tag 72
73,Tag 73
74,Tag 74
75,Tag 75
76,Tag 76
77,Tag 77
78,Tag 78
79,Tag 79
80,Tag 80
81,Tag 81
82,Tag 82
83,Tag 83
84,Tag 84
85,Tag 85
86,Tag 86
87,Tag 87
88,Tag 88
89,Tag 89
90,Tag 90
91,Tag 91
92,Tag 92
93,Tag 93
94,Tag 94
95,Tag 95
96,Tag 96
97,Tag 97
98,Tag 98
99,Tag 99
100,Tag 100
101,Tag 101
102,Tag 102
103,Tag 103
104,Tag 104
105,Tag 105
106,Tag 106
107,Tag 107
108,Tag 108
109,Tag 109
110,Tag 110
111,Tag 111
112,Tag 112
113,Tag 113
114,Tag 114
115,Tag 115
116,Tag 116
117,Tag 117
118,Tag 118
119,Tag 119
120,Tag 120
121,Tag 121
122,Tag 122
123,Tag 123
124,Tag 124
125,Tag 125
126,Tag 126
127,Tag 127
128,Tag 128
129,Tag 129
130,Tag 130
131,Tag 131
132,Tag 132
133,Tag 133
134,Tag 134
135,Tag 135
136,Tag 136
137,Tag 137
138,Tag 138
139,Tag 139
140,Tag 140
141,Tag 141
142,Tag 142
143,Tag 143
144,Tag 144
145,Tag 145
146,Tag 146
147,Tag 147
148,Tag 148
149,Tag 149
150,Tag 150
151,Tag 151
152,Tag 152
153,Tag 153
154,Tag 154
155,Tag 155
156,Tag 156
157,Tag 157
158,Tag 158
159,Tag 159
160,Tag 160
161,Tag 161
162,Tag 162
163,Tag 163
164,Tag 164
165,Tag 165
166,Tag 166
167,Tag 167
168,Tag 168
169,Tag 169
170,Tag 170
171,Tag 171
172,Tag 172
173,Tag 173
174,Tag 174
175,Tag 175
176,Tag 176
177,Tag 177
178,Tag 178
179,Tag 179
180,Tag 180
181,Tag 181
182,Tag 182
183,Tag 183
184,Tag 184
185,Tag 185
186,Tag 186
187,Tag 187
188,Tag 188
189,Tag 189
190,Tag 190
191,Tag 191
192,Tag 192
193,Tag 193
194,Tag 194
195,Tag 195
196,Tag 196
197,Tag 197
198,Tag 198
199,Tag 199
200,Tag 200
201,Tag 201
202,Tag 202
203,Tag 203
204,Tag 204
205,Tag 205
206,Tag 206
207,Tag 207
208,Tag 208
209,Tag 209
210,Tag 210
211,Tag 211
212,Tag 212
213,Tag 213
214,Tag 214
215,Tag 215
216,Tag 216
217,Tag 217
218,Tag 218
219,Tag 219
220,Tag 220
221,Tag 221
222,Tag 222
223,Tag 223
224,Tag 224
225,Tag 225
226,Tag 226
227,Tag 227
228,Tag 228
229,Tag 229
230,Tag 230
231,Tag 231
232,Tag 232
233,Tag 233
234,Tag 234
235,Tag 235
236,Tag 236
237,Tag 237
238,Tag 238
239,Tag 239
240,Tag 240
241,Tag 241
242,Tag 242
243,Tag 243
244,Tag 244
245,Tag 245
246,Tag 246
247,Tag 247
248,Tag 248
249,Tag 249
250,Tag 250
251,Tag 251
252,Tag 252
253,Tag 253
254,Tag 254
255,Tag 255
256,Tag 256
257,Tag 257
258,Tag 258
259,Tag 259
260,Tag 260
261,Tag 261
262,Tag 262
263,Tag 263
264,Tag 264
265,Tag 265
266,Tag 266
267,Tag 267
268,Tag 268
269,Tag 269
270,Tag 270
271,Tag 271
272,Tag 272
273,Tag 273
274,Tag 274
275,Tag 275
276,Tag 276
277,Tag 277
278,Tag 278
279,Tag 279
280,Tag 280
281,Tag 281
282,Tag 282
283,Tag 283
284,Tag 284
285,Tag 285
286,Tag 286
287,Tag 287
288,Tag 288
289,Tag 289
290,Tag 290
291,Tag 291
292,Tag 292
293,Tag 293
294,Tag 294
295,Tag 295
296,Tag 296
297,Tag 297
298,Tag 298
299,Tag 299
300,Tag 300
301,Tag 301
302,Tag 302
303,Tag 303
304,Tag 304
305,Tag 305
306,Tag 306
307,Tag 307
308,Tag 308
309,Tag 309
310,Tag 310
311,Tag 311
312,Tag 312
313,Tag 313
314,Tag 314
315,Tag 315
316,Tag 316
317,Tag 317
318,Tag 318
319,Tag 319
320,Tag 320
321,Tag 321
322,Tag 322
323,Tag 323
324,Tag 324
325,Tag 325
326,Tag 326
327,Tag 327
328,Tag 328
329,Tag 329
330,Tag 330
331,Tag 331
332,Tag 332
333,Tag 333
334,Tag 334
335,Tag 335
336,Tag 336
337,Tag 337
338,Tag 338
339,Tag 339
340,Tag 340
341,Tag 341
342,Tag 342
343,Tag 343
344,Tag 344
345,Tag 345
346,Tag 346
347,Tag 347
348,Tag 348
349,Tag 349
350,Tag 350
351,Tag 351
352,Tag 352
353,Tag 353
354,Tag 354
355,Tag 355
356,Tag 356
357,Tag 357
358,Tag 358
359,Tag 359
360,Tag 360
361,Tag 361
362,Tag 362
363,Tag 363
364,Tag 364
365,Tag 365
366,Tag 366
367,Tag 367
368,Tag 368
369,Tag 369
370,Tag 370
371,Tag 371
372,Tag 372
373,Tag 373
374,Tag 374
375,Tag 375
376,Tag 376
377,Tag 377
378,Tag 378
379,Tag 379
380,Tag 380
381,Tag 381
382,Tag 382
383,Tag 383
384,Tag 384
385,Tag 385
386,Tag 386
387,Tag 387
388,Tag 388
389,Tag 389
390,Tag 390
391,Tag 391
392,Tag 392
393,Tag 393
394,Tag 394
395,Tag 395
396,Tag 396
397,Tag 397
398,Tag 398
399,Tag 399
400,Tag 400
401,Tag 401
402,Tag 402
403,Tag 403
404,Tag 404
405,Tag 405
406,Tag 406
407,Tag 407
408,Tag 408
409,Tag 409
410,Tag 410
411,Tag 411
412,Tag 412
413,Tag 413
414,Tag 414
415,Tag 415
416,Tag 416
417,Tag 417
418,Tag 418
419,Tag 419
420,Tag 420
421,Tag 421
422,Tag 422
423,Tag 423
424,Tag 424
425,Tag 425
426,Tag 426
427,Tag 427
428,Tag 428
429,Tag 429
430,Tag 430
431,Tag 431
432,Tag 432
433,Tag 433
434,Tag 434
435,Tag 435
436,Tag 436
437,Tag 437
438,Tag 438
439,Tag 439
440,Tag 440
441,Tag 441
442,Tag 442
443,Tag 443
444,Tag 444
445,Tag 445
446,Tag 446
447,Tag 447
448,Tag 448
449,Tag 449
450,Tag 450
451,Tag 451
452,Tag 452
453,Tag 453
454,Tag 454
455,Tag 455
456,Tag 456
457,Tag 457
458,Tag 458
459,Tag 459
460,Tag 460
461,Tag 461
462,Tag 462
463,Tag 463
464,Tag 464
465,Tag 465
466,Tag 466
467,Tag 467
468,Tag 468
469,Tag 469
470,Tag 470
471,Tag 471
472,Tag 472
473,Tag 473
474,Tag 474
475,Tag 475
476,Tag 476
477,Tag 477
478,Tag 478
479,Tag 479
480,Tag 480
481,Tag 481
482,Tag 482
483,Tag 483
484,Tag 484
485,Tag 485
486,Tag 486
487,Tag 487
488,Tag 488
489,Tag 489
490,Tag 490
491,Tag 491
492,Tag 492
493,Tag 493
494,Tag 494
495,Tag 495
496,Tag 496
497,Tag 497
498,Tag 498
499,Tag 499
500,Tag 500
501,Tag 501
502,Tag 502
503,Tag 503
504,Tag 504
505,Tag 505
506,Tag 506
507,Tag 507
508,Tag 508
509,Tag 509
510,Tag 510
511,Tag 511
512,Tag 512
513,Tag 513
514,Tag 514
515,Tag 515
516,Tag 516
517,Tag 517
518,Tag 518
519,Tag 519
520,Tag 520
521,Tag 521
522,Tag 522
523,Tag 523
524,Tag 524
525,Tag 525
526,Tag 526
527,Tag 527
528,Tag 528
529,Tag 529
530,Tag 530
531,Tag 531
532,Tag 532
533,Tag 533
534,Tag 534
535,Tag 535
536,Tag 536
537,Tag 537
538,Tag 538
539,Tag 539
540,Tag 540
541,Tag 541
542,Tag 542
543,Tag 543
544,Tag 544
545,Tag 545
546,Tag 546
547,Tag 547
548,Tag 548
549,Tag 549
550,Tag 550
551,Tag 551
552,Tag 552
553,Tag 553
554,Tag 554
555,Tag 555
556,Tag 556
557,Tag 557
558,Tag 558
559,Tag 559
560,Tag 560
561,Tag 561
562,Tag 562
563,Tag 563
564,Tag 564
565,Tag 565
566,Tag 566
567,Tag 567
568,Tag 568
569,Tag 569
570,Tag 570
571,Tag 571
572,Tag 572
573,Tag 573
574,Tag 574
575,Tag 575
576,Tag 576
577,Tag 577
578,Tag 578
579,Tag 579
580,Tag 580
581,Tag 581
582,Tag 582
583,Tag 583
584,Tag 584
585,Tag 585
586,Tag 586
587,Tag 587
588,Tag 588
589,Tag 589
590,Tag 590
591,Tag 591
592,Tag 592
593,Tag 593
594,Tag 594
595,Tag 595
596,Tag 596
597,Tag 597
598,Tag 598
599,Tag 599
600,Tag 600
601,Tag 601
602,Tag 602
603,Tag 603
604,Tag 604
605,Tag 605
606,Tag 606
607,Tag 607
608,Tag 608
609,Tag 609
610,Tag 610
611,Tag 611
612,Tag 612
613,Tag 613
614,Tag 614
615,Tag 615
616,Tag 616
617,Tag 617
618,Tag 618
619,Tag 619
620,Tag 620
621,Tag 621
622,Tag 622
623,Tag 623
624,Tag 624
625,Tag 625
626,Tag 626
627,Tag 627
628,Tag 628
629,Tag 629
630,Tag 630
631,Tag 631
632,Tag 632
633,Tag 633
634,Tag 634
635,Tag 635
636,Tag 636
637,Tag 637
638,Tag 638
639,Tag 639
640,Tag 640
641,Tag 641
642,Tag 642
643,Tag 643
644,Tag 644
645,Tag 645
646,Tag 646
647,Tag 647
648,Tag 648
649,Tag 649
650,Tag 650
651,Tag 651
652,Tag 652
653,Tag 653
654,Tag 654
655,Tag 655
656,Tag 656
657,Tag 657
658,Tag 658
659,Tag 659
660,Tag 660
661,Tag 661
662,Tag 662
663,Tag 663
664,Tag 664
665,Tag 665
666,Tag 666
667,Tag 667
668,Tag 668
669,Tag 669
670,Tag 670
671,Tag 671
672,Tag 672
673,Tag 673
674,Tag 674
675,Tag 675
676,Tag 676
677,Tag 677
678,Tag 678
679,Tag 679
680,Tag 680
681,Tag 681
682,Tag 682
683,Tag 683
684,Tag 684
685,Tag 685
686,Tag 686
687,Tag 687
688,Tag 688
689,Tag 689
690,Tag 690
691,Tag 691
692,Tag 692
693,Tag 693
694,Tag 694
695,Tag 695
696,Tag 696
697,Tag 697
698,Tag 698
699,Tag 699
700,Tag 700
701,Tag 701
702,Tag 702
703,Tag 703
704,Tag 704
705,Tag 705
706,Tag 706
707,Tag 707
708,Tag 708
709,Tag 709
710,Tag 710
711,Tag 711
712,Tag 712
713,Tag 713
714,Tag 714
715,Tag 715
716,Tag 716
717,Tag 717
718,Tag 718
719,Tag 719
720,Tag 720
721,Tag 721
722,Tag 722
723,Tag 723
724,Tag 724
725,Tag 725
726,Tag 726
727,Tag 727
728,Tag 728
729,Tag 729
730,Tag 730
731,Tag 731
732,Tag 732
733,Tag 733
734,Tag 734
735,Tag 735
736,Tag 736
737,Tag 737
738,Tag 738
739,Tag 739
740,Tag 740
741,Tag 741
742,Tag 742
743,Tag 743
744,Tag 744
745,Tag 745
746,Tag 746
747,Tag 747
748,Tag 748
749,Tag 749
750,Tag 750
751,Tag 751
752,Tag 752
753,Tag 753
754,Tag 754
755,Tag 755
756,Tag 756
757,Tag 757
758,Tag 758
759,Tag 759
760,Tag 760
761,Tag 761
762,Tag 762
763,Tag 763
764,Tag 764
765,Tag 765
766,Tag 766
767,Tag 767
768,Tag 768
769,Tag 769
770,Tag 770
771,Tag 771
772,Tag 772
773,Tag 773
774,Tag 774
775,Tag 775
776,Tag 776
777,Tag 777
778,Tag 778
779,Tag 779
780,Tag 780
781,Tag 781
782,Tag 782
783,Tag 783
784,Tag 784
785,Tag 785
786,Tag 786
787,Tag 787
788,Tag 788
789,Tag 789
790,Tag 790
791,Tag 791
792,Tag 792
793,Tag 793
794,Tag 794
795,Tag 795
796,Tag 796
797,Tag 797
798,Tag 798
799,Tag 799
800,Tag 800
801,Tag 801
802,Tag 802
803,Tag 803
804,Tag 804
805,Tag 805
806,Tag 806
807,Tag 807
808,Tag 808
809,Tag 809
810,Tag 810
811,Tag 811
812,Tag 812
813,Tag 813
814,Tag 814
815,Tag 815
816,Tag 816
817,Tag 817
818,Tag 818
819,Tag 819
820,Tag 820
821,Tag 821
822,Tag 822
823,Tag 823
824,Tag 824
825,Tag 825
826,Tag 826
827,Tag 827
828,Tag 828
829,Tag 829
830,Tag 830
831,Tag 831
832,Tag 832
833,Tag 833
834,Tag 834
835,Tag 835
836,Tag 836
837,Tag 837
838,Tag 838
839,Tag 839
840,Tag 840
841,Tag 841
842,Tag 842
843,Tag 843
844,Tag 844
845,Tag 845
846,Tag 846
847,Tag 847
848,Tag 848
849,Tag 849
850,Tag 850
851,Tag 851
852,Tag 852
853,Tag 853
854,Tag 854
855,Tag 855
856,Tag 856
857,Tag 857
858,Tag 858
859,Tag 859
860,Tag 860
861,Tag 861
862,Tag 862
863,Tag 863
864,Tag 864
865,Tag 865
866,Tag 866
867,Tag 867
868,Tag 868
869,Tag 869
870,Tag 870
871,Tag 871
872,Tag 872
873,Tag 873
874,Tag 874
875,Tag 875
876,Tag 876
877,Tag 877
878,Tag 878
879,Tag 879
880,Tag 880
881,Tag 881
882,Tag 882
883,Tag 883
884,Tag 884
885,Tag 885
886,Tag 886
887,Tag 887
888,Tag 888
889,Tag 889
890,Tag 890
891,Tag 891
892,Tag 892
893,Tag 893
894,Tag 894
895,Tag 895
896,Tag 896
897,Tag 897
898,Tag 898
899,Tag 899
900,Tag 900
901,Tag 901
902,Tag 902
903,Tag 903
904,Tag 904
905,Tag 905
906,Tag 906
907,Tag 907
908,Tag 908
909,Tag 909
910,Tag 910
911,Tag 911
912,Tag 912
913,Tag 913
914,Tag 914
915,Tag 915
916,Tag 916
917,Tag 917
918,Tag 918
919,Tag 919
920,Tag 920
921,Tag 921
922,Tag 922
923,Tag 923
924,Tag 924
925,Tag 925
926,Tag 926
927,Tag 927
928,Tag 928
929,Tag 929
930,Tag 930
931,Tag 931
932,Tag 932
933,Tag 933
934,Tag 934
935,Tag 935
936,Tag 936
937,Tag 937
938,Tag 938
939,Tag 939
940,Tag 940
941,Tag 941
942,Tag 942
943,Tag 943
944,Tag 944
945,Tag 945
946,Tag 946
947,Tag 947
948,Tag 948
949,Tag 949
950,Tag 950
951,Tag 951
952,Tag 952
953,Tag 953
954,Tag 954
955,Tag 955
956,Tag 956
957,Tag 957
958,Tag 958
959,Tag 959
960,Tag 960
961,Tag 961
962,Tag 962
963,Tag 963
964,Tag 964
965,Tag 965
966,Tag 966
967,Tag 967
968,Tag 968
969,Tag 969
970,Tag 970
971,Tag 971
972,Tag 972
973,Tag 973
974,Tag 974
975,Tag 975
976,Tag 976
977,Tag 977
978,Tag 978
979,Tag 979
980,Tag 980
981,Tag 981
982,Tag 982
983,Tag 983
984,Tag 984
985,Tag 985
986,Tag 986
987,Tag 987
988,Tag 988
989,Tag 989
990,Tag 990
991,Tag 991
992,Tag 992
993,Tag 993
994,Tag 994
995,Tag 995
996,Tag 996
997,Tag 997
998,Tag 998
999,Tag 999
1000,Tag 1000
