id,user_id,product_id,rating,comment,created_at
1,606,448,4,This is review 1,2024-10-04 13:49:28.834106
2,467,961,3,This is review 2,2024-09-25 16:11:38.663918
3,279,682,3,This is review 3,2024-06-15 09:28:28.102759
4,831,438,3,This is review 4,2024-03-20 21:41:09.317532
5,977,510,3,This is review 5,2024-07-29 21:32:27.459187
6,956,303,2,This is review 6,2023-02-26 14:44:41.671724
7,727,427,2,This is review 7,2023-07-09 00:12:43.579694
8,6,402,3,This is review 8,2024-05-09 07:13:07.178070
9,302,222,2,This is review 9,2023-02-17 11:25:08.610178
10,750,572,2,This is review 10,2024-02-03 00:57:49.919658
11,27,783,2,This is review 11,2024-01-29 05:58:20.312712
12,70,97,5,This is review 12,2023-02-08 16:39:59.857556
13,96,114,3,This is review 13,2024-06-04 05:41:06.149274
14,723,553,2,This is review 14,2023-08-30 06:49:15.113166
15,169,29,4,This is review 15,2024-05-31 02:41:23.724547
16,779,850,4,This is review 16,2024-11-05 16:32:00.376773
17,160,957,1,This is review 17,2023-02-28 02:56:21.079231
18,595,517,4,This is review 18,2023-11-28 23:56:19.008964
19,583,77,1,This is review 19,2024-01-07 13:29:46.692445
20,744,242,1,This is review 20,2024-08-06 08:33:39.343330
21,977,550,4,This is review 21,2023-05-25 10:15:07.487199
22,227,665,3,This is review 22,2023-06-23 13:10:52.716726
23,570,479,5,This is review 23,2024-03-15 09:57:33.689439
24,337,121,2,This is review 24,2024-08-18 20:56:59.236562
25,348,59,2,This is review 25,2023-05-13 17:53:34.401856
26,521,291,3,This is review 26,2024-08-11 18:42:52.621353
27,980,318,2,This is review 27,2024-04-17 20:48:01.905511
28,852,302,5,This is review 28,2024-06-27 09:25:28.401647
29,358,659,3,This is review 29,2023-11-26 08:27:20.599836
30,928,295,2,This is review 30,2024-09-18 20:08:18.371087
31,994,696,2,This is review 31,2023-10-23 05:43:28.694953
32,151,469,4,This is review 32,2024-04-26 06:56:27.234928
33,460,407,5,This is review 33,2023-06-15 19:18:49.684545
34,405,222,1,This is review 34,2024-12-01 19:32:50.987396
35,870,254,2,This is review 35,2023-09-08 13:40:21.496685
36,233,141,2,This is review 36,2023-01-27 15:37:35.204992
37,33,911,4,This is review 37,2024-01-16 19:16:04.823137
38,109,332,2,This is review 38,2023-07-31 01:28:54.527689
39,552,454,1,This is review 39,2024-06-24 11:21:18.380884
40,647,101,4,This is review 40,2024-02-16 01:37:00.960589
41,69,741,4,This is review 41,2024-02-13 03:43:41.004760
42,860,708,5,This is review 42,2024-01-14 00:57:49.862518
43,8,114,2,This is review 43,2023-06-25 21:39:53.143943
44,834,736,1,This is review 44,2024-02-08 21:55:48.616785
45,563,966,4,This is review 45,2023-02-07 04:31:30.869427
46,986,685,4,This is review 46,2023-02-01 09:11:20.673451
47,792,249,2,This is review 47,2023-12-25 20:20:19.314346
48,127,166,1,This is review 48,2023-10-03 11:56:01.196184
49,621,821,1,This is review 49,2023-10-26 10:15:07.851805
50,258,275,2,This is review 50,2024-04-03 08:45:25.809450
51,933,722,2,This is review 51,2023-05-30 03:06:42.867227
52,424,353,3,This is review 52,2023-05-19 09:27:26.483229
53,884,945,1,This is review 53,2023-09-03 03:49:43.172767
54,818,857,5,This is review 54,2023-03-19 09:58:49.939070
55,710,917,3,This is review 55,2024-04-03 23:09:40.043876
56,450,677,1,This is review 56,2023-07-03 09:48:48.684955
57,841,860,1,This is review 57,2023-03-31 06:34:07.268244
58,232,575,4,This is review 58,2023-11-01 18:46:16.163650
59,33,688,3,This is review 59,2024-06-18 14:13:09.102761
60,107,2,2,This is review 60,2024-05-10 05:57:41.672534
61,653,741,2,This is review 61,2024-11-22 07:52:02.373344
62,408,795,2,This is review 62,2024-09-13 22:20:04.882827
63,723,566,4,This is review 63,2023-03-14 06:56:33.802451
64,676,310,3,This is review 64,2023-02-28 15:16:25.913587
65,959,447,4,This is review 65,2024-12-15 07:09:55.022132
66,268,643,2,This is review 66,2023-01-07 07:56:32.004341
67,580,70,3,This is review 67,2023-09-01 15:33:43.264383
68,348,181,4,This is review 68,2023-08-12 12:56:50.829333
69,391,134,1,This is review 69,2024-01-03 06:13:08.054751
70,722,914,1,This is review 70,2024-04-16 10:14:59.062620
71,739,440,3,This is review 71,2024-06-27 09:54:59.713449
72,701,580,4,This is review 72,2023-09-10 02:33:44.692296
73,247,663,4,This is review 73,2024-06-20 08:11:20.497287
74,852,404,2,This is review 74,2023-08-20 19:44:31.129559
75,312,124,2,This is review 75,2024-08-30 00:36:10.123575
76,499,593,3,This is review 76,2024-09-05 09:11:13.963410
77,551,334,5,This is review 77,2024-09-20 10:50:42.915323
78,935,718,2,This is review 78,2024-02-09 07:03:44.726048
79,692,167,5,This is review 79,2023-10-06 15:33:39.382834
80,688,454,1,This is review 80,2024-07-05 02:38:20.547619
81,988,563,3,This is review 81,2024-01-25 13:11:46.945754
82,716,76,4,This is review 82,2024-04-26 06:06:57.663524
83,59,621,3,This is review 83,2023-06-16 00:35:58.392944
84,999,263,1,This is review 84,2024-12-31 05:19:50.501663
85,113,138,4,This is review 85,2023-11-03 02:50:43.809874
86,835,30,1,This is review 86,2024-03-31 06:39:26.320969
87,664,90,1,This is review 87,2024-08-02 04:46:20.631269
88,213,797,5,This is review 88,2023-06-16 16:19:25.194620
89,380,633,5,This is review 89,2024-02-25 12:18:10.179750
90,897,608,1,This is review 90,2023-12-25 01:32:54.795475
91,445,453,4,This is review 91,2023-05-23 05:15:43.601001
92,458,548,5,This is review 92,2024-10-30 18:40:51.346202
93,735,651,1,This is review 93,2024-07-05 12:32:37.192431
94,643,814,5,This is review 94,2024-07-07 04:28:01.061304
95,454,41,2,This is review 95,2023-10-21 19:41:47.691451
96,125,994,3,This is review 96,2024-12-27 17:18:59.768770
97,375,885,1,This is review 97,2023-12-20 18:24:45.017451
98,339,319,3,This is review 98,2023-07-16 04:05:31.648621
99,420,347,5,This is review 99,2023-08-17 08:03:15.820516
100,541,129,3,This is review 100,2023-07-22 10:14:19.412835
101,581,288,3,This is review 101,2023-02-28 16:11:06.718703
102,444,572,1,This is review 102,2024-05-30 19:04:24.480824
103,175,259,2,This is review 103,2024-02-28 08:34:48.598156
104,861,216,1,This is review 104,2023-06-29 20:24:23.295325
105,322,137,3,This is review 105,2023-02-24 07:18:12.570770
106,187,734,4,This is review 106,2024-07-27 14:54:47.554664
107,970,501,4,This is review 107,2024-11-21 03:59:27.560679
108,756,24,1,This is review 108,2023-04-21 03:32:38.968847
109,683,784,5,This is review 109,2024-05-12 13:38:55.643101
110,298,39,4,This is review 110,2024-07-17 04:01:24.561347
111,239,106,3,This is review 111,2024-06-15 23:46:00.486626
112,801,636,3,This is review 112,2024-12-24 12:43:28.876253
113,500,980,2,This is review 113,2023-03-24 14:26:08.319614
114,964,688,5,This is review 114,2024-04-28 08:26:32.206261
115,32,290,3,This is review 115,2023-10-15 09:30:24.953467
116,433,48,3,This is review 116,2024-03-07 05:34:40.741180
117,353,102,2,This is review 117,2023-08-11 20:48:50.115343
118,853,580,1,This is review 118,2023-02-07 19:16:17.451330
119,405,753,2,This is review 119,2024-04-13 09:40:47.592790
120,799,751,2,This is review 120,2024-02-13 09:20:58.876665
121,387,876,2,This is review 121,2024-05-05 16:49:03.825696
122,634,540,2,This is review 122,2023-06-24 14:37:43.638069
123,103,464,3,This is review 123,2024-05-06 19:24:06.898435
124,210,154,4,This is review 124,2023-10-06 11:40:37.971887
125,431,475,4,This is review 125,2023-05-06 03:06:38.869376
126,955,562,5,This is review 126,2024-04-18 05:46:13.905082
127,34,303,4,This is review 127,2024-08-17 15:04:26.728681
128,423,978,3,This is review 128,2024-06-09 09:16:04.471523
129,486,347,4,This is review 129,2023-11-01 14:01:56.236547
130,714,126,3,This is review 130,2024-05-10 18:13:45.960418
131,160,230,2,This is review 131,2023-12-01 04:22:54.853451
132,465,461,1,This is review 132,2023-06-07 04:59:40.933094
133,966,708,1,This is review 133,2023-06-30 02:12:45.621874
134,912,657,5,This is review 134,2024-09-11 02:24:49.315759
135,28,671,1,This is review 135,2024-04-26 16:03:09.807319
136,972,239,1,This is review 136,2023-12-12 15:13:53.913648
137,993,723,4,This is review 137,2023-02-22 04:47:46.867797
138,846,212,2,This is review 138,2024-07-05 16:16:17.407716
139,272,504,2,This is review 139,2024-02-28 01:27:37.693267
140,693,368,3,This is review 140,2024-08-29 19:51:37.157667
141,948,765,5,This is review 141,2023-08-03 09:47:53.719128
142,15,911,1,This is review 142,2024-12-19 21:31:27.603532
143,962,990,3,This is review 143,2023-10-28 15:58:18.012879
144,918,743,3,This is review 144,2024-07-21 01:23:12.323455
145,521,26,2,This is review 145,2024-12-16 14:53:47.660786
146,115,996,5,This is review 146,2023-12-31 00:47:24.460786
147,889,774,4,This is review 147,2023-07-26 22:50:01.933444
148,165,709,2,This is review 148,2024-03-17 00:03:20.995805
149,741,554,3,This is review 149,2023-05-27 07:45:21.814935
150,836,891,2,This is review 150,2024-11-18 08:25:16.029441
151,810,281,5,This is review 151,2024-04-27 15:19:30.770866
152,540,974,5,This is review 152,2023-01-18 19:08:28.081554
153,327,144,4,This is review 153,2024-01-09 10:25:06.494073
154,515,541,2,This is review 154,2024-12-01 04:46:24.031518
155,239,727,1,This is review 155,2023-07-23 22:06:07.658211
156,925,852,4,This is review 156,2023-06-03 13:17:21.179362
157,780,336,3,This is review 157,2024-02-10 11:23:30.794396
158,189,703,1,This is review 158,2023-01-21 12:29:43.635118
159,539,759,1,This is review 159,2023-01-15 04:48:39.643084
160,655,707,1,This is review 160,2024-06-23 18:07:08.668593
161,820,319,5,This is review 161,2023-05-31 11:31:23.014542
162,691,18,3,This is review 162,2023-06-16 13:46:22.183673
163,344,503,1,This is review 163,2024-02-16 03:27:29.945456
164,46,384,1,This is review 164,2024-01-07 03:52:29.737976
165,34,443,1,This is review 165,2024-02-23 17:13:01.390583
166,113,766,4,This is review 166,2023-08-13 12:47:02.045571
167,713,744,3,This is review 167,2024-06-13 16:53:54.366139
168,61,159,3,This is review 168,2023-09-11 11:20:25.615723
169,229,202,3,This is review 169,2023-06-16 06:15:52.976897
170,813,303,5,This is review 170,2023-08-20 05:51:17.740986
171,731,500,2,This is review 171,2024-11-15 20:10:28.613618
172,991,151,4,This is review 172,2023-04-06 08:06:43.036336
173,23,144,4,This is review 173,2023-02-12 02:34:25.235595
174,556,739,3,This is review 174,2023-02-01 14:22:39.456349
175,193,207,1,This is review 175,2023-09-28 10:51:38.059299
176,602,472,4,This is review 176,2023-05-24 15:13:17.028793
177,831,802,2,This is review 177,2023-02-13 16:39:29.920436
178,373,333,4,This is review 178,2024-05-27 18:13:58.522088
179,826,378,3,This is review 179,2023-07-20 15:41:46.941830
180,4,200,5,This is review 180,2023-12-30 18:22:42.743162
181,728,648,2,This is review 181,2023-10-29 22:16:15.927970
182,582,576,2,This is review 182,2023-01-15 10:00:13.833525
183,357,431,3,This is review 183,2023-05-09 15:31:10.199002
184,243,905,2,This is review 184,2024-04-09 08:35:02.411511
185,106,330,3,This is review 185,2023-03-04 04:02:37.704389
186,289,250,4,This is review 186,2024-08-01 07:19:48.953208
187,451,826,4,This is review 187,2024-05-05 21:29:29.246554
188,342,272,5,This is review 188,2024-04-07 09:27:37.796082
189,269,408,4,This is review 189,2023-12-26 05:57:25.499925
190,295,758,4,This is review 190,2024-06-02 23:56:39.000015
191,168,467,1,This is review 191,2023-06-24 05:07:40.524515
192,109,975,3,This is review 192,2024-09-01 23:21:34.599445
193,331,21,5,This is review 193,2023-01-07 18:40:08.407886
194,936,829,2,This is review 194,2024-07-13 22:56:19.886766
195,691,600,4,This is review 195,2024-06-15 22:42:36.556476
196,211,116,3,This is review 196,2024-09-03 05:12:22.609839
197,329,206,2,This is review 197,2023-04-10 23:24:34.787525
198,850,346,4,This is review 198,2024-01-11 06:15:14.139978
199,15,434,2,This is review 199,2024-02-02 20:05:23.511704
200,946,601,5,This is review 200,2024-05-29 18:41:45.283331
201,34,283,2,This is review 201,2023-11-24 21:49:59.088081
202,614,754,1,This is review 202,2024-07-19 22:10:08.208085
203,512,81,3,This is review 203,2023-06-29 08:13:31.795912
204,351,643,5,This is review 204,2023-02-12 08:00:32.426968
205,654,250,2,This is review 205,2023-10-25 13:56:33.497461
206,710,51,4,This is review 206,2023-08-13 22:50:14.894576
207,132,679,5,This is review 207,2023-03-13 16:35:20.887338
208,998,258,3,This is review 208,2024-02-16 18:48:46.307190
209,841,723,3,This is review 209,2024-05-22 19:42:19.962242
210,123,778,3,This is review 210,2023-10-19 00:23:54.035164
211,538,650,2,This is review 211,2024-08-07 02:11:50.997054
212,718,588,4,This is review 212,2023-03-27 04:21:19.728524
213,926,605,5,This is review 213,2023-05-20 21:54:40.097390
214,549,248,1,This is review 214,2023-06-03 04:25:25.398316
215,410,81,5,This is review 215,2024-11-02 16:40:46.170666
216,730,671,5,This is review 216,2023-07-05 15:29:46.911582
217,174,904,2,This is review 217,2024-03-01 02:21:06.234695
218,18,188,1,This is review 218,2023-03-01 13:50:09.651828
219,594,606,5,This is review 219,2023-08-29 02:59:13.373196
220,807,615,1,This is review 220,2024-02-03 01:30:49.539428
221,472,949,5,This is review 221,2023-12-08 13:48:28.694140
222,837,218,2,This is review 222,2023-04-15 20:54:54.136993
223,417,992,2,This is review 223,2023-04-30 08:04:25.006693
224,673,238,4,This is review 224,2023-05-30 20:32:05.761303
225,878,743,2,This is review 225,2023-12-04 02:46:00.146677
226,286,523,2,This is review 226,2023-02-18 22:38:17.985310
227,263,942,4,This is review 227,2023-01-07 04:58:43.429642
228,325,358,1,This is review 228,2024-03-26 06:52:48.253837
229,766,183,3,This is review 229,2023-09-14 22:59:56.799790
230,680,520,5,This is review 230,2024-09-02 01:19:07.217801
231,984,527,3,This is review 231,2024-03-22 22:10:31.336925
232,23,966,3,This is review 232,2024-09-04 23:03:44.515741
233,251,307,1,This is review 233,2023-04-20 20:31:23.307573
234,179,392,5,This is review 234,2024-12-06 20:50:26.921511
235,622,695,5,This is review 235,2024-05-13 05:36:18.654463
236,444,194,3,This is review 236,2023-07-12 16:47:46.707420
237,734,929,1,This is review 237,2023-09-12 03:20:08.811913
238,204,234,3,This is review 238,2023-04-28 20:38:09.656897
239,592,911,3,This is review 239,2023-05-09 16:18:34.481231
240,572,172,2,This is review 240,2023-10-29 11:12:16.548439
241,958,18,2,This is review 241,2024-04-28 02:45:39.589765
242,692,63,1,This is review 242,2023-04-09 06:24:08.065992
243,716,939,1,This is review 243,2023-01-02 18:11:21.065583
244,30,439,5,This is review 244,2023-07-17 20:55:43.194206
245,643,311,2,This is review 245,2023-06-22 18:59:44.257770
246,117,770,4,This is review 246,2023-03-11 12:10:09.780124
247,322,14,2,This is review 247,2023-09-05 08:12:33.559143
248,855,154,1,This is review 248,2024-09-30 12:43:24.481392
249,202,56,2,This is review 249,2023-09-12 05:32:53.490308
250,660,593,3,This is review 250,2024-12-09 06:44:40.727765
251,535,190,3,This is review 251,2024-07-11 00:19:34.583905
252,838,506,1,This is review 252,2023-09-23 09:55:19.427192
253,905,995,2,This is review 253,2023-01-26 17:07:37.524342
254,351,433,4,This is review 254,2023-04-03 01:55:14.864589
255,51,470,1,This is review 255,2023-04-23 06:34:12.313431
256,531,793,5,This is review 256,2024-06-10 06:09:50.776902
257,92,418,5,This is review 257,2023-06-11 13:54:57.747545
258,753,251,3,This is review 258,2024-03-22 16:01:25.795488
259,153,484,3,This is review 259,2024-08-02 11:07:45.011766
260,604,31,1,This is review 260,2023-11-25 08:15:15.935561
261,523,364,1,This is review 261,2024-07-31 00:27:24.181281
262,492,156,2,This is review 262,2023-06-15 23:34:08.193683
263,695,561,5,This is review 263,2023-11-13 03:14:51.379096
264,263,186,1,This is review 264,2023-11-17 09:04:45.066721
265,215,107,5,This is review 265,2024-08-13 13:04:10.409963
266,242,567,5,This is review 266,2024-08-15 18:30:47.976751
267,583,896,3,This is review 267,2023-07-06 05:16:51.998823
268,133,989,2,This is review 268,2023-05-19 19:34:58.975297
269,580,148,5,This is review 269,2024-12-23 11:18:34.437345
270,762,951,4,This is review 270,2023-05-10 20:45:20.469082
271,1000,157,2,This is review 271,2024-08-30 13:43:49.441491
272,435,346,1,This is review 272,2024-07-17 23:42:03.770064
273,893,949,4,This is review 273,2023-05-20 13:54:08.936012
274,735,451,4,This is review 274,2024-03-11 00:25:18.576255
275,944,391,4,This is review 275,2024-06-27 13:19:25.514342
276,637,695,2,This is review 276,2023-09-15 11:03:01.492752
277,975,807,4,This is review 277,2023-10-16 03:44:12.443680
278,408,536,2,This is review 278,2024-11-07 12:21:11.265904
279,185,889,1,This is review 279,2024-11-29 20:10:31.633770
280,70,722,5,This is review 280,2024-04-11 15:47:03.062044
281,524,446,2,This is review 281,2024-04-22 23:29:08.519573
282,618,6,3,This is review 282,2024-03-09 05:28:07.528058
283,809,422,4,This is review 283,2024-12-31 09:46:28.587829
284,441,729,4,This is review 284,2023-01-28 14:44:35.905129
285,500,701,4,This is review 285,2023-11-13 21:01:42.312426
286,62,83,1,This is review 286,2024-03-31 03:40:40.459185
287,322,407,5,This is review 287,2023-04-18 09:08:30.729608
288,133,344,1,This is review 288,2024-12-18 03:31:18.822956
289,670,864,5,This is review 289,2023-05-04 17:44:56.771494
290,383,316,1,This is review 290,2023-02-21 02:54:31.373678
291,359,984,1,This is review 291,2024-12-18 02:13:11.417701
292,543,591,2,This is review 292,2023-06-27 04:51:03.949851
293,474,601,1,This is review 293,2023-09-07 18:16:21.621020
294,237,547,5,This is review 294,2024-09-19 08:54:36.940653
295,889,831,2,This is review 295,2023-10-10 16:28:34.156904
296,340,618,1,This is review 296,2024-12-15 23:41:51.639496
297,590,59,1,This is review 297,2023-11-20 04:25:12.448152
298,235,292,2,This is review 298,2024-11-05 09:10:04.229045
299,489,498,3,This is review 299,2024-01-12 07:52:13.428005
300,925,176,4,This is review 300,2023-06-20 04:03:17.817212
301,889,638,2,This is review 301,2024-12-12 22:58:08.944062
302,680,291,3,This is review 302,2023-07-15 19:34:59.840607
303,505,599,1,This is review 303,2024-05-29 13:26:53.189958
304,583,536,4,This is review 304,2023-02-03 05:20:07.448398
305,948,308,3,This is review 305,2023-05-21 22:49:41.069571
306,778,693,4,This is review 306,2023-01-10 13:57:03.950456
307,596,835,3,This is review 307,2023-03-17 20:28:17.153747
308,549,721,5,This is review 308,2024-03-30 05:20:09.275815
309,361,734,5,This is review 309,2023-02-16 18:35:40.691489
310,741,371,1,This is review 310,2024-04-11 03:52:23.371938
311,227,137,5,This is review 311,2023-03-21 19:49:32.582299
312,960,438,4,This is review 312,2024-10-26 13:05:12.834398
313,624,982,2,This is review 313,2023-02-06 02:22:04.714040
314,8,570,4,This is review 314,2024-06-08 04:30:32.374541
315,383,274,4,This is review 315,2024-08-25 02:46:39.558937
316,169,825,3,This is review 316,2023-06-14 01:31:11.334847
317,302,797,2,This is review 317,2024-02-01 14:45:33.807388
318,594,177,1,This is review 318,2024-11-02 15:48:46.165767
319,456,599,5,This is review 319,2023-10-01 16:26:14.067961
320,51,548,3,This is review 320,2023-03-15 03:26:46.130553
321,181,464,4,This is review 321,2024-03-28 14:37:04.785870
322,979,261,2,This is review 322,2023-11-13 23:31:19.943775
323,625,982,3,This is review 323,2024-04-09 03:33:43.297579
324,789,739,3,This is review 324,2024-11-02 22:52:48.510132
325,99,798,1,This is review 325,2024-07-31 03:39:23.942715
326,291,778,3,This is review 326,2023-07-02 23:24:30.566862
327,859,288,5,This is review 327,2024-11-10 02:11:19.231728
328,605,272,3,This is review 328,2023-06-24 21:19:30.996837
329,865,138,2,This is review 329,2023-07-28 06:49:29.435126
330,213,678,5,This is review 330,2024-04-05 21:45:12.366572
331,635,745,4,This is review 331,2024-04-01 10:48:54.298608
332,676,801,3,This is review 332,2024-09-16 18:17:02.384806
333,499,521,4,This is review 333,2023-03-21 08:11:09.821940
334,409,937,2,This is review 334,2024-07-11 22:12:24.833953
335,603,698,1,This is review 335,2024-10-14 12:49:18.565261
336,48,614,4,This is review 336,2024-08-19 15:43:07.655114
337,379,831,2,This is review 337,2023-03-09 07:28:25.545597
338,587,156,2,This is review 338,2024-12-28 02:02:05.755987
339,168,214,4,This is review 339,2024-12-06 14:33:15.493375
340,416,753,2,This is review 340,2024-08-24 23:37:33.095580
341,532,514,2,This is review 341,2023-01-05 21:28:45.296529
342,904,242,1,This is review 342,2024-06-06 18:18:29.569482
343,285,955,4,This is review 343,2024-11-17 10:43:31.905733
344,708,98,1,This is review 344,2023-02-08 00:55:47.501106
345,424,721,4,This is review 345,2023-09-11 13:54:54.092232
346,8,603,1,This is review 346,2024-10-10 18:53:38.863755
347,859,186,1,This is review 347,2024-09-19 08:50:18.583601
348,307,742,4,This is review 348,2023-06-26 12:46:00.821965
349,529,808,4,This is review 349,2024-09-23 06:31:26.712008
350,823,817,5,This is review 350,2024-11-23 13:57:05.768608
351,585,342,4,This is review 351,2023-08-26 15:14:42.777153
352,231,5,4,This is review 352,2023-03-07 02:19:48.484337
353,886,505,5,This is review 353,2023-05-26 23:22:06.079751
354,1000,36,3,This is review 354,2024-03-24 17:34:49.388789
355,45,644,2,This is review 355,2023-03-18 10:57:52.837838
356,43,118,5,This is review 356,2024-07-07 19:07:14.698905
357,633,764,1,This is review 357,2023-12-28 18:56:12.861710
358,359,524,1,This is review 358,2023-12-08 03:43:51.558629
359,511,506,1,This is review 359,2023-03-03 10:41:22.501444
360,546,242,5,This is review 360,2024-03-01 04:13:27.740839
361,224,794,2,This is review 361,2024-01-14 09:30:57.149765
362,183,6,5,This is review 362,2023-08-22 04:09:25.415871
363,599,22,1,This is review 363,2023-10-11 15:31:08.250100
364,284,687,1,This is review 364,2024-12-12 00:13:44.439524
365,915,222,1,This is review 365,2023-10-07 22:41:44.219646
366,466,346,1,This is review 366,2023-02-22 17:16:33.789753
367,524,870,5,This is review 367,2024-04-14 18:25:10.307997
368,172,598,4,This is review 368,2023-01-04 23:47:21.473533
369,37,536,5,This is review 369,2023-05-24 20:54:31.632651
370,120,741,4,This is review 370,2023-08-03 04:57:43.583583
371,661,963,3,This is review 371,2024-04-16 20:47:53.799164
372,164,177,4,This is review 372,2023-08-20 10:41:42.093493
373,807,346,2,This is review 373,2023-09-27 14:15:12.527601
374,432,987,4,This is review 374,2024-11-26 13:24:26.601034
375,752,539,2,This is review 375,2024-12-19 16:55:37.423015
376,98,503,4,This is review 376,2023-09-08 22:30:13.442367
377,796,852,1,This is review 377,2023-03-14 03:25:35.194696
378,136,454,1,This is review 378,2024-04-04 18:34:23.492714
379,203,513,1,This is review 379,2024-08-12 04:03:37.069652
380,141,129,5,This is review 380,2023-08-28 10:52:56.440492
381,817,67,5,This is review 381,2024-02-08 20:40:46.125338
382,356,540,4,This is review 382,2023-10-10 17:43:05.976374
383,280,19,5,This is review 383,2024-05-16 18:36:55.820440
384,230,701,5,This is review 384,2023-12-04 01:23:58.195635
385,881,423,1,This is review 385,2024-01-30 15:51:16.449858
386,433,110,2,This is review 386,2023-07-03 03:54:28.413032
387,3,603,3,This is review 387,2024-07-19 10:59:20.051648
388,910,169,2,This is review 388,2024-09-09 22:41:23.121668
389,358,689,2,This is review 389,2023-09-19 11:48:09.494835
390,874,323,3,This is review 390,2024-03-02 19:35:29.179149
391,379,433,4,This is review 391,2024-02-26 00:06:07.443131
392,872,645,5,This is review 392,2024-02-22 10:05:30.733119
393,57,902,5,This is review 393,2023-05-14 23:31:33.968771
394,966,379,4,This is review 394,2023-04-25 15:14:48.129303
395,597,775,4,This is review 395,2023-02-08 08:08:55.889912
396,947,825,5,This is review 396,2023-12-04 09:28:16.598479
397,558,493,5,This is review 397,2024-04-05 04:25:21.602286
398,574,442,4,This is review 398,2024-02-20 18:13:47.029339
399,517,211,4,This is review 399,2024-12-11 16:39:26.730780
400,559,141,2,This is review 400,2023-08-26 06:55:34.303231
401,659,357,2,This is review 401,2023-05-25 05:49:02.924984
402,141,85,2,This is review 402,2023-03-20 21:03:29.119346
403,920,29,4,This is review 403,2023-09-02 19:37:21.236403
404,173,175,5,This is review 404,2023-07-02 02:48:53.480252
405,923,719,3,This is review 405,2024-05-28 04:42:36.307771
406,831,139,1,This is review 406,2024-09-06 20:14:54.637823
407,804,134,3,This is review 407,2024-04-19 09:19:58.393916
408,6,864,4,This is review 408,2023-08-07 02:01:25.790804
409,701,131,3,This is review 409,2024-02-03 05:46:31.254415
410,638,182,5,This is review 410,2023-12-13 13:46:09.135424
411,350,595,2,This is review 411,2024-12-18 07:44:59.477320
412,718,929,3,This is review 412,2024-01-12 10:38:56.081051
413,283,355,1,This is review 413,2024-11-04 23:09:43.679050
414,531,731,4,This is review 414,2024-12-12 14:02:52.437050
415,779,342,5,This is review 415,2024-03-12 06:27:25.254433
416,589,5,1,This is review 416,2024-07-10 12:43:18.123506
417,971,320,1,This is review 417,2024-08-27 05:53:54.260702
418,982,885,5,This is review 418,2023-02-28 03:43:51.792871
419,659,383,4,This is review 419,2024-07-09 20:23:11.078712
420,399,641,4,This is review 420,2024-03-02 04:15:01.634886
421,646,632,4,This is review 421,2024-08-20 04:17:25.926317
422,925,751,4,This is review 422,2024-06-25 04:09:56.342822
423,527,691,1,This is review 423,2024-07-25 17:05:35.376515
424,380,254,2,This is review 424,2023-09-03 19:26:11.116350
425,138,239,5,This is review 425,2023-10-25 19:38:14.374914
426,646,486,5,This is review 426,2023-03-18 20:04:55.097695
427,765,338,1,This is review 427,2023-09-28 23:31:28.504855
428,687,382,4,This is review 428,2023-10-19 12:25:47.387863
429,8,903,5,This is review 429,2023-05-12 23:00:06.659449
430,764,497,5,This is review 430,2024-12-18 21:11:26.093893
431,965,697,3,This is review 431,2024-05-16 07:13:52.173111
432,218,892,5,This is review 432,2024-11-30 21:37:43.341899
433,817,333,4,This is review 433,2024-07-20 17:17:14.824463
434,176,372,5,This is review 434,2023-04-18 07:18:40.487905
435,558,726,4,This is review 435,2023-07-24 08:08:16.921855
436,230,555,3,This is review 436,2024-03-19 06:05:11.388832
437,923,211,2,This is review 437,2024-11-09 16:57:28.917092
438,853,73,4,This is review 438,2023-12-02 07:42:25.112962
439,210,326,4,This is review 439,2023-01-29 07:43:13.448030
440,320,19,5,This is review 440,2024-09-25 08:48:16.080108
441,580,928,4,This is review 441,2024-11-01 01:58:19.400854
442,602,519,1,This is review 442,2024-12-30 02:18:45.946367
443,126,453,1,This is review 443,2024-04-18 13:21:32.120050
444,155,306,4,This is review 444,2023-11-14 16:01:22.036872
445,551,253,2,This is review 445,2023-10-10 00:28:00.405315
446,128,824,1,This is review 446,2024-10-09 13:53:15.318284
447,527,346,4,This is review 447,2023-08-02 11:01:29.425523
448,805,85,1,This is review 448,2023-05-28 07:28:09.563070
449,70,666,1,This is review 449,2024-07-04 02:11:41.244689
450,36,690,5,This is review 450,2023-08-17 22:36:56.380879
451,673,753,4,This is review 451,2024-06-14 14:17:13.002855
452,14,831,1,This is review 452,2023-11-28 02:09:44.378100
453,390,432,1,This is review 453,2024-08-09 15:50:59.779151
454,783,352,1,This is review 454,2023-03-06 01:57:30.671776
455,644,935,4,This is review 455,2023-03-15 06:48:18.577946
456,401,699,3,This is review 456,2023-11-16 10:37:32.792845
457,688,410,5,This is review 457,2023-08-22 07:44:42.165376
458,949,829,1,This is review 458,2024-08-07 08:43:31.970994
459,708,799,4,This is review 459,2024-10-28 18:17:18.457723
460,628,752,5,This is review 460,2024-11-11 15:17:29.371594
461,509,705,2,This is review 461,2023-12-12 00:35:59.452801
462,21,226,5,This is review 462,2024-09-03 20:36:15.155716
463,433,340,4,This is review 463,2024-03-09 14:49:30.007983
464,478,468,2,This is review 464,2023-03-23 02:39:29.761824
465,231,26,4,This is review 465,2023-02-26 03:22:08.292255
466,642,999,4,This is review 466,2024-09-29 01:08:22.204212
467,393,904,2,This is review 467,2023-04-12 11:04:00.106571
468,307,806,2,This is review 468,2024-02-12 15:32:53.261777
469,552,759,1,This is review 469,2023-09-02 02:37:08.905071
470,806,586,4,This is review 470,2024-02-16 11:36:50.772541
471,802,327,4,This is review 471,2023-07-08 19:59:59.434695
472,430,869,1,This is review 472,2023-06-02 14:30:56.185675
473,359,375,3,This is review 473,2024-03-14 03:09:19.241326
474,206,204,5,This is review 474,2023-05-03 22:27:12.195076
475,270,719,5,This is review 475,2024-02-12 18:49:35.151641
476,9,479,3,This is review 476,2023-02-08 11:20:46.920426
477,755,896,1,This is review 477,2023-04-04 15:23:08.275331
478,628,655,3,This is review 478,2024-02-02 22:56:06.378385
479,353,622,4,This is review 479,2024-09-27 13:11:14.763085
480,285,543,4,This is review 480,2023-04-03 19:05:26.558920
481,816,562,3,This is review 481,2024-10-18 13:32:45.689713
482,558,324,4,This is review 482,2023-06-05 12:43:25.806723
483,968,548,2,This is review 483,2024-07-29 02:49:57.107925
484,454,296,5,This is review 484,2023-08-04 13:13:00.493100
485,3,890,1,This is review 485,2024-01-08 10:46:21.250609
486,469,910,1,This is review 486,2023-03-10 05:55:06.915383
487,803,172,2,This is review 487,2023-07-07 16:00:14.916389
488,726,959,1,This is review 488,2023-06-22 04:06:16.599315
489,58,72,1,This is review 489,2024-03-02 04:39:14.245258
490,67,260,2,This is review 490,2024-12-24 07:36:58.325613
491,115,148,5,This is review 491,2024-04-05 23:55:39.558111
492,294,644,5,This is review 492,2023-09-25 08:10:51.261398
493,190,854,4,This is review 493,2023-04-06 13:31:16.828168
494,702,796,4,This is review 494,2023-10-22 14:41:27.306328
495,383,173,2,This is review 495,2024-07-19 20:09:25.783275
496,586,467,2,This is review 496,2023-07-17 13:35:51.042347
497,812,332,5,This is review 497,2023-03-08 05:05:21.621883
498,93,923,5,This is review 498,2024-04-26 07:16:18.786237
499,75,671,2,This is review 499,2024-05-09 03:10:49.434847
500,373,238,2,This is review 500,2024-06-04 11:18:03.909732
501,777,714,2,This is review 501,2024-05-23 00:17:37.327373
502,416,168,4,This is review 502,2023-03-20 18:08:52.983763
503,676,497,3,This is review 503,2023-03-10 11:45:05.019028
504,113,217,4,This is review 504,2023-11-04 23:43:28.261800
505,259,359,1,This is review 505,2023-11-26 13:51:59.948241
506,480,254,1,This is review 506,2023-04-02 02:41:52.252694
507,658,447,3,This is review 507,2024-04-13 20:32:32.968081
508,35,45,2,This is review 508,2023-07-12 12:48:49.410783
509,437,247,1,This is review 509,2024-01-04 11:24:23.168012
510,91,469,1,This is review 510,2024-07-17 10:03:51.600467
511,77,232,4,This is review 511,2023-05-18 09:47:13.195721
512,344,454,5,This is review 512,2023-06-11 09:10:45.556419
513,194,343,3,This is review 513,2023-07-16 19:45:42.054506
514,875,153,2,This is review 514,2024-11-22 20:55:44.651718
515,984,209,1,This is review 515,2023-12-08 11:13:26.113189
516,803,303,3,This is review 516,2023-05-04 07:02:22.875003
517,608,262,2,This is review 517,2024-07-11 18:09:29.905333
518,506,261,4,This is review 518,2024-04-27 05:47:50.730602
519,277,216,3,This is review 519,2024-05-18 17:37:34.886538
520,833,118,1,This is review 520,2024-02-06 16:04:19.482645
521,811,311,3,This is review 521,2024-02-19 03:16:56.692576
522,417,75,1,This is review 522,2023-01-29 08:34:19.172499
523,919,969,4,This is review 523,2023-11-01 19:04:47.383716
524,780,230,1,This is review 524,2023-02-23 22:40:10.550902
525,290,912,4,This is review 525,2023-04-11 02:56:03.716226
526,341,13,4,This is review 526,2023-09-18 16:00:48.630424
527,516,280,2,This is review 527,2024-07-09 19:30:43.442481
528,837,282,5,This is review 528,2023-11-26 12:27:51.616281
529,777,699,2,This is review 529,2024-01-20 19:23:48.203556
530,898,225,1,This is review 530,2023-01-07 19:29:54.636612
531,447,42,2,This is review 531,2024-08-28 19:57:49.232047
532,663,300,4,This is review 532,2024-01-21 21:35:31.541412
533,129,443,4,This is review 533,2024-09-15 22:38:40.486349
534,380,353,2,This is review 534,2023-03-24 22:49:01.069082
535,360,602,3,This is review 535,2024-12-13 15:27:42.124975
536,974,563,1,This is review 536,2023-08-02 16:23:24.061878
537,152,985,1,This is review 537,2024-03-22 05:59:54.735554
538,384,420,5,This is review 538,2023-01-30 09:32:06.212242
539,442,358,2,This is review 539,2024-08-12 12:13:10.906939
540,365,661,4,This is review 540,2023-08-01 08:48:51.946075
541,683,209,4,This is review 541,2023-09-10 17:44:03.420526
542,903,716,1,This is review 542,2024-01-20 03:55:24.905931
543,895,970,5,This is review 543,2024-11-26 12:43:43.206279
544,540,227,3,This is review 544,2023-09-13 06:55:34.532505
545,61,167,1,This is review 545,2024-01-15 19:48:35.539393
546,18,93,5,This is review 546,2023-04-29 20:55:51.529742
547,409,489,3,This is review 547,2024-09-17 06:59:57.250152
548,735,5,1,This is review 548,2024-06-03 07:59:19.609678
549,585,272,3,This is review 549,2024-07-21 20:32:30.698402
550,621,982,4,This is review 550,2023-02-14 04:13:39.923542
551,855,596,4,This is review 551,2023-04-16 11:53:05.007995
552,398,133,3,This is review 552,2024-10-18 03:58:50.492240
553,136,278,5,This is review 553,2024-01-29 16:28:29.784677
554,495,204,1,This is review 554,2023-09-12 23:32:42.091057
555,108,623,2,This is review 555,2024-05-20 00:39:18.732473
556,946,922,1,This is review 556,2023-08-31 01:25:38.382414
557,245,481,5,This is review 557,2023-08-11 00:22:26.659064
558,835,956,2,This is review 558,2023-12-28 23:25:16.514726
559,22,184,2,This is review 559,2023-03-18 16:44:56.513160
560,208,411,4,This is review 560,2024-06-11 08:36:48.043825
561,98,817,3,This is review 561,2024-12-07 16:01:19.576474
562,581,336,3,This is review 562,2023-11-28 02:02:19.865656
563,441,661,4,This is review 563,2024-09-30 05:16:16.980866
564,399,141,2,This is review 564,2024-10-05 16:53:28.368628
565,264,150,2,This is review 565,2023-06-28 22:47:16.270491
566,553,522,4,This is review 566,2023-09-13 11:31:08.425987
567,99,956,3,This is review 567,2023-12-15 23:02:10.682607
568,268,352,1,This is review 568,2024-01-08 21:03:49.804479
569,969,745,3,This is review 569,2023-09-28 12:06:30.551370
570,252,395,1,This is review 570,2023-04-27 18:45:23.134026
571,590,246,3,This is review 571,2024-12-26 07:17:24.758424
572,687,809,1,This is review 572,2023-10-03 19:30:08.518224
573,62,438,4,This is review 573,2024-11-30 18:47:44.810439
574,6,297,2,This is review 574,2024-07-15 21:21:14.587891
575,259,99,3,This is review 575,2023-08-16 20:51:26.668290
576,575,528,2,This is review 576,2024-06-15 07:47:17.258885
577,433,508,4,This is review 577,2024-06-16 08:43:08.039288
578,909,464,5,This is review 578,2023-06-04 19:04:56.226810
579,41,70,5,This is review 579,2024-07-01 05:22:26.294958
580,830,731,3,This is review 580,2023-12-09 18:18:12.052979
581,506,19,2,This is review 581,2024-06-23 23:01:51.931558
582,604,535,3,This is review 582,2023-10-23 06:27:00.568912
583,782,678,1,This is review 583,2023-03-29 22:00:19.897864
584,177,782,3,This is review 584,2023-02-10 11:31:54.593024
585,380,241,3,This is review 585,2024-06-08 04:31:28.452710
586,992,149,1,This is review 586,2023-07-12 00:49:38.256953
587,569,929,2,This is review 587,2023-02-17 18:24:21.798478
588,311,979,4,This is review 588,2023-05-27 04:41:08.610342
589,91,311,5,This is review 589,2023-04-24 09:30:08.373299
590,27,144,5,This is review 590,2023-05-04 06:15:48.471774
591,790,587,4,This is review 591,2024-02-10 16:33:32.483740
592,574,395,4,This is review 592,2024-06-23 02:46:59.570046
593,466,345,5,This is review 593,2023-07-23 20:01:03.605546
594,274,176,5,This is review 594,2023-11-26 03:26:27.784523
595,614,648,5,This is review 595,2024-07-26 14:49:28.820222
596,68,16,2,This is review 596,2024-09-09 03:55:29.303616
597,664,250,1,This is review 597,2024-11-05 14:45:45.151077
598,370,343,5,This is review 598,2023-08-05 23:21:14.576567
599,625,772,2,This is review 599,2024-06-25 23:32:17.690515
600,820,391,1,This is review 600,2023-08-09 18:26:01.221258
601,97,669,1,This is review 601,2023-07-01 08:21:03.480948
602,556,679,1,This is review 602,2024-03-31 08:39:45.640798
603,791,749,1,This is review 603,2024-01-07 15:07:43.879010
604,750,186,3,This is review 604,2024-09-02 22:08:50.880415
605,427,950,2,This is review 605,2023-06-24 03:41:17.478607
606,568,235,4,This is review 606,2023-05-06 11:42:57.281266
607,614,744,2,This is review 607,2023-01-17 15:13:39.810787
608,577,444,4,This is review 608,2023-03-29 07:11:35.476868
609,798,281,5,This is review 609,2024-12-03 04:07:56.312766
610,360,325,2,This is review 610,2024-11-05 08:15:14.390676
611,498,668,5,This is review 611,2023-02-19 05:00:40.074839
612,346,369,5,This is review 612,2024-05-16 20:34:56.471451
613,505,51,1,This is review 613,2023-11-10 16:32:30.866259
614,983,530,2,This is review 614,2024-11-29 17:43:35.256678
615,577,462,3,This is review 615,2024-07-19 04:22:40.110252
616,384,309,1,This is review 616,2024-10-24 12:42:01.396509
617,670,468,3,This is review 617,2023-12-23 11:35:44.432660
618,165,341,3,This is review 618,2024-07-16 11:41:38.149721
619,58,780,2,This is review 619,2023-05-26 17:25:44.786809
620,318,176,1,This is review 620,2023-09-30 15:44:16.844324
621,924,999,2,This is review 621,2024-04-05 15:02:47.673029
622,971,179,2,This is review 622,2024-09-26 04:29:02.383900
623,886,650,5,This is review 623,2024-08-23 04:17:57.738940
624,420,532,5,This is review 624,2023-06-07 06:59:06.881274
625,132,457,3,This is review 625,2024-01-08 06:39:21.338859
626,512,361,5,This is review 626,2023-06-27 08:25:32.352086
627,377,722,4,This is review 627,2023-10-08 22:25:16.373027
628,940,1,2,This is review 628,2024-11-09 04:14:34.637570
629,391,102,1,This is review 629,2024-10-07 03:07:31.278512
630,775,162,2,This is review 630,2023-02-15 23:43:20.360876
631,546,802,4,This is review 631,2024-02-04 11:50:48.901780
632,316,548,5,This is review 632,2023-07-03 13:50:53.332453
633,884,384,2,This is review 633,2023-11-22 00:46:04.431417
634,778,728,3,This is review 634,2024-04-12 22:54:24.978239
635,345,885,2,This is review 635,2024-02-18 22:01:08.004432
636,654,792,1,This is review 636,2023-01-09 04:52:12.766858
637,451,97,1,This is review 637,2023-08-21 21:16:14.892257
638,840,96,5,This is review 638,2023-01-30 11:44:35.854872
639,233,129,3,This is review 639,2024-11-05 05:48:28.092075
640,501,775,3,This is review 640,2024-06-27 22:16:38.964432
641,231,240,5,This is review 641,2024-01-12 01:15:31.415485
642,130,775,2,This is review 642,2024-08-14 17:36:28.942127
643,542,820,5,This is review 643,2024-12-17 23:16:57.533146
644,124,152,3,This is review 644,2024-07-22 11:10:30.053795
645,605,254,4,This is review 645,2024-10-31 03:23:18.612627
646,801,218,5,This is review 646,2023-05-04 05:49:10.173209
647,221,71,2,This is review 647,2023-09-15 23:15:20.199431
648,279,957,2,This is review 648,2024-05-08 03:45:41.396271
649,562,148,3,This is review 649,2023-05-07 22:38:42.186117
650,687,277,4,This is review 650,2023-09-30 16:44:52.755368
651,832,510,4,This is review 651,2023-10-24 03:47:39.673782
652,461,880,5,This is review 652,2024-01-02 14:13:33.333791
653,321,621,4,This is review 653,2023-01-27 17:58:29.453446
654,745,274,5,This is review 654,2024-12-01 17:36:22.441065
655,512,418,5,This is review 655,2023-10-04 12:26:18.441855
656,927,901,1,This is review 656,2023-05-21 02:09:29.812116
657,352,477,3,This is review 657,2024-10-29 07:19:33.466464
658,859,936,1,This is review 658,2023-07-06 09:49:42.288864
659,683,253,1,This is review 659,2024-02-15 20:58:15.930210
660,934,768,4,This is review 660,2024-11-19 16:48:18.277495
661,322,19,3,This is review 661,2023-10-21 04:41:46.354377
662,662,649,5,This is review 662,2024-09-02 06:28:22.917552
663,863,937,3,This is review 663,2023-01-29 10:05:15.653201
664,199,195,1,This is review 664,2024-05-08 20:19:33.381764
665,856,509,3,This is review 665,2023-01-18 21:26:38.773224
666,22,477,3,This is review 666,2023-01-28 10:28:05.857999
667,499,376,4,This is review 667,2024-12-28 02:21:50.664477
668,53,48,1,This is review 668,2023-10-16 10:59:10.165305
669,445,302,2,This is review 669,2023-01-06 09:23:05.796509
670,147,784,1,This is review 670,2023-07-18 20:26:20.221005
671,970,944,3,This is review 671,2023-10-09 11:10:50.591140
672,482,674,1,This is review 672,2023-05-23 13:17:30.658681
673,816,193,4,This is review 673,2023-04-13 11:27:37.682258
674,673,448,3,This is review 674,2023-06-08 22:50:07.393906
675,100,843,4,This is review 675,2023-09-06 08:24:18.539591
676,535,220,5,This is review 676,2024-04-04 07:07:45.332158
677,658,764,2,This is review 677,2023-08-09 17:26:01.039111
678,335,448,3,This is review 678,2024-01-23 08:10:57.353368
679,781,626,3,This is review 679,2023-07-23 11:23:05.811943
680,241,854,5,This is review 680,2023-03-21 02:38:49.390726
681,115,937,5,This is review 681,2024-10-22 22:54:58.238105
682,62,354,2,This is review 682,2023-10-07 15:32:11.369765
683,639,446,5,This is review 683,2024-02-29 19:51:28.239677
684,751,96,4,This is review 684,2023-09-15 20:09:00.081761
685,873,321,1,This is review 685,2023-05-03 03:19:41.861651
686,517,618,5,This is review 686,2023-10-20 08:15:23.627463
687,454,399,1,This is review 687,2024-12-20 07:28:34.371057
688,777,565,5,This is review 688,2024-08-01 16:26:23.739808
689,246,65,5,This is review 689,2023-11-15 16:17:06.533165
690,707,768,3,This is review 690,2023-12-06 06:14:05.840365
691,90,957,1,This is review 691,2023-06-30 08:45:54.995893
692,617,121,5,This is review 692,2023-07-23 11:37:22.450870
693,316,884,4,This is review 693,2023-05-26 23:54:22.498905
694,473,475,1,This is review 694,2024-06-25 02:38:57.679922
695,742,509,3,This is review 695,2024-03-28 09:57:54.272746
696,794,441,3,This is review 696,2023-07-06 23:34:11.621741
697,458,259,5,This is review 697,2024-02-05 15:08:59.261344
698,55,233,4,This is review 698,2024-04-29 15:11:25.433206
699,803,842,2,This is review 699,2023-05-06 00:45:23.972463
700,90,544,2,This is review 700,2024-12-04 06:36:23.269933
701,481,259,3,This is review 701,2024-12-05 12:56:42.266547
702,901,195,4,This is review 702,2023-02-08 16:04:14.614085
703,841,285,2,This is review 703,2024-03-21 23:06:49.438297
704,412,506,5,This is review 704,2023-05-02 03:03:24.488624
705,125,597,4,This is review 705,2023-03-21 22:01:03.403626
706,549,371,2,This is review 706,2024-01-01 17:46:44.738177
707,223,747,5,This is review 707,2023-07-09 07:34:52.854122
708,955,54,1,This is review 708,2023-01-30 11:16:21.498965
709,337,210,4,This is review 709,2024-07-18 04:08:24.230072
710,42,227,2,This is review 710,2024-06-19 08:34:03.477645
711,632,212,3,This is review 711,2023-07-04 22:03:41.334735
712,119,437,5,This is review 712,2024-03-27 02:19:12.032336
713,489,980,2,This is review 713,2023-03-19 01:42:24.878401
714,984,348,5,This is review 714,2023-11-29 15:18:58.150679
715,908,85,5,This is review 715,2023-11-20 11:27:44.234306
716,99,504,5,This is review 716,2024-01-19 18:26:38.496584
717,571,870,2,This is review 717,2023-10-29 18:08:05.517454
718,221,917,2,This is review 718,2023-04-18 03:07:25.910597
719,70,657,3,This is review 719,2023-07-17 20:48:31.549957
720,282,716,1,This is review 720,2024-06-15 17:00:29.333181
721,855,504,4,This is review 721,2023-12-15 18:54:09.758032
722,782,199,2,This is review 722,2023-07-18 17:23:29.970614
723,156,750,4,This is review 723,2024-03-11 02:08:29.100296
724,563,22,2,This is review 724,2023-03-06 05:08:49.406406
725,761,611,4,This is review 725,2023-01-08 16:15:04.681390
726,342,620,3,This is review 726,2023-07-12 06:12:50.360727
727,132,992,2,This is review 727,2023-07-28 22:39:22.414840
728,389,760,2,This is review 728,2023-04-01 15:08:46.777205
729,504,466,2,This is review 729,2024-06-19 13:07:36.495921
730,775,767,5,This is review 730,2023-12-09 09:37:12.115876
731,558,549,4,This is review 731,2023-04-19 12:34:26.653525
732,323,603,4,This is review 732,2024-06-07 14:30:45.602852
733,515,71,2,This is review 733,2023-03-23 20:05:23.267844
734,840,199,3,This is review 734,2023-07-24 18:31:33.161393
735,674,751,4,This is review 735,2024-08-03 17:31:20.865918
736,789,579,3,This is review 736,2023-02-26 05:03:33.983452
737,177,212,4,This is review 737,2023-01-11 00:18:38.909471
738,29,739,5,This is review 738,2023-07-22 16:09:38.275954
739,854,755,3,This is review 739,2024-02-07 07:35:57.415391
740,497,864,4,This is review 740,2023-04-17 04:41:40.733149
741,256,196,1,This is review 741,2024-01-22 06:06:05.478353
742,462,63,4,This is review 742,2024-10-10 03:18:59.637357
743,106,733,5,This is review 743,2024-11-14 14:36:42.221533
744,151,510,2,This is review 744,2024-05-02 03:41:35.891753
745,490,952,2,This is review 745,2024-06-13 14:31:34.748681
746,539,307,4,This is review 746,2023-07-28 00:09:40.805715
747,884,765,3,This is review 747,2024-01-09 01:36:26.278876
748,172,602,2,This is review 748,2023-08-31 20:38:58.216946
749,394,22,5,This is review 749,2023-02-23 19:25:09.573735
750,378,82,4,This is review 750,2024-09-20 13:34:14.236881
751,992,579,4,This is review 751,2024-06-10 02:03:14.833508
752,173,915,5,This is review 752,2024-03-18 16:53:09.318519
753,72,83,4,This is review 753,2023-04-19 15:26:29.931151
754,789,967,1,This is review 754,2023-02-11 06:46:14.545111
755,65,387,1,This is review 755,2024-01-29 06:53:50.988456
756,890,394,4,This is review 756,2024-12-02 15:05:12.008437
757,36,473,3,This is review 757,2023-04-28 06:14:36.930853
758,374,594,1,This is review 758,2024-10-11 18:26:01.202769
759,482,282,5,This is review 759,2023-02-13 09:57:09.939562
760,650,960,2,This is review 760,2024-10-22 13:16:49.303652
761,801,398,2,This is review 761,2024-08-29 18:27:36.601035
762,601,209,3,This is review 762,2024-09-24 00:25:33.705373
763,155,770,2,This is review 763,2023-06-13 21:05:14.794140
764,202,969,2,This is review 764,2024-12-09 18:00:28.215518
765,279,317,5,This is review 765,2024-02-09 10:38:47.484460
766,704,714,1,This is review 766,2023-07-13 21:48:32.381376
767,50,827,4,This is review 767,2023-07-20 06:49:31.778611
768,945,916,1,This is review 768,2024-07-10 23:45:34.249525
769,406,133,2,This is review 769,2023-06-21 13:06:35.600604
770,129,580,2,This is review 770,2024-04-12 11:57:41.464151
771,535,721,3,This is review 771,2024-10-09 07:41:03.240447
772,409,796,5,This is review 772,2024-01-23 03:57:59.792164
773,781,876,4,This is review 773,2024-11-23 22:34:59.477372
774,708,753,2,This is review 774,2023-01-07 17:52:51.869030
775,201,931,2,This is review 775,2023-03-20 18:15:46.844164
776,809,856,2,This is review 776,2024-09-01 21:03:53.760698
777,409,149,3,This is review 777,2024-10-16 16:21:52.720727
778,364,150,3,This is review 778,2024-06-20 08:26:46.081991
779,962,20,2,This is review 779,2023-12-08 15:35:09.618432
780,906,282,1,This is review 780,2023-07-15 22:38:51.383398
781,464,879,5,This is review 781,2023-07-08 09:50:05.841850
782,945,835,2,This is review 782,2024-08-06 04:19:06.450854
783,266,681,5,This is review 783,2024-01-19 23:13:32.086377
784,91,276,2,This is review 784,2024-06-23 12:21:16.593282
785,694,941,2,This is review 785,2024-06-26 00:01:28.076962
786,132,477,5,This is review 786,2024-05-25 02:10:01.199229
787,828,557,3,This is review 787,2024-12-18 14:58:04.169829
788,55,621,1,This is review 788,2024-09-04 11:47:00.586949
789,394,546,2,This is review 789,2024-07-30 02:10:40.040892
790,898,647,5,This is review 790,2024-12-03 17:52:10.648860
791,389,466,5,This is review 791,2023-10-09 17:28:42.585146
792,718,779,5,This is review 792,2023-06-15 08:30:39.803954
793,555,48,3,This is review 793,2023-01-26 21:38:31.060845
794,43,868,4,This is review 794,2024-06-03 23:52:40.626820
795,761,258,2,This is review 795,2023-04-25 17:41:47.085668
796,681,1,3,This is review 796,2023-10-18 21:25:10.160937
797,671,383,2,This is review 797,2024-07-11 03:12:28.851887
798,434,561,4,This is review 798,2024-11-27 17:04:23.949089
799,847,673,5,This is review 799,2023-05-08 14:04:59.507361
800,508,135,5,This is review 800,2024-11-20 07:55:30.005274
801,731,681,5,This is review 801,2023-01-05 14:16:44.340316
802,996,32,1,This is review 802,2024-11-05 04:38:02.078855
803,614,616,4,This is review 803,2024-11-20 01:00:19.626636
804,88,761,5,This is review 804,2023-02-03 14:23:34.777718
805,778,124,2,This is review 805,2023-09-15 23:40:38.714552
806,395,70,4,This is review 806,2023-06-13 03:58:52.035289
807,798,836,2,This is review 807,2023-09-20 06:11:08.878562
808,158,912,3,This is review 808,2023-01-06 14:09:12.236654
809,120,825,3,This is review 809,2024-04-23 09:35:24.730769
810,673,806,2,This is review 810,2024-04-15 07:27:45.027829
811,453,428,1,This is review 811,2024-11-06 21:46:28.135725
812,162,482,1,This is review 812,2023-12-02 12:43:08.958545
813,769,423,2,This is review 813,2023-07-19 14:53:35.062979
814,434,943,5,This is review 814,2024-06-01 15:08:18.898618
815,298,317,2,This is review 815,2024-04-17 23:31:35.068883
816,892,191,1,This is review 816,2023-02-15 11:08:57.063478
817,622,802,3,This is review 817,2024-02-20 11:46:02.089399
818,225,130,3,This is review 818,2023-01-11 04:39:19.638152
819,984,971,2,This is review 819,2023-02-19 17:01:26.624000
820,135,878,3,This is review 820,2023-05-05 18:04:06.525548
821,46,380,3,This is review 821,2024-02-03 17:03:29.286355
822,106,73,2,This is review 822,2024-11-30 09:30:38.862824
823,926,148,1,This is review 823,2024-05-06 08:03:01.239894
824,125,756,4,This is review 824,2023-07-08 21:44:53.149349
825,964,226,4,This is review 825,2023-02-13 02:24:39.808565
826,631,992,4,This is review 826,2023-06-04 11:10:12.129994
827,457,173,4,This is review 827,2023-02-06 11:02:52.504486
828,485,871,1,This is review 828,2024-10-28 17:15:23.063350
829,452,481,3,This is review 829,2023-02-13 13:30:07.939406
830,418,276,4,This is review 830,2024-12-18 04:31:33.852124
831,474,962,2,This is review 831,2023-06-17 13:52:59.659177
832,54,757,4,This is review 832,2024-06-08 06:50:54.529252
833,414,313,1,This is review 833,2023-01-03 14:53:50.637695
834,854,798,2,This is review 834,2023-08-24 05:27:22.588126
835,302,240,2,This is review 835,2024-03-09 07:26:34.316266
836,495,228,4,This is review 836,2024-09-24 02:57:36.853486
837,642,466,1,This is review 837,2023-04-22 02:19:47.104494
838,968,596,4,This is review 838,2023-05-06 18:54:23.778701
839,118,894,2,This is review 839,2023-08-18 22:09:02.389079
840,70,14,3,This is review 840,2024-07-04 03:10:06.508887
841,386,464,2,This is review 841,2023-11-05 14:08:04.453993
842,421,329,1,This is review 842,2024-12-07 22:48:15.093317
843,689,470,3,This is review 843,2024-09-14 22:41:33.872112
844,958,765,2,This is review 844,2023-06-11 17:22:10.354660
845,526,679,2,This is review 845,2023-11-05 03:40:28.849323
846,891,772,5,This is review 846,2023-09-11 20:44:57.372243
847,75,168,1,This is review 847,2023-11-12 00:52:21.285590
848,781,407,5,This is review 848,2024-09-02 21:44:12.531013
849,709,677,3,This is review 849,2023-02-03 03:34:28.691347
850,202,169,5,This is review 850,2023-07-22 01:29:31.622259
851,949,667,4,This is review 851,2024-04-16 16:38:26.618691
852,238,613,4,This is review 852,2023-12-30 07:26:20.675480
853,417,664,1,This is review 853,2023-07-06 05:29:29.197173
854,213,308,5,This is review 854,2024-04-08 22:58:45.605714
855,202,577,2,This is review 855,2023-09-28 00:15:49.821006
856,609,504,2,This is review 856,2024-09-22 19:42:16.552392
857,178,704,1,This is review 857,2023-12-21 06:17:18.289302
858,553,433,1,This is review 858,2024-09-13 13:30:22.187061
859,754,829,2,This is review 859,2024-10-23 18:22:59.250914
860,659,775,5,This is review 860,2024-05-13 12:42:02.691354
861,459,321,4,This is review 861,2023-06-07 00:21:46.841953
862,11,100,2,This is review 862,2023-07-10 06:12:50.709557
863,495,69,4,This is review 863,2023-11-20 20:23:28.412536
864,832,664,5,This is review 864,2023-08-09 18:28:44.652247
865,429,877,3,This is review 865,2023-09-15 14:57:50.067556
866,598,353,5,This is review 866,2024-06-16 19:38:21.991772
867,695,877,3,This is review 867,2024-07-20 03:12:30.053040
868,768,699,4,This is review 868,2023-03-20 10:28:35.761124
869,394,674,1,This is review 869,2023-05-30 14:06:02.192605
870,471,989,5,This is review 870,2023-01-15 07:00:01.410500
871,811,424,2,This is review 871,2024-11-26 06:38:07.607257
872,737,224,3,This is review 872,2023-04-19 23:58:20.844778
873,331,780,5,This is review 873,2024-07-06 23:42:04.457805
874,244,471,4,This is review 874,2023-04-10 14:29:16.790939
875,826,674,4,This is review 875,2023-12-17 00:10:29.025002
876,866,194,5,This is review 876,2023-08-13 18:10:53.691793
877,608,601,3,This is review 877,2023-09-04 16:20:18.348947
878,913,803,2,This is review 878,2023-12-12 17:22:51.415448
879,407,838,3,This is review 879,2024-10-25 18:32:00.033532
880,119,519,1,This is review 880,2023-11-11 08:26:02.919631
881,12,671,2,This is review 881,2023-05-16 18:10:09.828203
882,147,866,2,This is review 882,2024-02-21 01:56:44.145430
883,69,312,2,This is review 883,2024-09-26 08:48:42.688220
884,426,438,5,This is review 884,2024-03-14 00:55:45.794597
885,856,245,3,This is review 885,2024-06-24 07:11:18.647641
886,51,423,2,This is review 886,2024-03-09 15:18:52.747475
887,675,388,5,This is review 887,2023-11-13 10:55:36.687635
888,467,5,3,This is review 888,2023-06-23 06:13:54.763431
889,91,278,2,This is review 889,2023-06-25 23:41:04.517657
890,739,623,5,This is review 890,2024-11-11 14:34:14.992502
891,83,159,5,This is review 891,2024-12-02 18:52:35.750349
892,746,695,1,This is review 892,2023-10-16 09:50:48.029566
893,408,452,3,This is review 893,2023-02-19 16:39:38.711376
894,886,732,3,This is review 894,2024-09-16 14:09:07.783792
895,336,645,3,This is review 895,2023-11-28 08:10:47.744463
896,623,884,5,This is review 896,2024-06-28 03:44:35.907105
897,721,851,2,This is review 897,2023-08-23 22:57:50.294788
898,665,123,5,This is review 898,2023-11-29 02:43:55.069237
899,723,654,2,This is review 899,2024-01-10 10:00:42.322475
900,433,808,3,This is review 900,2023-03-15 13:58:09.165672
901,76,736,2,This is review 901,2023-03-09 10:17:14.711382
902,789,277,2,This is review 902,2024-10-12 03:06:15.542441
903,22,771,1,This is review 903,2024-10-26 21:59:57.222813
904,716,154,4,This is review 904,2024-10-04 06:49:06.265632
905,833,547,4,This is review 905,2023-01-25 10:25:33.506325
906,709,983,3,This is review 906,2023-03-30 12:48:06.927898
907,360,741,2,This is review 907,2023-09-29 16:33:32.681290
908,977,696,3,This is review 908,2023-02-06 22:42:11.079950
909,639,417,2,This is review 909,2024-10-18 19:14:49.200461
910,386,23,3,This is review 910,2023-05-09 12:40:27.742784
911,337,707,1,This is review 911,2023-04-25 04:12:18.592271
912,757,721,2,This is review 912,2023-06-29 15:15:20.079869
913,751,54,1,This is review 913,2024-09-27 05:43:40.595857
914,741,597,1,This is review 914,2023-06-12 12:03:32.876722
915,660,345,2,This is review 915,2024-12-15 20:23:00.553787
916,752,296,3,This is review 916,2023-09-15 16:54:45.336769
917,972,950,5,This is review 917,2024-03-14 08:20:19.730636
918,228,676,3,This is review 918,2024-11-29 19:06:35.533459
919,651,185,2,This is review 919,2023-06-15 19:07:48.181508
920,655,940,4,This is review 920,2024-07-10 15:20:59.381449
921,728,738,4,This is review 921,2024-05-02 14:18:47.286790
922,496,366,3,This is review 922,2023-06-30 20:44:49.390131
923,20,829,1,This is review 923,2024-12-31 06:23:48.602681
924,152,836,1,This is review 924,2023-12-14 11:57:05.160438
925,738,120,1,This is review 925,2023-02-23 22:39:12.796383
926,191,484,4,This is review 926,2023-01-14 05:29:10.901708
927,994,524,2,This is review 927,2023-08-05 04:52:24.194698
928,100,443,5,This is review 928,2023-09-06 00:22:53.293453
929,695,548,5,This is review 929,2023-05-07 04:16:41.198814
930,788,917,1,This is review 930,2024-09-30 02:05:07.378291
931,37,760,3,This is review 931,2023-07-26 16:50:24.046499
932,449,834,2,This is review 932,2024-12-01 03:23:41.613901
933,384,35,3,This is review 933,2023-07-24 08:08:25.453077
934,387,323,4,This is review 934,2023-08-23 16:50:36.318195
935,319,61,5,This is review 935,2023-01-14 13:14:00.435572
936,925,208,2,This is review 936,2023-09-30 21:45:20.651172
937,125,515,5,This is review 937,2023-04-27 19:42:56.706921
938,762,600,2,This is review 938,2023-01-04 04:43:09.322014
939,150,52,2,This is review 939,2023-10-07 22:42:59.314545
940,715,890,2,This is review 940,2024-10-26 22:07:01.471635
941,681,608,3,This is review 941,2023-06-21 07:36:21.972600
942,102,460,4,This is review 942,2023-08-24 17:49:31.592140
943,34,719,2,This is review 943,2023-12-30 13:29:53.731009
944,679,295,1,This is review 944,2023-08-01 20:04:50.654962
945,409,533,4,This is review 945,2024-11-07 00:47:00.640750
946,943,663,1,This is review 946,2023-05-21 15:48:10.374701
947,205,428,3,This is review 947,2023-05-21 19:52:17.449894
948,521,291,1,This is review 948,2023-07-25 10:27:29.638255
949,537,231,5,This is review 949,2023-12-18 14:56:52.717521
950,726,44,4,This is review 950,2023-10-13 01:44:46.061688
951,260,657,5,This is review 951,2024-08-01 16:26:49.207464
952,985,422,3,This is review 952,2024-08-08 11:47:06.282305
953,288,875,5,This is review 953,2024-06-21 09:04:40.274191
954,809,627,4,This is review 954,2024-01-18 11:32:02.104943
955,43,229,3,This is review 955,2023-11-24 22:00:58.116757
956,484,787,4,This is review 956,2023-03-17 17:39:56.346758
957,780,18,4,This is review 957,2023-02-09 16:53:31.604652
958,75,601,5,This is review 958,2023-01-06 20:52:52.749516
959,872,266,4,This is review 959,2023-03-31 16:54:29.546671
960,347,701,5,This is review 960,2023-11-22 02:04:08.514122
961,136,348,5,This is review 961,2023-07-23 08:59:34.872679
962,37,349,1,This is review 962,2023-05-02 07:54:13.267192
963,718,393,1,This is review 963,2023-10-27 23:45:27.276794
964,387,567,2,This is review 964,2023-11-15 15:07:00.042513
965,306,477,1,This is review 965,2024-10-18 06:55:56.837949
966,720,685,5,This is review 966,2023-02-26 00:40:31.727297
967,568,572,3,This is review 967,2023-01-23 02:14:04.517145
968,468,90,3,This is review 968,2023-01-30 08:11:55.099228
969,249,584,1,This is review 969,2024-04-25 18:20:18.921087
970,309,295,3,This is review 970,2023-08-28 07:05:03.105565
971,108,732,1,This is review 971,2023-05-20 16:00:16.417143
972,221,828,2,This is review 972,2023-08-25 01:02:51.759528
973,821,793,4,This is review 973,2023-03-22 23:36:18.013243
974,731,784,5,This is review 974,2024-05-30 02:37:29.656436
975,737,180,3,This is review 975,2024-06-16 15:47:23.017446
976,806,40,5,This is review 976,2023-07-15 22:54:30.270251
977,174,617,4,This is review 977,2023-11-30 04:47:49.492746
978,627,392,3,This is review 978,2024-12-09 13:18:21.561905
979,537,808,2,This is review 979,2023-11-12 08:24:00.839038
980,606,435,5,This is review 980,2023-12-31 07:16:16.190931
981,464,668,2,This is review 981,2024-03-04 19:08:31.927738
982,513,6,2,This is review 982,2024-04-02 12:51:14.238066
983,956,27,3,This is review 983,2023-09-27 05:03:40.490949
984,985,546,4,This is review 984,2023-08-03 19:08:18.606670
985,635,488,3,This is review 985,2024-05-17 11:42:07.791966
986,234,769,2,This is review 986,2024-09-10 01:52:05.865986
987,923,42,5,This is review 987,2024-12-21 11:13:46.704989
988,286,852,4,This is review 988,2023-09-13 03:10:22.905353
989,533,887,2,This is review 989,2024-05-10 19:57:49.456279
990,147,422,1,This is review 990,2024-01-22 09:00:09.502744
991,610,803,4,This is review 991,2024-07-07 07:02:46.989048
992,748,210,5,This is review 992,2024-11-27 02:25:21.346388
993,757,238,3,This is review 993,2023-11-14 23:53:31.024626
994,296,412,1,This is review 994,2024-12-28 20:21:24.308230
995,663,45,1,This is review 995,2023-07-24 15:41:13.431662
996,888,715,3,This is review 996,2023-08-23 01:08:00.789922
997,688,68,2,This is review 997,2024-10-24 22:29:32.068782
998,125,372,1,This is review 998,2024-09-21 17:23:49.443605
999,288,390,1,This is review 999,2024-12-03 22:08:54.334066
1000,244,919,4,This is review 1000,2024-11-14 15:49:06.419031
