id,subject,status,customer_id,created_at,updated_at
1,Support Ticket 1,OPEN,760,2024-04-06 15:39:15.434545,2023-12-25 23:40:20.787787
2,Support Ticket 2,CLOSED,33,2023-06-01 12:17:06.423725,2024-11-09 19:29:45.651737
3,Support Ticket 3,OPEN,968,2023-11-29 14:09:47.739875,2024-11-15 19:22:18.566526
4,Support Ticket 4,OPEN,413,2024-09-30 21:11:33.498625,2024-02-18 03:20:54.732363
5,Support Ticket 5,CLOSED,106,2024-11-18 04:02:03.936084,2024-07-28 03:20:31.150792
6,Support Ticket 6,CLOSED,984,2024-12-28 10:44:40.880487,2023-05-15 04:03:58.623650
7,Support Ticket 7,OPEN,538,2024-06-26 15:30:36.149049,2024-01-16 04:59:11.270878
8,Support Ticket 8,OPEN,230,2023-03-12 06:59:56.669148,2023-05-11 00:57:03.479203
9,Support Ticket 9,CLOSED,99,2023-07-13 21:34:14.726398,2023-05-22 10:33:34.570797
10,Support Ticket 10,OPEN,707,2024-12-27 04:03:03.463108,2023-01-07 12:54:33.517776
11,Support Ticket 11,CLOSED,961,2023-12-20 19:07:56.842637,2023-07-10 17:20:32.019854
12,Support Ticket 12,CLOSED,519,2023-03-17 02:14:28.012822,2024-07-30 22:57:38.548812
13,Support Ticket 13,OPEN,32,2023-01-10 08:09:22.705073,2024-08-25 16:50:59.789377
14,Support Ticket 14,OPEN,190,2023-11-14 03:24:54.699220,2024-08-15 04:37:43.454737
15,Support Ticket 15,CLOSED,230,2023-11-18 07:35:03.767680,2023-05-08 11:09:38.356885
16,Support Ticket 16,OPEN,529,2023-05-08 17:15:37.280375,2024-08-02 00:39:05.894281
17,Support Ticket 17,CLOSED,460,2024-11-11 06:05:16.855763,2024-05-06 08:31:07.662413
18,Support Ticket 18,OPEN,778,2023-03-11 06:45:37.342746,2023-05-24 11:11:32.817712
19,Support Ticket 19,CLOSED,556,2023-12-28 21:34:41.390560,2023-07-22 11:36:02.258348
20,Support Ticket 20,CLOSED,282,2024-12-10 10:04:51.079031,2024-07-26 23:42:54.040849
21,Support Ticket 21,CLOSED,206,2023-08-07 06:29:11.550945,2023-09-28 04:26:54.889232
22,Support Ticket 22,CLOSED,743,2023-03-16 04:04:05.505888,2024-12-23 08:20:09.891873
23,Support Ticket 23,OPEN,518,2024-05-26 21:18:09.824299,2024-10-19 22:12:53.771969
24,Support Ticket 24,CLOSED,713,2024-04-30 09:57:08.624776,2023-01-08 09:01:07.406615
25,Support Ticket 25,OPEN,547,2024-01-15 09:36:18.420642,2023-04-19 21:40:36.106373
26,Support Ticket 26,CLOSED,886,2023-02-07 02:02:27.573683,2023-10-07 16:48:37.034545
27,Support Ticket 27,CLOSED,390,2024-01-14 06:27:35.927460,2024-07-21 10:50:14.273863
28,Support Ticket 28,OPEN,687,2023-08-26 11:47:56.179299,2023-09-22 00:01:46.557094
29,Support Ticket 29,CLOSED,664,2023-06-29 11:27:35.878618,2023-01-03 02:08:39.102782
30,Support Ticket 30,CLOSED,641,2024-06-07 19:00:26.993810,2024-03-14 09:39:18.199225
31,Support Ticket 31,CLOSED,216,2024-11-13 13:20:35.392895,2023-11-16 17:21:11.472966
32,Support Ticket 32,OPEN,292,2024-06-02 05:41:30.296962,2023-11-04 11:57:27.451541
33,Support Ticket 33,CLOSED,814,2023-05-24 03:58:15.198295,2023-09-04 11:35:02.961259
34,Support Ticket 34,CLOSED,718,2024-10-28 07:42:06.485897,2024-04-23 10:07:50.098977
35,Support Ticket 35,OPEN,650,2024-04-18 08:29:14.834134,2023-08-08 14:18:09.719236
36,Support Ticket 36,CLOSED,197,2024-01-26 12:04:11.033701,2024-08-20 21:09:11.641144
37,Support Ticket 37,OPEN,643,2023-02-19 07:41:17.024645,2024-04-30 17:40:32.075984
38,Support Ticket 38,OPEN,858,2023-02-26 12:49:00.660394,2023-07-13 20:04:21.212007
39,Support Ticket 39,OPEN,142,2024-12-25 12:16:52.902949,2024-02-19 11:58:18.273892
40,Support Ticket 40,OPEN,54,2023-01-14 13:50:40.772307,2024-02-23 10:06:53.753168
41,Support Ticket 41,CLOSED,462,2023-03-29 06:56:04.983480,2024-02-26 13:24:39.949709
42,Support Ticket 42,OPEN,375,2024-06-16 04:50:21.053247,2023-04-10 01:17:43.462702
43,Support Ticket 43,OPEN,332,2023-09-03 06:21:30.462665,2023-09-07 22:53:38.366048
44,Support Ticket 44,OPEN,800,2024-03-12 01:08:10.196350,2023-05-13 15:31:27.203533
45,Support Ticket 45,OPEN,480,2023-08-28 16:41:57.557715,2023-07-27 17:27:48.252704
46,Support Ticket 46,OPEN,192,2024-09-19 04:48:30.603146,2024-06-26 12:37:14.134030
47,Support Ticket 47,OPEN,345,2023-09-03 04:11:56.221150,2024-01-21 23:51:19.470394
48,Support Ticket 48,OPEN,280,2023-10-08 23:42:36.399186,2024-05-06 09:42:16.998958
49,Support Ticket 49,OPEN,308,2024-08-05 11:12:27.297774,2023-04-14 11:44:28.583729
50,Support Ticket 50,CLOSED,944,2024-02-02 04:56:00.549679,2024-10-14 07:04:38.006057
51,Support Ticket 51,CLOSED,863,2023-11-20 14:10:02.665903,2024-11-02 06:16:54.640860
52,Support Ticket 52,OPEN,628,2024-02-20 14:21:05.509480,2024-09-23 12:45:27.898477
53,Support Ticket 53,OPEN,840,2024-01-24 20:42:10.486282,2023-05-05 19:20:18.835689
54,Support Ticket 54,OPEN,352,2024-10-15 06:07:39.467785,2023-01-15 20:00:27.501901
55,Support Ticket 55,OPEN,990,2023-04-19 08:20:44.677896,2024-08-07 19:02:03.440939
56,Support Ticket 56,CLOSED,636,2023-07-03 12:11:39.944945,2024-05-04 09:41:55.692560
57,Support Ticket 57,OPEN,681,2023-11-20 14:44:34.163190,2024-06-28 18:42:02.558719
58,Support Ticket 58,CLOSED,348,2024-09-26 21:07:24.676487,2023-06-04 00:51:15.600683
59,Support Ticket 59,OPEN,457,2024-12-21 19:24:21.405192,2024-04-27 11:51:00.160167
60,Support Ticket 60,CLOSED,585,2023-02-08 10:33:38.726518,2024-12-01 22:46:35.314914
61,Support Ticket 61,OPEN,624,2023-01-20 09:12:10.548650,2023-01-19 01:11:07.623404
62,Support Ticket 62,CLOSED,616,2023-09-25 23:47:21.853946,2023-03-03 00:04:50.610236
63,Support Ticket 63,OPEN,111,2023-06-14 05:45:35.975606,2024-08-15 16:45:58.762365
64,Support Ticket 64,OPEN,215,2023-02-25 12:03:27.573599,2023-03-30 19:52:42.662405
65,Support Ticket 65,CLOSED,506,2023-11-04 07:22:29.343146,2023-01-28 21:12:49.574359
66,Support Ticket 66,CLOSED,460,2024-02-14 10:37:19.138427,2024-05-07 23:10:24.689105
67,Support Ticket 67,CLOSED,879,2024-03-12 11:50:37.142996,2024-05-19 19:41:03.139447
68,Support Ticket 68,CLOSED,963,2023-01-13 08:46:19.187124,2024-07-26 19:35:47.363072
69,Support Ticket 69,CLOSED,331,2023-04-24 20:20:33.219820,2023-05-09 18:11:59.850309
70,Support Ticket 70,OPEN,251,2024-10-06 18:14:09.036180,2024-10-31 14:47:23.614995
71,Support Ticket 71,CLOSED,508,2023-01-31 09:22:20.043311,2024-01-08 05:37:25.441285
72,Support Ticket 72,CLOSED,29,2023-04-04 04:39:41.624420,2024-06-16 16:14:23.972264
73,Support Ticket 73,CLOSED,149,2023-03-02 16:21:52.980397,2024-01-12 05:01:49.543495
74,Support Ticket 74,OPEN,514,2024-02-05 16:46:07.570532,2023-05-04 05:46:36.834138
75,Support Ticket 75,CLOSED,600,2023-11-13 06:47:04.425695,2023-02-27 02:22:45.238555
76,Support Ticket 76,OPEN,537,2024-04-15 22:48:58.883294,2024-05-06 07:28:16.292308
77,Support Ticket 77,OPEN,331,2023-08-01 17:27:02.722327,2023-05-09 13:50:34.144509
78,Support Ticket 78,CLOSED,518,2024-04-21 13:23:16.711684,2024-12-05 23:39:24.799178
79,Support Ticket 79,CLOSED,468,2023-01-26 23:02:26.632592,2024-06-19 00:01:19.402566
80,Support Ticket 80,CLOSED,769,2023-07-16 13:54:37.713728,2024-09-21 03:45:52.675437
81,Support Ticket 81,OPEN,661,2023-05-25 17:01:21.351088,2024-02-20 02:26:11.983437
82,Support Ticket 82,CLOSED,415,2023-10-10 06:52:15.632329,2023-07-01 12:11:47.185090
83,Support Ticket 83,CLOSED,511,2023-05-02 19:19:14.503353,2023-08-17 22:02:02.253213
84,Support Ticket 84,CLOSED,71,2024-02-21 20:17:12.709798,2023-10-05 22:22:46.571308
85,Support Ticket 85,OPEN,106,2024-08-11 01:55:27.791704,2024-07-07 13:51:28.329898
86,Support Ticket 86,OPEN,186,2023-11-10 11:28:48.897090,2024-03-26 15:03:53.763102
87,Support Ticket 87,CLOSED,594,2024-10-26 14:52:42.609880,2024-03-31 23:58:10.471652
88,Support Ticket 88,CLOSED,405,2023-02-06 06:00:33.510324,2024-08-23 07:59:51.788678
89,Support Ticket 89,CLOSED,627,2024-01-30 15:10:22.079315,2024-02-18 04:15:00.537427
90,Support Ticket 90,OPEN,967,2023-04-30 20:51:50.466881,2023-02-12 02:18:46.402928
91,Support Ticket 91,OPEN,440,2023-08-01 05:00:18.473780,2023-10-10 20:36:50.957089
92,Support Ticket 92,OPEN,159,2023-10-29 16:15:47.776745,2024-05-15 10:44:30.389003
93,Support Ticket 93,OPEN,950,2023-08-12 09:51:11.212174,2024-10-24 05:12:24.737980
94,Support Ticket 94,CLOSED,446,2024-04-02 16:00:07.588764,2023-02-10 06:50:52.360667
95,Support Ticket 95,OPEN,94,2024-05-02 09:41:35.226177,2024-03-13 12:44:57.378763
96,Support Ticket 96,CLOSED,820,2023-03-16 11:40:49.403218,2023-11-25 20:27:38.933755
97,Support Ticket 97,OPEN,301,2024-02-27 16:04:41.422678,2024-03-07 04:17:10.405315
98,Support Ticket 98,CLOSED,179,2023-05-09 04:46:02.050547,2024-02-26 06:23:19.471111
99,Support Ticket 99,CLOSED,426,2023-05-09 05:24:19.411530,2024-11-11 08:29:05.717796
100,Support Ticket 100,OPEN,662,2024-11-16 23:20:50.743962,2024-07-03 05:03:06.222646
101,Support Ticket 101,CLOSED,712,2023-06-06 21:22:00.594114,2023-06-15 23:04:37.825563
102,Support Ticket 102,OPEN,877,2024-11-17 12:28:13.927273,2023-09-11 12:17:47.016693
103,Support Ticket 103,CLOSED,692,2024-01-31 14:03:13.274154,2023-11-05 21:49:05.012313
104,Support Ticket 104,CLOSED,929,2023-01-10 07:00:33.938100,2024-03-03 23:15:59.839455
105,Support Ticket 105,CLOSED,938,2024-03-14 01:02:09.580858,2023-10-31 12:51:38.082696
106,Support Ticket 106,OPEN,189,2024-10-16 10:25:03.158659,2024-03-22 15:48:21.638406
107,Support Ticket 107,CLOSED,243,2024-02-20 20:23:36.814051,2024-07-07 10:46:33.887878
108,Support Ticket 108,OPEN,707,2024-06-26 09:41:02.596212,2024-03-25 16:09:16.516436
109,Support Ticket 109,OPEN,663,2024-01-04 06:15:38.963448,2023-03-31 17:56:09.741030
110,Support Ticket 110,CLOSED,886,2024-03-13 00:03:56.226173,2023-02-17 03:56:22.666969
111,Support Ticket 111,OPEN,253,2023-02-27 19:12:18.632250,2024-06-14 07:01:12.866947
112,Support Ticket 112,CLOSED,869,2023-07-01 18:51:14.382278,2024-01-08 15:07:14.375783
113,Support Ticket 113,CLOSED,786,2023-11-05 23:47:22.816334,2024-07-01 05:01:01.709821
114,Support Ticket 114,OPEN,595,2023-06-06 13:59:11.654249,2024-04-05 17:29:24.740885
115,Support Ticket 115,CLOSED,405,2023-03-02 09:40:29.770067,2024-10-10 18:22:55.546986
116,Support Ticket 116,OPEN,571,2024-05-02 19:11:59.749851,2024-11-06 17:52:13.199275
117,Support Ticket 117,CLOSED,808,2024-09-07 11:21:16.822662,2023-11-16 06:48:15.533586
118,Support Ticket 118,OPEN,955,2024-09-07 23:30:41.672952,2023-10-20 00:12:48.706074
119,Support Ticket 119,CLOSED,152,2024-05-01 21:59:13.768153,2023-03-25 20:25:18.444612
120,Support Ticket 120,OPEN,169,2023-01-13 03:00:14.858053,2023-08-18 13:31:37.387445
121,Support Ticket 121,CLOSED,397,2024-12-11 11:53:49.918843,2024-01-18 02:19:18.308426
122,Support Ticket 122,CLOSED,644,2023-06-11 12:11:11.315663,2024-09-07 20:28:57.292068
123,Support Ticket 123,OPEN,227,2024-01-22 06:42:08.755750,2024-11-15 12:36:45.985693
124,Support Ticket 124,CLOSED,248,2023-02-12 20:29:39.339935,2024-06-29 15:02:41.153276
125,Support Ticket 125,CLOSED,373,2023-08-23 20:36:26.707046,2023-01-13 15:04:16.334015
126,Support Ticket 126,OPEN,728,2024-05-26 01:51:07.714293,2024-05-04 13:53:20.928496
127,Support Ticket 127,CLOSED,684,2023-12-25 18:23:05.571872,2023-02-02 00:54:44.811688
128,Support Ticket 128,CLOSED,320,2023-03-31 01:43:22.604408,2024-10-26 13:12:25.353968
129,Support Ticket 129,OPEN,587,2024-09-11 12:22:11.671061,2024-01-12 11:46:30.769463
130,Support Ticket 130,OPEN,368,2023-01-01 21:35:11.550940,2024-11-17 13:05:17.430140
131,Support Ticket 131,CLOSED,733,2023-12-15 06:08:03.924365,2023-02-13 04:21:04.439264
132,Support Ticket 132,OPEN,733,2023-09-21 10:09:53.547263,2023-07-16 18:45:59.782798
133,Support Ticket 133,CLOSED,112,2023-01-12 02:46:41.244843,2023-06-28 04:37:38.005344
134,Support Ticket 134,CLOSED,840,2023-05-20 13:59:42.812331,2024-01-02 02:21:46.010065
135,Support Ticket 135,CLOSED,756,2024-07-05 20:54:15.137601,2023-06-06 18:32:16.510862
136,Support Ticket 136,CLOSED,295,2023-10-13 10:26:39.447424,2023-04-11 10:47:28.664083
137,Support Ticket 137,CLOSED,172,2023-06-12 18:24:58.018692,2024-02-04 15:08:45.625674
138,Support Ticket 138,CLOSED,438,2024-01-14 02:31:50.006066,2024-03-13 13:42:48.659105
139,Support Ticket 139,OPEN,953,2024-07-21 22:50:11.274335,2024-10-22 03:39:33.919782
140,Support Ticket 140,OPEN,236,2023-08-15 03:05:28.232995,2024-09-16 14:15:47.821939
141,Support Ticket 141,OPEN,358,2024-02-19 02:28:24.336072,2024-04-16 00:37:30.325390
142,Support Ticket 142,CLOSED,549,2023-01-02 03:14:03.047239,2023-10-20 13:36:13.067328
143,Support Ticket 143,OPEN,801,2024-10-19 15:06:32.242854,2024-02-05 19:45:28.129009
144,Support Ticket 144,CLOSED,639,2023-04-07 11:24:46.041738,2024-12-12 16:02:46.558264
145,Support Ticket 145,CLOSED,667,2023-02-19 11:27:08.789794,2023-02-05 22:35:16.036303
146,Support Ticket 146,CLOSED,496,2023-12-10 00:11:55.697080,2023-01-06 03:33:11.733842
147,Support Ticket 147,OPEN,303,2024-11-28 03:59:05.542185,2024-08-01 07:22:56.640694
148,Support Ticket 148,OPEN,536,2023-05-18 04:48:50.122597,2023-05-29 18:49:20.528036
149,Support Ticket 149,OPEN,190,2023-12-06 11:17:40.216482,2023-08-31 21:05:12.989003
150,Support Ticket 150,CLOSED,110,2024-09-07 13:23:43.653868,2023-01-03 16:01:35.323163
151,Support Ticket 151,CLOSED,424,2023-01-18 18:08:44.991772,2024-11-19 13:29:35.529707
152,Support Ticket 152,CLOSED,51,2024-12-11 08:38:02.208530,2023-05-15 07:02:36.447409
153,Support Ticket 153,OPEN,779,2023-07-22 18:46:31.739296,2023-01-04 03:56:34.224135
154,Support Ticket 154,CLOSED,351,2024-05-03 22:57:49.392831,2024-09-14 21:19:30.196051
155,Support Ticket 155,CLOSED,694,2023-10-27 00:50:13.536097,2023-11-04 18:08:50.687338
156,Support Ticket 156,OPEN,455,2024-03-06 03:13:51.930760,2023-12-20 13:09:11.262521
157,Support Ticket 157,CLOSED,460,2024-04-13 01:22:51.999269,2024-04-21 00:50:55.579387
158,Support Ticket 158,CLOSED,422,2024-12-04 00:51:10.329840,2023-03-27 16:09:17.519721
159,Support Ticket 159,CLOSED,608,2024-08-16 04:06:25.643483,2023-05-09 13:44:36.990267
160,Support Ticket 160,CLOSED,276,2024-05-26 12:27:40.494386,2024-10-27 22:23:51.170936
161,Support Ticket 161,OPEN,652,2024-06-12 22:38:26.592199,2024-02-21 18:21:05.349739
162,Support Ticket 162,OPEN,673,2024-03-05 23:25:17.595782,2024-01-19 23:15:40.542116
163,Support Ticket 163,CLOSED,381,2024-10-25 00:56:25.036879,2023-07-09 13:04:37.074182
164,Support Ticket 164,OPEN,96,2024-07-01 03:49:56.754623,2023-12-08 06:48:38.108688
165,Support Ticket 165,CLOSED,498,2023-08-13 05:57:04.369465,2023-05-31 19:44:08.518117
166,Support Ticket 166,CLOSED,521,2023-09-14 17:19:18.512383,2023-04-17 15:09:28.658751
167,Support Ticket 167,OPEN,849,2023-07-07 11:11:28.857486,2024-05-17 14:39:59.635618
168,Support Ticket 168,CLOSED,518,2024-02-15 05:01:16.380948,2024-07-30 00:36:20.977725
169,Support Ticket 169,CLOSED,435,2024-05-03 17:07:04.190733,2023-11-13 09:26:22.665873
170,Support Ticket 170,CLOSED,531,2023-11-19 01:40:25.121473,2023-05-13 03:55:43.918610
171,Support Ticket 171,CLOSED,173,2023-01-21 16:16:19.891813,2024-05-03 04:30:39.675258
172,Support Ticket 172,CLOSED,675,2024-12-12 10:27:40.188513,2023-07-13 12:50:34.465037
173,Support Ticket 173,CLOSED,168,2023-03-10 18:15:15.910590,2023-09-13 00:13:13.199051
174,Support Ticket 174,CLOSED,224,2023-09-27 10:53:32.498799,2024-11-08 17:06:00.508254
175,Support Ticket 175,CLOSED,671,2024-06-11 01:53:59.999468,2023-03-17 11:13:06.104813
176,Support Ticket 176,CLOSED,721,2023-05-28 10:57:36.813233,2024-01-10 06:40:39.422174
177,Support Ticket 177,CLOSED,825,2023-04-27 10:39:57.362698,2024-03-22 23:23:42.156062
178,Support Ticket 178,OPEN,994,2023-01-03 06:32:46.275245,2024-04-22 06:19:58.885558
179,Support Ticket 179,OPEN,670,2024-12-04 13:17:48.202117,2023-09-10 14:12:48.845955
180,Support Ticket 180,CLOSED,90,2024-02-22 19:00:45.649868,2024-05-28 18:45:15.819997
181,Support Ticket 181,CLOSED,441,2023-06-29 06:24:43.795144,2023-07-21 03:41:04.420707
182,Support Ticket 182,CLOSED,327,2023-11-14 12:32:42.276675,2023-12-24 02:13:53.271504
183,Support Ticket 183,CLOSED,847,2024-06-18 09:38:52.228430,2023-03-26 16:51:09.828288
184,Support Ticket 184,CLOSED,198,2024-08-08 22:41:09.530950,2023-05-18 14:26:40.183601
185,Support Ticket 185,OPEN,921,2024-11-29 10:15:43.333311,2024-01-11 23:47:30.209626
186,Support Ticket 186,CLOSED,248,2023-04-14 09:47:37.361368,2024-09-24 12:13:06.900718
187,Support Ticket 187,CLOSED,661,2023-07-10 23:46:09.914562,2024-03-18 12:54:32.939213
188,Support Ticket 188,CLOSED,431,2023-08-14 15:54:33.653473,2023-02-06 10:14:51.401069
189,Support Ticket 189,OPEN,451,2024-04-17 20:49:03.567356,2024-07-19 11:05:24.933414
190,Support Ticket 190,CLOSED,74,2024-11-19 16:58:27.456204,2024-07-09 17:02:56.663679
191,Support Ticket 191,CLOSED,400,2023-12-11 19:53:58.025548,2024-10-11 15:18:22.687511
192,Support Ticket 192,CLOSED,460,2024-02-24 10:38:37.746740,2023-02-14 14:07:40.450268
193,Support Ticket 193,CLOSED,397,2023-09-13 04:27:33.328015,2023-02-01 09:37:44.574279
194,Support Ticket 194,OPEN,273,2023-05-28 13:38:21.601676,2024-09-28 08:35:34.947527
195,Support Ticket 195,CLOSED,673,2023-08-11 07:54:47.070029,2024-02-19 02:54:14.611817
196,Support Ticket 196,CLOSED,210,2023-03-28 21:18:20.275287,2024-07-18 11:59:24.002476
197,Support Ticket 197,CLOSED,199,2023-03-21 23:03:22.318183,2023-02-03 09:57:34.274978
198,Support Ticket 198,OPEN,175,2024-12-29 21:51:57.868633,2024-03-20 22:11:26.817134
199,Support Ticket 199,CLOSED,508,2023-06-11 16:45:35.918279,2024-02-16 15:17:25.651185
200,Support Ticket 200,OPEN,471,2024-08-08 19:58:34.728315,2024-01-20 06:48:36.665406
201,Support Ticket 201,CLOSED,651,2023-09-06 05:44:35.989724,2024-11-05 22:54:14.065421
202,Support Ticket 202,OPEN,382,2024-06-04 02:59:17.100940,2023-01-10 00:30:44.388270
203,Support Ticket 203,OPEN,384,2024-01-07 04:57:45.928028,2023-09-14 02:25:04.297394
204,Support Ticket 204,CLOSED,274,2023-03-23 01:50:16.411565,2023-05-19 16:12:54.143258
205,Support Ticket 205,CLOSED,79,2023-03-07 10:07:49.606867,2023-11-09 22:11:33.201973
206,Support Ticket 206,OPEN,779,2023-12-08 17:34:09.835115,2023-02-09 19:45:35.807294
207,Support Ticket 207,OPEN,393,2024-01-13 10:04:02.880306,2023-11-11 07:09:35.661953
208,Support Ticket 208,CLOSED,604,2023-11-01 04:13:31.464902,2024-03-15 13:05:48.165654
209,Support Ticket 209,OPEN,360,2024-02-24 15:29:04.451588,2024-04-14 21:11:27.923899
210,Support Ticket 210,CLOSED,448,2023-07-07 02:24:14.039719,2024-08-26 22:19:13.590119
211,Support Ticket 211,CLOSED,875,2024-03-12 07:52:39.598932,2024-07-05 01:03:18.904145
212,Support Ticket 212,OPEN,514,2023-05-24 00:20:47.865968,2023-04-06 18:39:27.826152
213,Support Ticket 213,CLOSED,335,2023-12-18 09:31:05.426623,2023-09-28 15:27:38.910925
214,Support Ticket 214,CLOSED,380,2023-04-10 14:38:29.762462,2024-11-17 05:45:56.083946
215,Support Ticket 215,OPEN,481,2023-01-16 10:03:28.133598,2024-09-28 23:13:47.742992
216,Support Ticket 216,OPEN,875,2024-08-21 15:02:53.386387,2024-12-06 12:41:06.146388
217,Support Ticket 217,OPEN,74,2024-11-19 03:42:08.399620,2024-05-20 10:08:47.701802
218,Support Ticket 218,CLOSED,809,2024-04-04 13:18:29.932108,2023-11-03 00:38:15.956820
219,Support Ticket 219,CLOSED,315,2023-12-03 05:43:41.763526,2024-11-03 12:24:20.948764
220,Support Ticket 220,CLOSED,370,2024-09-20 16:46:18.945665,2024-12-31 08:04:02.118957
221,Support Ticket 221,OPEN,281,2024-07-24 00:04:19.341405,2023-03-13 23:14:59.303040
222,Support Ticket 222,OPEN,391,2023-06-07 03:27:02.535099,2023-10-24 15:59:56.714033
223,Support Ticket 223,CLOSED,793,2023-09-12 20:36:49.231905,2024-04-25 00:02:43.277975
224,Support Ticket 224,OPEN,819,2024-10-12 16:35:27.741837,2024-01-02 15:06:20.131272
225,Support Ticket 225,OPEN,842,2023-05-09 14:38:14.557193,2024-09-03 04:05:48.035598
226,Support Ticket 226,OPEN,713,2023-11-12 10:06:30.365510,2024-05-09 05:33:52.486905
227,Support Ticket 227,CLOSED,337,2024-11-11 04:30:06.902773,2024-01-19 01:15:22.706239
228,Support Ticket 228,CLOSED,462,2023-06-29 05:11:38.539514,2023-05-24 19:26:55.745012
229,Support Ticket 229,CLOSED,747,2023-07-09 05:57:13.324847,2023-08-28 16:34:48.732347
230,Support Ticket 230,OPEN,525,2023-04-10 14:34:03.398007,2023-06-11 00:03:47.328389
231,Support Ticket 231,OPEN,52,2023-01-03 15:52:56.234836,2024-10-24 14:55:43.444212
232,Support Ticket 232,CLOSED,794,2024-06-05 16:07:10.519999,2024-03-04 12:39:15.326933
233,Support Ticket 233,CLOSED,271,2024-10-09 10:43:29.723164,2023-05-06 12:48:38.113671
234,Support Ticket 234,CLOSED,5,2024-03-30 15:45:02.016734,2023-05-17 09:16:29.545134
235,Support Ticket 235,OPEN,576,2024-10-30 04:21:55.640050,2023-10-28 22:14:46.517307
236,Support Ticket 236,CLOSED,283,2023-03-19 13:43:26.308369,2023-02-16 01:56:40.977884
237,Support Ticket 237,OPEN,625,2024-07-21 22:06:17.602622,2024-06-25 20:07:40.089262
238,Support Ticket 238,OPEN,496,2023-03-04 19:11:24.785004,2023-08-26 00:47:59.130193
239,Support Ticket 239,OPEN,948,2024-11-08 17:48:13.804518,2023-12-22 08:36:27.257711
240,Support Ticket 240,OPEN,337,2024-11-10 20:39:17.282268,2024-10-22 16:09:52.579728
241,Support Ticket 241,OPEN,414,2024-09-10 08:31:52.999974,2024-05-24 18:46:12.526056
242,Support Ticket 242,CLOSED,486,2024-11-14 20:45:54.663600,2024-05-31 15:45:26.781433
243,Support Ticket 243,OPEN,998,2023-07-19 03:25:24.904374,2023-04-03 18:11:18.481492
244,Support Ticket 244,CLOSED,246,2024-08-01 00:56:01.655235,2023-06-23 00:18:39.623481
245,Support Ticket 245,OPEN,977,2024-10-16 09:20:27.128008,2023-12-17 15:44:29.305896
246,Support Ticket 246,OPEN,209,2024-09-20 19:05:53.508580,2024-06-11 11:36:00.169365
247,Support Ticket 247,CLOSED,686,2023-03-29 09:27:05.732157,2024-08-19 21:12:48.979364
248,Support Ticket 248,CLOSED,668,2024-12-12 04:50:01.653730,2024-04-09 20:16:13.812690
249,Support Ticket 249,OPEN,522,2023-04-28 17:23:31.593613,2024-06-11 16:39:33.884046
250,Support Ticket 250,OPEN,617,2023-09-13 03:04:55.908657,2024-08-07 13:16:47.967384
251,Support Ticket 251,OPEN,193,2024-10-21 21:30:37.889415,2023-05-09 21:20:25.053202
252,Support Ticket 252,OPEN,335,2023-01-05 09:03:15.402187,2023-12-28 20:59:22.033133
253,Support Ticket 253,CLOSED,407,2023-12-12 00:50:39.255179,2024-10-13 02:37:24.051418
254,Support Ticket 254,OPEN,194,2024-03-26 20:45:05.804445,2024-10-19 04:37:58.683530
255,Support Ticket 255,OPEN,90,2023-04-21 12:46:42.767324,2024-01-29 18:49:54.606912
256,Support Ticket 256,CLOSED,407,2024-06-09 07:58:18.976562,2023-03-15 20:55:36.786761
257,Support Ticket 257,OPEN,212,2023-08-19 17:38:35.414327,2023-03-24 12:14:28.335734
258,Support Ticket 258,OPEN,669,2023-05-28 07:55:24.054717,2023-02-17 02:04:28.494934
259,Support Ticket 259,CLOSED,180,2023-07-04 05:27:23.348544,2024-10-04 17:26:47.113193
260,Support Ticket 260,OPEN,619,2024-07-15 21:17:01.222858,2023-12-24 20:04:16.125146
261,Support Ticket 261,OPEN,528,2023-12-28 02:26:03.894271,2023-02-19 04:01:44.043045
262,Support Ticket 262,OPEN,55,2023-05-31 15:36:24.858371,2024-12-19 03:30:42.562725
263,Support Ticket 263,CLOSED,971,2023-02-25 03:58:42.723869,2024-10-26 11:34:24.978970
264,Support Ticket 264,CLOSED,73,2023-12-02 16:10:18.235852,2023-02-22 00:27:08.093066
265,Support Ticket 265,OPEN,848,2023-07-24 12:29:59.089502,2024-03-31 09:11:54.637820
266,Support Ticket 266,CLOSED,992,2023-02-01 06:16:25.133013,2023-08-26 15:34:25.935276
267,Support Ticket 267,OPEN,182,2023-02-05 02:54:04.109210,2024-05-24 21:20:56.779148
268,Support Ticket 268,CLOSED,498,2024-12-01 00:56:28.581836,2023-11-08 22:33:27.497959
269,Support Ticket 269,OPEN,92,2023-03-10 06:31:06.337677,2024-05-12 18:30:13.001031
270,Support Ticket 270,OPEN,647,2023-01-28 05:16:17.513711,2023-03-17 13:02:33.099720
271,Support Ticket 271,CLOSED,357,2024-05-31 19:38:27.064267,2024-08-17 05:08:46.422031
272,Support Ticket 272,OPEN,605,2024-06-06 21:39:19.891807,2024-05-14 01:25:04.216258
273,Support Ticket 273,CLOSED,16,2024-01-18 12:24:23.559693,2024-12-26 06:43:46.553860
274,Support Ticket 274,CLOSED,805,2023-11-16 01:58:51.532267,2023-12-29 17:23:26.865604
275,Support Ticket 275,CLOSED,521,2023-01-28 22:47:35.477974,2024-07-01 05:17:57.596182
276,Support Ticket 276,OPEN,253,2024-02-13 06:59:57.813067,2023-05-14 10:35:01.185923
277,Support Ticket 277,OPEN,674,2024-01-06 05:01:52.050864,2024-10-14 08:44:51.103251
278,Support Ticket 278,OPEN,231,2023-06-22 23:03:18.155786,2024-01-15 15:47:40.510483
279,Support Ticket 279,OPEN,519,2024-10-15 07:46:30.063337,2023-02-05 10:30:59.905047
280,Support Ticket 280,CLOSED,437,2023-07-05 00:41:22.164012,2024-12-09 00:24:41.706601
281,Support Ticket 281,OPEN,780,2023-06-21 05:01:04.474095,2024-10-03 23:18:59.516259
282,Support Ticket 282,OPEN,394,2024-05-31 09:38:31.429826,2023-10-31 10:10:36.513128
283,Support Ticket 283,OPEN,480,2024-01-25 23:31:45.108499,2023-05-30 03:25:12.187806
284,Support Ticket 284,OPEN,504,2024-10-31 16:47:17.749268,2024-12-08 19:49:14.965189
285,Support Ticket 285,OPEN,143,2023-07-28 08:11:57.902766,2023-10-21 00:13:35.810180
286,Support Ticket 286,OPEN,689,2023-12-26 11:12:37.489372,2024-08-29 12:04:54.638112
287,Support Ticket 287,CLOSED,123,2024-06-28 12:24:26.095674,2023-09-06 01:05:49.804116
288,Support Ticket 288,CLOSED,7,2023-06-20 02:28:23.086522,2024-07-06 09:46:57.702014
289,Support Ticket 289,CLOSED,673,2024-03-31 13:18:05.506888,2023-05-28 11:22:14.939504
290,Support Ticket 290,OPEN,957,2024-06-06 04:01:30.455987,2024-07-22 15:34:37.182979
291,Support Ticket 291,OPEN,229,2024-03-26 02:41:19.031502,2024-05-25 22:30:37.370164
292,Support Ticket 292,OPEN,692,2024-12-11 23:13:19.683726,2024-12-03 19:59:37.824670
293,Support Ticket 293,CLOSED,243,2023-06-20 15:37:01.791163,2023-10-14 14:02:36.373162
294,Support Ticket 294,CLOSED,150,2023-03-17 10:23:18.724100,2024-04-11 21:39:35.095137
295,Support Ticket 295,CLOSED,118,2023-11-05 12:37:50.748965,2024-08-10 09:39:27.687879
296,Support Ticket 296,OPEN,574,2024-05-20 02:38:21.483353,2023-06-21 01:07:45.075893
297,Support Ticket 297,OPEN,451,2024-07-18 05:39:23.044298,2024-07-15 09:03:55.235541
298,Support Ticket 298,OPEN,70,2024-06-12 11:25:18.051208,2024-05-23 15:07:51.500561
299,Support Ticket 299,CLOSED,486,2023-11-23 12:12:31.445982,2023-05-21 12:01:08.365822
300,Support Ticket 300,OPEN,143,2024-04-28 21:48:05.400291,2023-01-18 19:26:59.027123
301,Support Ticket 301,OPEN,23,2023-03-12 21:15:02.360933,2024-11-14 15:16:31.870849
302,Support Ticket 302,OPEN,719,2023-12-05 20:53:01.127000,2024-02-12 18:54:30.105338
303,Support Ticket 303,OPEN,692,2024-07-25 02:14:56.539370,2023-09-18 03:34:14.547549
304,Support Ticket 304,CLOSED,970,2023-09-25 08:10:13.834214,2023-03-29 06:23:03.512328
305,Support Ticket 305,CLOSED,8,2024-04-10 13:25:43.390420,2023-06-25 06:37:14.371132
306,Support Ticket 306,CLOSED,552,2023-10-20 04:40:39.808234,2024-07-30 16:36:08.735988
307,Support Ticket 307,OPEN,852,2024-01-19 16:44:21.069764,2023-07-26 03:19:43.910951
308,Support Ticket 308,CLOSED,870,2024-08-16 10:23:56.665191,2024-09-16 02:26:41.272153
309,Support Ticket 309,OPEN,751,2024-01-13 08:55:01.680647,2023-01-09 10:14:31.531062
310,Support Ticket 310,CLOSED,149,2023-09-30 22:33:36.362629,2024-04-18 16:05:32.934268
311,Support Ticket 311,CLOSED,407,2024-02-23 16:06:24.539613,2024-09-17 02:13:56.114716
312,Support Ticket 312,OPEN,66,2023-11-13 11:08:10.090278,2023-08-04 07:00:53.971720
313,Support Ticket 313,CLOSED,795,2023-11-01 03:37:24.944529,2024-05-19 05:12:32.030405
314,Support Ticket 314,OPEN,276,2024-12-26 06:47:48.205546,2024-12-10 12:29:22.961283
315,Support Ticket 315,OPEN,533,2023-11-06 09:34:19.329037,2024-06-12 23:49:10.932971
316,Support Ticket 316,OPEN,538,2024-12-01 16:59:40.083407,2024-02-20 11:22:11.092315
317,Support Ticket 317,OPEN,111,2024-11-21 04:38:15.997659,2023-12-25 06:07:41.717612
318,Support Ticket 318,CLOSED,621,2024-10-24 21:47:36.372599,2023-09-28 09:08:06.611323
319,Support Ticket 319,CLOSED,946,2023-07-28 11:50:47.322701,2023-03-24 12:18:51.750514
320,Support Ticket 320,CLOSED,456,2024-09-14 04:34:29.958413,2023-10-05 13:16:03.080085
321,Support Ticket 321,CLOSED,136,2024-04-21 14:37:33.255157,2023-07-31 17:37:11.183987
322,Support Ticket 322,OPEN,647,2024-10-08 00:32:50.221622,2023-01-12 03:23:29.813382
323,Support Ticket 323,CLOSED,273,2023-01-18 05:09:41.774740,2023-09-14 03:41:12.305884
324,Support Ticket 324,CLOSED,676,2024-07-07 03:51:33.003362,2023-10-12 12:51:00.789646
325,Support Ticket 325,CLOSED,268,2024-01-01 00:59:46.217199,2023-06-25 06:56:18.667465
326,Support Ticket 326,CLOSED,754,2023-10-07 06:42:44.669040,2023-11-20 21:39:17.826669
327,Support Ticket 327,CLOSED,602,2023-12-24 04:05:48.821036,2024-02-05 04:09:06.464603
328,Support Ticket 328,OPEN,983,2023-08-09 13:15:58.126014,2023-01-21 16:50:36.627454
329,Support Ticket 329,CLOSED,528,2024-06-20 22:13:31.318256,2024-08-12 21:45:30.799176
330,Support Ticket 330,OPEN,901,2024-07-19 02:25:38.532936,2023-06-05 23:12:11.486156
331,Support Ticket 331,CLOSED,692,2024-06-15 13:33:45.368979,2023-07-01 15:14:02.236256
332,Support Ticket 332,OPEN,181,2024-05-06 15:57:04.821696,2023-02-13 18:09:22.745140
333,Support Ticket 333,OPEN,517,2024-02-05 16:48:35.212605,2024-02-06 02:20:44.750270
334,Support Ticket 334,OPEN,967,2024-07-16 22:14:11.340487,2024-07-20 16:16:04.913743
335,Support Ticket 335,OPEN,688,2024-06-06 02:03:31.239939,2024-05-03 18:49:35.905125
336,Support Ticket 336,CLOSED,498,2023-07-07 15:59:56.431172,2024-10-01 08:26:36.217464
337,Support Ticket 337,CLOSED,866,2023-08-05 21:04:30.638732,2024-04-03 11:01:10.517614
338,Support Ticket 338,CLOSED,665,2023-06-23 23:48:31.752537,2024-06-29 20:22:58.721168
339,Support Ticket 339,CLOSED,962,2023-04-21 13:21:44.878132,2023-10-05 13:25:10.359243
340,Support Ticket 340,CLOSED,946,2024-03-24 08:13:15.713215,2023-03-12 15:37:51.336424
341,Support Ticket 341,CLOSED,25,2023-11-30 11:44:40.452231,2023-02-16 02:59:37.603566
342,Support Ticket 342,CLOSED,837,2024-06-27 22:31:27.693173,2024-04-30 04:39:37.300968
343,Support Ticket 343,CLOSED,471,2023-09-21 22:05:29.374169,2023-10-03 21:16:00.242029
344,Support Ticket 344,CLOSED,839,2023-07-29 20:45:24.485631,2023-11-19 19:48:31.996337
345,Support Ticket 345,OPEN,688,2023-12-06 06:09:37.187871,2024-03-22 19:56:26.406964
346,Support Ticket 346,OPEN,606,2024-05-05 12:06:18.895384,2024-09-17 17:46:59.959432
347,Support Ticket 347,OPEN,138,2024-04-12 14:00:52.899552,2024-02-25 20:34:46.683328
348,Support Ticket 348,CLOSED,527,2023-03-24 08:38:54.424313,2023-05-04 07:57:24.320997
349,Support Ticket 349,OPEN,373,2023-09-18 03:08:39.020209,2024-05-18 10:59:34.558299
350,Support Ticket 350,OPEN,891,2023-02-26 15:37:10.394154,2024-02-17 03:28:23.434799
351,Support Ticket 351,OPEN,872,2023-05-14 17:08:13.680329,2024-02-06 01:25:46.376132
352,Support Ticket 352,OPEN,850,2024-04-02 18:21:44.145561,2023-12-16 22:26:27.341857
353,Support Ticket 353,CLOSED,837,2023-05-28 04:42:41.230492,2023-06-28 23:38:26.553771
354,Support Ticket 354,OPEN,879,2024-05-16 14:25:03.955038,2023-10-02 15:53:28.906343
355,Support Ticket 355,CLOSED,816,2024-11-23 20:55:23.513280,2023-06-23 05:28:46.775895
356,Support Ticket 356,OPEN,251,2023-08-04 07:54:50.008268,2023-07-20 15:46:40.446447
357,Support Ticket 357,OPEN,524,2023-05-24 13:04:16.165409,2024-04-21 16:13:23.690353
358,Support Ticket 358,OPEN,13,2023-10-03 11:06:53.930072,2024-10-29 12:45:26.632303
359,Support Ticket 359,OPEN,834,2024-11-08 01:55:32.404809,2024-12-24 02:07:32.066204
360,Support Ticket 360,CLOSED,16,2023-04-08 11:52:58.176297,2024-03-24 20:59:12.097882
361,Support Ticket 361,OPEN,169,2024-06-30 17:21:48.792825,2023-05-03 04:03:28.232307
362,Support Ticket 362,OPEN,718,2023-01-13 09:35:45.556285,2023-06-17 09:49:50.678910
363,Support Ticket 363,CLOSED,836,2023-06-24 06:38:02.138173,2023-08-19 21:27:03.105967
364,Support Ticket 364,OPEN,884,2024-11-30 06:17:42.981867,2024-11-08 12:25:15.039846
365,Support Ticket 365,OPEN,158,2023-08-18 04:23:48.366424,2024-05-12 02:59:31.040403
366,Support Ticket 366,OPEN,812,2024-11-29 02:40:40.867135,2024-09-22 18:39:10.250456
367,Support Ticket 367,CLOSED,334,2023-05-23 03:13:38.498319,2024-03-15 18:32:29.363359
368,Support Ticket 368,OPEN,843,2023-11-12 14:39:43.777671,2023-03-20 09:12:25.570254
369,Support Ticket 369,OPEN,352,2024-11-27 18:20:20.224121,2024-06-08 15:59:25.413660
370,Support Ticket 370,CLOSED,702,2024-08-28 18:14:54.214615,2023-03-21 09:17:04.431016
371,Support Ticket 371,CLOSED,902,2024-11-29 10:33:10.888486,2023-10-30 21:31:14.548393
372,Support Ticket 372,CLOSED,553,2024-03-31 09:33:33.370964,2024-10-06 15:10:36.566168
373,Support Ticket 373,OPEN,658,2024-02-27 12:48:14.058685,2023-01-11 14:29:11.102448
374,Support Ticket 374,CLOSED,158,2024-03-26 10:28:51.085789,2023-01-03 23:57:15.592431
375,Support Ticket 375,OPEN,739,2024-06-17 18:33:04.365012,2023-11-26 01:16:30.439473
376,Support Ticket 376,CLOSED,377,2024-12-25 17:09:24.423660,2024-09-09 01:23:36.052554
377,Support Ticket 377,OPEN,688,2024-12-03 18:14:32.050772,2024-12-11 17:47:43.676258
378,Support Ticket 378,CLOSED,930,2024-11-07 20:16:16.993994,2024-07-09 07:31:16.002193
379,Support Ticket 379,OPEN,422,2023-06-10 07:18:37.583073,2024-02-19 09:17:00.429173
380,Support Ticket 380,CLOSED,825,2023-09-29 09:41:11.321353,2023-09-18 11:51:48.205813
381,Support Ticket 381,OPEN,388,2024-10-08 17:34:26.584889,2023-04-03 04:40:22.824208
382,Support Ticket 382,OPEN,462,2024-10-24 15:04:47.530186,2023-06-16 17:39:21.862135
383,Support Ticket 383,CLOSED,747,2023-07-20 18:31:05.354906,2023-01-28 21:15:24.696861
384,Support Ticket 384,CLOSED,992,2024-03-05 21:50:05.089767,2023-10-07 22:56:15.460447
385,Support Ticket 385,CLOSED,655,2023-10-28 08:42:28.320678,2023-03-05 14:05:09.153532
386,Support Ticket 386,CLOSED,6,2024-12-01 04:18:13.539969,2023-11-27 02:07:02.514163
387,Support Ticket 387,CLOSED,771,2023-03-29 15:05:17.354271,2024-02-12 14:22:42.513769
388,Support Ticket 388,CLOSED,769,2024-03-30 16:54:47.798844,2024-07-28 08:23:34.382186
389,Support Ticket 389,OPEN,915,2023-08-26 19:57:36.050078,2023-08-15 01:17:53.759711
390,Support Ticket 390,OPEN,92,2023-08-26 15:31:11.282993,2023-12-15 05:50:30.491011
391,Support Ticket 391,CLOSED,516,2024-06-08 21:49:18.740422,2023-12-22 02:22:48.586727
392,Support Ticket 392,CLOSED,496,2024-09-14 09:47:52.820950,2024-04-17 05:46:28.212555
393,Support Ticket 393,CLOSED,174,2023-07-05 14:53:06.884831,2024-08-27 10:50:00.932783
394,Support Ticket 394,CLOSED,432,2023-10-11 04:56:56.658653,2024-01-15 03:23:22.430593
395,Support Ticket 395,CLOSED,846,2023-09-26 07:42:41.521020,2023-09-29 02:42:00.938552
396,Support Ticket 396,OPEN,93,2023-07-14 00:35:03.347649,2024-05-25 01:28:55.507841
397,Support Ticket 397,CLOSED,452,2024-06-04 09:40:46.180060,2023-02-28 01:05:17.011531
398,Support Ticket 398,OPEN,211,2024-11-08 01:48:36.034549,2023-03-29 12:53:55.565130
399,Support Ticket 399,OPEN,500,2024-01-13 14:16:17.409902,2023-12-08 05:14:13.871948
400,Support Ticket 400,OPEN,86,2024-04-28 10:49:24.786929,2024-01-03 10:41:13.047066
401,Support Ticket 401,CLOSED,543,2024-06-20 19:48:07.530018,2024-08-04 10:20:24.428982
402,Support Ticket 402,CLOSED,864,2024-02-25 13:37:27.041339,2024-10-27 14:52:53.316678
403,Support Ticket 403,CLOSED,826,2023-11-06 20:49:04.754551,2024-05-27 03:36:16.610906
404,Support Ticket 404,CLOSED,979,2024-03-15 21:39:40.437355,2024-04-05 10:25:50.887597
405,Support Ticket 405,CLOSED,169,2023-11-29 02:08:14.724489,2023-06-08 01:30:49.487830
406,Support Ticket 406,CLOSED,340,2023-11-26 04:02:53.565280,2024-04-11 06:34:23.202814
407,Support Ticket 407,CLOSED,230,2023-05-22 00:47:42.152594,2024-07-07 15:00:27.841574
408,Support Ticket 408,CLOSED,389,2023-02-12 21:06:47.565501,2024-01-09 20:52:02.206776
409,Support Ticket 409,CLOSED,824,2024-07-21 06:16:03.764799,2024-03-16 21:40:13.527709
410,Support Ticket 410,CLOSED,390,2024-10-15 21:18:44.132792,2024-05-05 13:13:13.244517
411,Support Ticket 411,OPEN,927,2023-08-15 12:17:15.552099,2023-05-25 17:23:21.877669
412,Support Ticket 412,CLOSED,523,2024-10-13 02:07:22.941206,2024-04-26 20:16:50.518319
413,Support Ticket 413,CLOSED,972,2024-12-25 14:01:39.646453,2023-02-24 19:19:24.781605
414,Support Ticket 414,CLOSED,990,2023-04-24 15:50:33.150557,2024-11-20 07:44:05.301386
415,Support Ticket 415,OPEN,949,2023-02-15 13:27:52.252505,2024-01-03 12:35:26.532280
416,Support Ticket 416,CLOSED,821,2023-06-10 06:27:40.424691,2024-09-02 00:58:58.633980
417,Support Ticket 417,OPEN,252,2024-07-09 12:57:54.842536,2024-01-10 02:11:58.198228
418,Support Ticket 418,OPEN,861,2024-01-30 14:42:07.490006,2024-11-12 11:31:16.667342
419,Support Ticket 419,CLOSED,127,2023-04-28 19:54:45.090760,2023-12-24 13:48:04.732430
420,Support Ticket 420,OPEN,692,2024-02-26 00:07:36.336216,2023-09-04 19:53:32.329522
421,Support Ticket 421,CLOSED,838,2023-09-09 16:25:10.171969,2024-11-06 02:30:33.330518
422,Support Ticket 422,OPEN,413,2023-12-25 19:12:53.948385,2024-06-01 07:30:14.059875
423,Support Ticket 423,OPEN,820,2024-03-22 23:29:40.400857,2024-01-30 07:04:05.366834
424,Support Ticket 424,OPEN,198,2023-07-28 02:37:06.032557,2023-09-24 06:48:34.252451
425,Support Ticket 425,OPEN,303,2023-03-09 04:07:17.666158,2024-06-09 11:30:44.429575
426,Support Ticket 426,CLOSED,882,2023-03-16 16:41:59.684054,2023-10-17 14:19:18.968648
427,Support Ticket 427,OPEN,428,2024-11-29 08:54:21.821466,2023-08-06 01:18:47.715095
428,Support Ticket 428,OPEN,965,2024-07-19 05:18:57.370736,2024-06-22 16:46:20.924600
429,Support Ticket 429,OPEN,188,2024-12-04 04:13:48.404866,2024-07-04 17:07:47.465279
430,Support Ticket 430,CLOSED,578,2024-03-12 07:26:06.511712,2024-10-02 07:08:06.636811
431,Support Ticket 431,OPEN,501,2023-03-02 06:38:41.354608,2023-09-24 21:52:25.860887
432,Support Ticket 432,OPEN,855,2023-12-13 18:15:42.182611,2023-04-07 19:50:03.741908
433,Support Ticket 433,CLOSED,939,2023-08-17 00:55:30.061395,2024-09-11 01:52:56.645167
434,Support Ticket 434,CLOSED,87,2024-02-27 14:30:06.918296,2024-12-03 08:59:47.550095
435,Support Ticket 435,CLOSED,538,2023-08-03 06:47:23.790141,2023-02-17 23:35:16.741828
436,Support Ticket 436,OPEN,658,2024-03-02 16:45:38.587087,2024-05-26 19:09:20.454026
437,Support Ticket 437,CLOSED,723,2023-03-27 18:39:34.319824,2023-07-08 15:09:39.018061
438,Support Ticket 438,OPEN,983,2023-10-06 05:20:28.839081,2024-06-12 06:15:59.484476
439,Support Ticket 439,CLOSED,364,2023-05-03 00:51:42.991447,2024-09-24 12:41:06.956915
440,Support Ticket 440,CLOSED,975,2023-01-29 21:11:09.191088,2024-05-07 03:25:27.316546
441,Support Ticket 441,CLOSED,94,2023-11-02 20:53:28.457355,2024-04-30 18:42:09.975828
442,Support Ticket 442,CLOSED,379,2023-04-26 19:31:24.572023,2023-06-19 13:00:39.517188
443,Support Ticket 443,CLOSED,206,2023-08-09 06:50:13.378682,2024-12-04 07:24:06.653560
444,Support Ticket 444,OPEN,179,2024-09-08 03:36:31.939793,2024-04-30 00:35:50.275327
445,Support Ticket 445,CLOSED,517,2024-11-10 19:29:10.952569,2024-02-01 15:39:57.208227
446,Support Ticket 446,CLOSED,770,2023-08-28 22:45:14.032797,2024-03-25 19:49:58.110143
447,Support Ticket 447,CLOSED,735,2023-11-12 18:43:05.128535,2023-06-18 23:03:45.654601
448,Support Ticket 448,CLOSED,412,2024-02-27 19:23:19.863863,2023-11-24 15:55:49.257399
449,Support Ticket 449,CLOSED,645,2024-10-26 13:11:27.595387,2023-09-19 15:38:14.743684
450,Support Ticket 450,OPEN,741,2023-03-08 04:43:52.957939,2024-01-11 05:46:57.449801
451,Support Ticket 451,CLOSED,999,2024-06-16 21:58:13.730733,2023-07-02 21:54:38.443973
452,Support Ticket 452,CLOSED,857,2024-07-19 23:31:53.071193,2024-02-09 07:26:40.748424
453,Support Ticket 453,OPEN,673,2024-02-13 03:58:19.087985,2023-11-27 21:03:51.868288
454,Support Ticket 454,OPEN,71,2023-01-30 05:07:32.308057,2023-05-24 07:20:38.410556
455,Support Ticket 455,OPEN,968,2023-09-17 12:41:36.654812,2023-03-14 12:13:35.524080
456,Support Ticket 456,OPEN,875,2024-03-15 23:24:03.369343,2024-07-12 23:52:17.648668
457,Support Ticket 457,CLOSED,686,2024-05-08 12:40:03.444541,2023-10-25 08:57:01.797532
458,Support Ticket 458,CLOSED,81,2023-01-03 11:13:12.700091,2023-03-09 16:34:37.546057
459,Support Ticket 459,CLOSED,461,2024-10-27 04:02:09.129104,2023-07-29 01:00:13.165420
460,Support Ticket 460,OPEN,854,2024-08-29 05:47:30.721525,2023-11-12 09:12:50.813854
461,Support Ticket 461,OPEN,23,2023-04-22 07:13:27.172454,2023-03-03 02:54:55.498227
462,Support Ticket 462,CLOSED,118,2024-11-25 23:42:31.733239,2023-10-07 10:37:11.577072
463,Support Ticket 463,CLOSED,200,2023-01-13 11:13:53.572016,2024-02-29 12:32:29.337843
464,Support Ticket 464,CLOSED,70,2024-10-31 13:10:07.078296,2024-01-26 01:07:03.634453
465,Support Ticket 465,OPEN,495,2023-09-24 08:34:52.998099,2023-09-19 09:12:51.135627
466,Support Ticket 466,CLOSED,610,2024-01-10 15:16:00.013322,2023-02-03 23:26:06.186387
467,Support Ticket 467,CLOSED,269,2024-02-17 13:19:15.621188,2024-01-11 22:42:26.101830
468,Support Ticket 468,CLOSED,544,2024-12-03 22:43:11.321613,2023-06-19 11:45:17.830718
469,Support Ticket 469,OPEN,454,2023-01-22 08:50:33.035619,2023-09-29 04:34:09.910840
470,Support Ticket 470,OPEN,480,2024-04-24 04:30:43.404806,2023-02-18 06:51:41.319607
471,Support Ticket 471,CLOSED,582,2024-11-16 06:42:03.282567,2023-12-25 11:02:12.338728
472,Support Ticket 472,CLOSED,522,2024-05-08 20:26:53.267670,2023-04-02 08:56:22.564134
473,Support Ticket 473,CLOSED,39,2023-03-29 22:52:15.039330,2024-09-22 21:43:22.853123
474,Support Ticket 474,CLOSED,593,2024-12-15 19:54:34.605615,2023-01-07 02:03:39.540068
475,Support Ticket 475,CLOSED,740,2023-07-04 00:56:40.629777,2023-12-10 13:25:45.292869
476,Support Ticket 476,OPEN,864,2024-09-23 21:39:15.166518,2023-06-09 11:22:28.064989
477,Support Ticket 477,CLOSED,723,2023-09-10 08:47:07.932034,2023-12-24 07:38:50.395485
478,Support Ticket 478,CLOSED,974,2023-07-19 21:54:40.795254,2024-09-22 20:26:16.057094
479,Support Ticket 479,OPEN,142,2023-01-18 22:26:51.646844,2023-04-23 08:47:45.111939
480,Support Ticket 480,CLOSED,766,2024-10-20 22:20:54.658355,2024-08-08 08:50:47.814731
481,Support Ticket 481,OPEN,82,2023-06-25 18:49:38.180293,2024-06-20 03:11:21.976894
482,Support Ticket 482,OPEN,540,2023-09-11 01:48:54.432485,2024-08-03 09:10:52.170817
483,Support Ticket 483,CLOSED,235,2023-02-13 19:15:09.528480,2024-02-12 05:59:26.196310
484,Support Ticket 484,CLOSED,889,2024-12-15 07:32:11.145443,2023-07-19 12:47:00.334855
485,Support Ticket 485,OPEN,406,2023-02-12 09:18:55.587027,2024-04-04 09:32:03.093871
486,Support Ticket 486,OPEN,315,2024-11-08 22:33:58.128095,2023-07-05 18:38:31.309764
487,Support Ticket 487,OPEN,586,2024-03-22 21:44:18.532867,2023-10-18 14:04:59.283236
488,Support Ticket 488,OPEN,341,2023-10-28 13:50:14.604224,2024-11-04 02:10:38.699457
489,Support Ticket 489,CLOSED,28,2023-08-29 11:20:01.553141,2023-07-06 01:18:12.668079
490,Support Ticket 490,CLOSED,63,2024-03-21 07:42:02.372733,2023-02-20 00:24:30.471710
491,Support Ticket 491,OPEN,727,2023-02-22 14:32:09.802096,2024-09-16 11:01:14.083383
492,Support Ticket 492,OPEN,42,2023-07-29 12:52:39.131543,2023-06-20 18:18:54.151876
493,Support Ticket 493,OPEN,670,2024-07-10 23:14:45.552788,2023-04-09 17:22:31.953705
494,Support Ticket 494,CLOSED,61,2024-11-14 16:52:56.066135,2024-07-13 05:45:22.818447
495,Support Ticket 495,CLOSED,181,2024-12-12 23:10:09.513360,2024-08-01 17:58:06.387729
496,Support Ticket 496,CLOSED,637,2023-05-11 06:48:41.775551,2023-02-08 11:53:29.645943
497,Support Ticket 497,OPEN,292,2023-04-29 13:32:52.490757,2024-01-22 10:37:06.383298
498,Support Ticket 498,OPEN,749,2024-07-01 01:55:04.131529,2024-01-07 19:25:12.247718
499,Support Ticket 499,OPEN,122,2023-04-05 17:14:34.224673,2024-12-16 04:53:46.676681
500,Support Ticket 500,OPEN,137,2023-08-14 12:01:37.943634,2024-08-30 02:29:15.828266
501,Support Ticket 501,OPEN,637,2023-08-26 23:34:45.699928,2023-02-18 09:47:18.568457
502,Support Ticket 502,OPEN,889,2023-02-24 16:53:16.953124,2024-01-06 01:40:22.299984
503,Support Ticket 503,CLOSED,642,2023-02-27 11:46:48.389893,2023-06-04 15:09:53.591300
504,Support Ticket 504,OPEN,906,2023-12-18 23:11:35.454859,2024-05-08 08:23:00.073968
505,Support Ticket 505,CLOSED,319,2024-03-04 13:31:44.555096,2023-10-09 04:55:37.562712
506,Support Ticket 506,OPEN,346,2023-06-25 10:42:55.057353,2023-11-22 02:58:40.385528
507,Support Ticket 507,CLOSED,875,2023-04-23 04:48:15.912485,2024-05-13 15:25:00.055860
508,Support Ticket 508,OPEN,938,2023-06-08 00:03:24.062636,2024-01-21 20:59:58.419268
509,Support Ticket 509,OPEN,690,2024-04-13 18:29:51.256205,2023-12-14 13:09:18.624632
510,Support Ticket 510,OPEN,51,2024-07-04 14:51:10.572715,2023-05-26 12:45:47.887157
511,Support Ticket 511,OPEN,789,2023-11-11 08:34:10.113991,2024-10-24 07:51:38.929191
512,Support Ticket 512,OPEN,262,2023-10-22 16:16:20.632324,2023-09-08 07:24:20.820098
513,Support Ticket 513,CLOSED,983,2023-01-21 06:42:48.454183,2024-08-10 07:15:23.834943
514,Support Ticket 514,OPEN,441,2024-10-11 09:04:20.262383,2023-08-17 12:28:59.522304
515,Support Ticket 515,CLOSED,161,2023-08-13 19:35:13.195201,2024-08-17 19:57:08.890267
516,Support Ticket 516,CLOSED,705,2024-01-14 23:48:31.383309,2024-05-18 19:08:28.721834
517,Support Ticket 517,OPEN,851,2023-10-31 01:45:12.897692,2023-09-12 06:48:32.651208
518,Support Ticket 518,OPEN,13,2023-04-09 04:41:40.730778,2023-03-23 05:17:16.949977
519,Support Ticket 519,OPEN,477,2024-11-11 20:30:29.791465,2023-09-25 03:18:38.064556
520,Support Ticket 520,CLOSED,315,2023-04-09 02:42:27.196640,2023-06-30 17:52:30.592127
521,Support Ticket 521,CLOSED,474,2024-04-09 19:24:46.393089,2024-01-16 04:59:06.723125
522,Support Ticket 522,OPEN,42,2023-05-04 23:38:11.258275,2023-02-09 20:09:34.125294
523,Support Ticket 523,CLOSED,991,2024-01-28 02:09:42.477508,2024-11-17 08:08:23.379388
524,Support Ticket 524,OPEN,45,2024-06-07 11:00:35.698405,2023-03-09 01:43:56.996939
525,Support Ticket 525,CLOSED,955,2023-04-13 12:41:19.114283,2024-07-05 09:48:34.660633
526,Support Ticket 526,CLOSED,613,2023-09-25 00:06:34.503144,2024-01-02 03:51:12.342012
527,Support Ticket 527,OPEN,50,2023-09-04 19:15:29.579855,2024-04-14 15:58:59.247760
528,Support Ticket 528,CLOSED,92,2024-01-15 13:19:10.615388,2024-08-06 08:25:29.053370
529,Support Ticket 529,OPEN,777,2024-02-25 07:31:46.353306,2024-12-26 00:54:30.210853
530,Support Ticket 530,OPEN,127,2023-03-31 18:10:16.494109,2023-07-03 14:12:05.055079
531,Support Ticket 531,OPEN,968,2023-09-03 08:26:03.387082,2023-12-25 07:48:29.069134
532,Support Ticket 532,CLOSED,560,2024-05-04 00:15:44.066368,2024-02-12 17:15:13.058915
533,Support Ticket 533,OPEN,584,2023-05-11 23:54:58.268167,2024-05-22 05:04:16.403379
534,Support Ticket 534,CLOSED,430,2024-07-29 09:50:09.145620,2023-12-03 15:06:20.011768
535,Support Ticket 535,OPEN,860,2024-02-20 10:01:16.117539,2024-11-10 21:36:57.256939
536,Support Ticket 536,OPEN,780,2024-01-24 08:15:08.278023,2023-10-14 06:10:01.664741
537,Support Ticket 537,OPEN,280,2023-11-22 06:51:51.219372,2023-09-20 00:48:25.758880
538,Support Ticket 538,CLOSED,207,2023-08-19 19:46:29.909883,2024-04-04 08:32:44.820751
539,Support Ticket 539,CLOSED,532,2023-02-15 23:06:27.856584,2023-02-14 08:23:32.984800
540,Support Ticket 540,OPEN,699,2024-03-04 17:48:39.322718,2023-10-27 05:53:09.928923
541,Support Ticket 541,OPEN,735,2023-08-25 20:31:05.835660,2024-04-20 20:24:06.525755
542,Support Ticket 542,OPEN,432,2023-03-14 05:21:46.292737,2023-02-14 14:22:19.277127
543,Support Ticket 543,OPEN,342,2024-07-21 14:02:35.761985,2024-03-26 07:16:43.722246
544,Support Ticket 544,OPEN,948,2023-09-17 09:35:12.779778,2023-09-20 03:40:25.121771
545,Support Ticket 545,OPEN,702,2024-09-23 04:12:04.516884,2023-09-15 02:42:14.494757
546,Support Ticket 546,OPEN,161,2023-07-24 13:17:10.641294,2024-07-02 22:58:03.936501
547,Support Ticket 547,CLOSED,623,2023-05-25 18:44:15.322450,2023-09-27 02:08:41.729551
548,Support Ticket 548,OPEN,901,2023-03-21 23:45:46.558486,2024-08-08 21:14:13.310467
549,Support Ticket 549,OPEN,3,2024-05-13 18:08:40.723808,2024-03-18 05:09:10.335555
550,Support Ticket 550,CLOSED,203,2024-01-15 03:02:46.243254,2023-04-27 05:32:34.379206
551,Support Ticket 551,CLOSED,268,2024-06-09 03:13:10.317562,2024-10-16 10:19:47.039110
552,Support Ticket 552,OPEN,605,2023-06-16 00:25:19.049110,2023-06-29 07:35:36.125335
553,Support Ticket 553,CLOSED,989,2023-09-26 12:57:32.047931,2024-12-11 11:06:16.380293
554,Support Ticket 554,OPEN,670,2024-08-16 00:26:50.394338,2024-04-05 16:42:23.787134
555,Support Ticket 555,CLOSED,461,2023-08-24 18:05:35.364264,2023-06-03 11:13:00.709929
556,Support Ticket 556,OPEN,241,2023-12-08 08:21:18.198375,2024-10-14 02:25:35.462613
557,Support Ticket 557,OPEN,969,2023-06-22 17:07:14.803653,2023-03-04 23:56:30.451054
558,Support Ticket 558,CLOSED,20,2024-11-02 01:13:22.916965,2024-04-23 13:16:30.267292
559,Support Ticket 559,OPEN,523,2024-12-25 02:47:12.831293,2023-04-13 00:01:15.068656
560,Support Ticket 560,CLOSED,878,2024-02-27 10:52:16.092154,2024-02-09 06:48:07.916568
561,Support Ticket 561,CLOSED,256,2024-03-19 19:11:05.002882,2023-04-06 04:05:15.924259
562,Support Ticket 562,CLOSED,607,2023-06-17 19:18:29.001302,2023-02-04 00:15:44.837175
563,Support Ticket 563,OPEN,740,2023-07-30 22:01:34.085620,2023-03-21 23:31:36.811628
564,Support Ticket 564,OPEN,911,2023-12-16 06:40:32.654507,2023-12-17 03:11:27.338528
565,Support Ticket 565,CLOSED,67,2024-05-20 21:54:03.625570,2024-12-04 00:14:44.065460
566,Support Ticket 566,OPEN,125,2023-10-21 10:39:27.669377,2024-07-22 06:32:20.870974
567,Support Ticket 567,CLOSED,355,2023-05-05 20:22:46.334945,2023-05-27 18:58:29.071858
568,Support Ticket 568,CLOSED,70,2023-04-22 18:19:41.442877,2023-08-16 09:30:07.330459
569,Support Ticket 569,OPEN,311,2024-04-17 07:25:57.836198,2024-04-26 22:06:06.746728
570,Support Ticket 570,CLOSED,663,2024-01-20 07:47:26.407431,2024-12-08 16:41:46.215868
571,Support Ticket 571,OPEN,497,2023-04-07 20:11:13.255841,2024-09-09 18:29:59.978101
572,Support Ticket 572,OPEN,64,2024-03-04 19:51:52.276075,2023-08-08 21:14:51.319238
573,Support Ticket 573,CLOSED,305,2023-05-20 07:03:05.378956,2023-06-16 02:39:02.918819
574,Support Ticket 574,CLOSED,803,2024-03-11 13:39:37.478338,2024-04-13 10:59:45.381814
575,Support Ticket 575,CLOSED,498,2024-10-10 05:12:07.397720,2024-07-21 23:49:18.065960
576,Support Ticket 576,OPEN,869,2024-05-28 08:17:58.135099,2024-11-14 05:21:29.854724
577,Support Ticket 577,CLOSED,846,2023-09-10 11:41:51.952597,2024-07-20 17:57:27.699133
578,Support Ticket 578,OPEN,224,2024-10-02 10:39:41.756669,2024-09-18 05:58:55.364027
579,Support Ticket 579,OPEN,153,2023-09-25 15:17:00.930264,2024-12-28 15:03:07.590671
580,Support Ticket 580,CLOSED,170,2023-02-26 14:58:08.138904,2023-08-23 17:08:16.569903
581,Support Ticket 581,CLOSED,534,2023-08-09 15:41:54.492794,2023-02-11 23:50:47.528180
582,Support Ticket 582,OPEN,241,2023-07-02 02:09:23.841862,2024-03-08 01:35:41.478376
583,Support Ticket 583,CLOSED,904,2023-08-09 21:54:41.285447,2023-06-21 00:14:36.313021
584,Support Ticket 584,CLOSED,48,2023-01-16 06:07:04.914567,2024-05-15 09:37:44.516423
585,Support Ticket 585,CLOSED,109,2023-06-09 22:03:43.369996,2023-03-06 10:53:40.063717
586,Support Ticket 586,CLOSED,598,2023-11-30 09:48:55.002855,2024-05-04 01:40:44.996813
587,Support Ticket 587,CLOSED,441,2024-07-17 10:21:14.126239,2023-05-26 09:42:25.359633
588,Support Ticket 588,OPEN,340,2024-01-27 01:14:18.776140,2024-07-07 17:45:10.452635
589,Support Ticket 589,CLOSED,254,2024-04-23 17:27:20.282874,2023-04-14 18:07:16.034951
590,Support Ticket 590,OPEN,202,2024-05-26 20:21:54.001797,2023-11-30 22:39:12.412011
591,Support Ticket 591,CLOSED,595,2023-05-07 07:40:06.124021,2023-05-30 03:11:38.039574
592,Support Ticket 592,OPEN,128,2023-07-27 21:46:30.764673,2024-11-24 22:34:58.581735
593,Support Ticket 593,CLOSED,168,2024-10-26 02:32:37.411546,2024-01-31 02:55:10.560349
594,Support Ticket 594,OPEN,206,2023-09-27 23:28:34.087959,2024-12-03 13:51:40.575416
595,Support Ticket 595,OPEN,898,2024-05-06 03:46:36.451701,2023-09-11 13:09:14.287186
596,Support Ticket 596,OPEN,240,2023-10-02 13:52:53.570280,2023-06-28 16:06:43.494369
597,Support Ticket 597,OPEN,346,2024-01-27 15:06:47.999037,2023-05-17 11:57:39.678958
598,Support Ticket 598,CLOSED,941,2023-03-22 05:42:04.512347,2024-11-05 02:10:28.020160
599,Support Ticket 599,CLOSED,640,2023-06-07 15:26:06.447237,2023-02-26 10:53:11.099315
600,Support Ticket 600,OPEN,775,2023-09-28 16:22:12.257660,2024-05-19 00:16:35.335480
601,Support Ticket 601,CLOSED,975,2023-09-14 20:58:48.675323,2023-03-10 12:56:39.281497
602,Support Ticket 602,OPEN,808,2023-08-15 04:48:16.638434,2023-02-20 23:00:21.573986
603,Support Ticket 603,CLOSED,811,2024-11-07 11:52:33.608701,2024-09-20 22:08:11.132481
604,Support Ticket 604,CLOSED,605,2023-11-24 06:49:03.659139,2024-10-30 12:52:57.905715
605,Support Ticket 605,OPEN,649,2024-08-11 09:34:19.567626,2023-03-19 13:20:15.921231
606,Support Ticket 606,OPEN,895,2024-12-22 11:56:26.705350,2024-05-01 13:03:24.198500
607,Support Ticket 607,CLOSED,888,2024-01-06 23:27:31.196275,2024-06-14 05:39:39.819452
608,Support Ticket 608,CLOSED,951,2024-09-24 11:58:59.136746,2023-10-27 20:06:43.186779
609,Support Ticket 609,OPEN,418,2023-11-30 07:50:33.789469,2023-12-30 23:45:26.352239
610,Support Ticket 610,OPEN,169,2024-08-23 13:58:51.831056,2023-12-23 16:38:38.460451
611,Support Ticket 611,CLOSED,875,2023-12-18 16:02:20.975837,2023-11-23 05:03:11.153447
612,Support Ticket 612,OPEN,252,2024-02-10 13:34:37.105610,2023-05-30 11:28:45.059308
613,Support Ticket 613,OPEN,945,2024-04-08 10:45:01.984382,2023-07-08 03:25:13.005661
614,Support Ticket 614,CLOSED,29,2023-01-31 03:44:43.851675,2024-04-06 00:12:00.731459
615,Support Ticket 615,CLOSED,672,2024-08-24 12:53:57.680820,2023-12-23 22:45:07.867152
616,Support Ticket 616,CLOSED,247,2023-06-05 03:24:18.679561,2024-12-25 06:13:34.183733
617,Support Ticket 617,OPEN,199,2023-07-01 20:33:24.014855,2023-04-01 11:06:16.831661
618,Support Ticket 618,OPEN,86,2023-06-27 12:24:12.066952,2024-02-20 07:48:22.836040
619,Support Ticket 619,OPEN,252,2023-10-15 17:34:45.313302,2023-11-01 14:50:24.648166
620,Support Ticket 620,OPEN,175,2024-03-08 13:51:14.375406,2024-05-27 14:13:22.351752
621,Support Ticket 621,OPEN,825,2023-03-04 21:37:27.923158,2024-06-13 05:55:38.576784
622,Support Ticket 622,OPEN,797,2024-12-13 22:58:39.006672,2023-03-31 07:09:19.604822
623,Support Ticket 623,OPEN,919,2023-01-29 05:27:28.511807,2023-06-19 11:54:32.076376
624,Support Ticket 624,CLOSED,558,2024-06-25 03:56:02.632071,2023-09-19 06:43:42.292520
625,Support Ticket 625,CLOSED,250,2024-03-25 23:47:54.604701,2023-04-24 06:15:05.736819
626,Support Ticket 626,CLOSED,964,2024-09-20 19:49:53.894170,2023-10-26 08:19:15.714294
627,Support Ticket 627,CLOSED,966,2023-07-03 20:14:25.711443,2024-07-07 00:20:51.201545
628,Support Ticket 628,CLOSED,517,2023-06-26 00:57:27.590285,2023-12-11 15:17:50.978461
629,Support Ticket 629,OPEN,108,2023-06-18 21:59:43.198232,2023-01-24 19:17:37.293840
630,Support Ticket 630,OPEN,171,2024-10-29 06:01:28.620392,2024-02-29 14:57:58.924624
631,Support Ticket 631,CLOSED,428,2023-05-16 08:03:47.655543,2023-06-12 03:13:37.659592
632,Support Ticket 632,OPEN,919,2023-07-08 12:33:54.953415,2024-04-09 20:02:01.325250
633,Support Ticket 633,CLOSED,980,2024-06-23 00:40:49.067487,2024-04-04 18:04:40.724501
634,Support Ticket 634,CLOSED,872,2023-12-04 14:59:28.337705,2024-03-18 02:58:56.550447
635,Support Ticket 635,CLOSED,692,2023-04-14 18:43:46.847417,2023-03-07 13:05:09.097926
636,Support Ticket 636,OPEN,457,2024-11-12 13:35:18.132205,2024-11-02 23:27:50.469132
637,Support Ticket 637,CLOSED,207,2023-08-04 06:37:14.094553,2024-08-16 20:31:10.697837
638,Support Ticket 638,OPEN,39,2024-09-13 02:02:51.530513,2023-01-16 10:30:46.046835
639,Support Ticket 639,OPEN,790,2024-02-21 01:19:35.323933,2023-01-22 10:11:42.605703
640,Support Ticket 640,CLOSED,776,2023-07-09 09:58:28.171176,2024-03-24 21:38:07.922779
641,Support Ticket 641,CLOSED,751,2024-08-06 22:04:44.283095,2023-10-18 09:30:36.391445
642,Support Ticket 642,CLOSED,689,2024-11-01 02:55:16.468436,2023-10-20 11:00:39.999186
643,Support Ticket 643,OPEN,221,2024-09-28 16:41:04.048146,2023-02-21 06:34:48.893996
644,Support Ticket 644,CLOSED,121,2024-02-10 22:27:26.953233,2023-04-16 12:11:25.299615
645,Support Ticket 645,OPEN,347,2023-09-30 19:53:09.592360,2024-02-08 00:54:30.872479
646,Support Ticket 646,OPEN,983,2024-07-09 07:39:04.922020,2023-07-11 00:13:25.685687
647,Support Ticket 647,CLOSED,623,2024-01-30 23:40:47.404486,2024-12-28 10:57:07.699150
648,Support Ticket 648,OPEN,771,2023-11-30 08:04:53.659045,2024-11-15 02:47:40.767394
649,Support Ticket 649,CLOSED,434,2023-10-17 03:21:20.066236,2024-12-30 16:01:39.595063
650,Support Ticket 650,OPEN,470,2023-10-09 17:13:31.646823,2023-02-18 01:28:16.870275
651,Support Ticket 651,OPEN,700,2024-07-15 13:57:05.769706,2024-12-22 08:56:21.369563
652,Support Ticket 652,CLOSED,157,2024-10-23 12:13:28.712878,2023-02-12 01:38:25.216208
653,Support Ticket 653,CLOSED,394,2024-04-19 18:43:30.528036,2023-07-06 21:03:30.495197
654,Support Ticket 654,OPEN,608,2024-09-24 00:07:45.833212,2024-08-10 12:27:10.572243
655,Support Ticket 655,CLOSED,896,2024-07-23 19:13:31.883472,2024-12-03 16:25:34.907466
656,Support Ticket 656,CLOSED,263,2023-07-19 10:46:59.483250,2024-09-13 00:03:54.683903
657,Support Ticket 657,OPEN,66,2023-03-28 23:30:14.523143,2024-07-07 05:39:51.256996
658,Support Ticket 658,OPEN,734,2023-04-11 17:22:51.756195,2024-05-26 23:09:07.361651
659,Support Ticket 659,CLOSED,969,2023-08-27 01:28:29.619635,2023-10-10 00:41:56.269768
660,Support Ticket 660,OPEN,730,2024-09-06 12:35:37.803254,2023-11-11 22:24:07.472157
661,Support Ticket 661,CLOSED,448,2024-01-23 02:57:45.450197,2023-05-19 15:08:03.777917
662,Support Ticket 662,OPEN,508,2023-06-28 14:02:05.712794,2024-03-12 06:01:44.685133
663,Support Ticket 663,CLOSED,262,2023-04-03 04:32:42.981150,2023-06-20 15:35:17.905622
664,Support Ticket 664,OPEN,7,2024-02-27 13:13:48.859148,2024-02-13 02:20:13.406961
665,Support Ticket 665,OPEN,202,2023-06-22 10:52:09.151321,2023-01-27 14:57:21.520146
666,Support Ticket 666,OPEN,580,2023-03-13 19:32:57.473060,2023-02-09 18:11:36.718885
667,Support Ticket 667,CLOSED,90,2023-11-07 14:44:50.612036,2023-02-02 03:14:24.790132
668,Support Ticket 668,CLOSED,500,2023-04-25 15:47:27.128694,2024-07-01 03:57:44.162415
669,Support Ticket 669,OPEN,179,2024-03-22 09:26:41.454722,2024-01-27 08:07:39.496778
670,Support Ticket 670,OPEN,787,2024-04-25 21:18:43.258579,2024-01-20 18:10:06.408005
671,Support Ticket 671,CLOSED,850,2023-05-28 00:26:09.839603,2024-04-11 16:54:34.732263
672,Support Ticket 672,OPEN,694,2024-02-11 05:02:46.942024,2023-02-09 07:47:31.686396
673,Support Ticket 673,OPEN,705,2023-03-10 01:54:46.432086,2024-12-12 09:38:12.556396
674,Support Ticket 674,CLOSED,15,2024-06-24 12:47:42.689557,2023-03-24 15:46:29.490688
675,Support Ticket 675,OPEN,228,2024-01-30 17:38:50.985051,2023-09-30 22:23:41.876598
676,Support Ticket 676,OPEN,190,2023-12-14 08:34:15.270787,2023-08-17 06:46:31.329778
677,Support Ticket 677,OPEN,940,2023-05-06 09:21:57.123210,2024-12-24 18:33:19.504678
678,Support Ticket 678,OPEN,814,2023-01-15 21:24:37.356110,2024-08-14 08:25:39.147576
679,Support Ticket 679,OPEN,390,2023-01-10 03:20:49.625000,2023-04-20 14:36:30.229546
680,Support Ticket 680,OPEN,155,2024-01-13 14:22:30.261839,2024-08-05 09:00:14.029654
681,Support Ticket 681,OPEN,923,2024-05-27 22:00:53.786695,2023-11-19 07:34:43.061378
682,Support Ticket 682,OPEN,648,2024-02-01 09:47:30.290175,2024-03-28 13:23:34.519830
683,Support Ticket 683,CLOSED,698,2024-07-01 08:07:57.867262,2023-08-24 07:28:46.077673
684,Support Ticket 684,OPEN,412,2024-02-29 04:53:11.912693,2024-10-12 17:30:23.888000
685,Support Ticket 685,CLOSED,31,2023-12-16 19:15:35.356995,2023-12-18 19:19:30.793789
686,Support Ticket 686,OPEN,198,2024-01-14 08:16:12.028151,2024-03-20 04:48:06.081128
687,Support Ticket 687,CLOSED,320,2023-01-31 07:27:34.193440,2024-05-25 14:21:12.268660
688,Support Ticket 688,CLOSED,870,2024-06-05 08:33:01.501103,2024-05-01 17:22:00.966721
689,Support Ticket 689,OPEN,557,2024-07-17 01:05:48.441002,2023-10-05 04:38:36.240062
690,Support Ticket 690,OPEN,973,2024-12-20 01:28:25.101101,2024-10-25 10:50:13.510330
691,Support Ticket 691,OPEN,110,2024-03-11 08:52:30.742300,2024-05-27 19:33:59.778727
692,Support Ticket 692,CLOSED,919,2024-11-16 22:15:28.453974,2024-12-05 10:39:41.360728
693,Support Ticket 693,CLOSED,853,2024-03-28 06:10:23.933757,2024-01-23 03:23:16.921598
694,Support Ticket 694,OPEN,849,2024-05-13 12:18:32.631001,2024-07-09 09:42:06.388370
695,Support Ticket 695,OPEN,456,2023-08-15 04:54:55.279940,2023-09-12 09:39:01.833277
696,Support Ticket 696,OPEN,198,2024-05-03 18:05:36.015647,2024-11-03 08:38:48.508901
697,Support Ticket 697,CLOSED,667,2023-01-20 15:30:08.691250,2023-11-18 14:49:58.602615
698,Support Ticket 698,OPEN,214,2023-11-13 00:49:29.470506,2024-05-17 06:38:30.778473
699,Support Ticket 699,CLOSED,394,2023-12-08 22:13:27.389266,2024-04-03 13:14:55.811019
700,Support Ticket 700,CLOSED,909,2023-06-11 13:31:07.009910,2023-04-10 09:16:31.735149
701,Support Ticket 701,OPEN,783,2023-05-31 04:20:34.215267,2024-04-14 05:11:27.726949
702,Support Ticket 702,OPEN,383,2023-04-28 19:48:07.152323,2023-12-18 09:49:09.398374
703,Support Ticket 703,OPEN,206,2023-01-13 07:17:00.350895,2023-01-05 18:30:34.016863
704,Support Ticket 704,OPEN,729,2023-08-02 20:58:07.346810,2023-07-20 08:04:08.397905
705,Support Ticket 705,CLOSED,446,2023-10-05 07:03:02.082254,2023-07-15 20:18:25.541372
706,Support Ticket 706,OPEN,601,2023-02-20 03:09:23.275517,2024-04-08 21:13:08.079029
707,Support Ticket 707,CLOSED,623,2023-04-15 15:12:17.082237,2024-09-01 21:10:39.916475
708,Support Ticket 708,CLOSED,107,2023-01-19 01:01:16.776780,2024-08-25 04:42:12.075864
709,Support Ticket 709,OPEN,438,2024-03-30 11:09:27.144956,2023-07-20 21:40:57.275288
710,Support Ticket 710,OPEN,838,2023-03-11 04:01:17.538067,2023-09-28 21:32:31.798870
711,Support Ticket 711,OPEN,416,2023-03-27 06:50:55.113804,2024-10-12 21:56:45.179101
712,Support Ticket 712,CLOSED,43,2024-03-21 01:34:36.444156,2023-07-29 12:18:49.684262
713,Support Ticket 713,CLOSED,312,2024-04-02 11:20:18.014800,2023-07-25 06:13:20.900096
714,Support Ticket 714,CLOSED,698,2023-01-09 06:25:19.870381,2024-08-21 08:16:41.091688
715,Support Ticket 715,CLOSED,665,2024-07-11 00:35:32.128525,2023-09-12 07:07:08.769650
716,Support Ticket 716,CLOSED,991,2023-12-01 03:20:26.144542,2023-03-15 14:56:33.746381
717,Support Ticket 717,OPEN,27,2024-10-28 05:26:50.832118,2024-07-26 17:31:06.742919
718,Support Ticket 718,CLOSED,893,2024-10-30 03:25:12.116114,2023-07-04 22:14:35.933607
719,Support Ticket 719,CLOSED,904,2023-10-01 16:15:41.762860,2024-09-17 13:23:16.530149
720,Support Ticket 720,OPEN,342,2023-08-31 17:41:54.758838,2024-05-15 22:48:24.806098
721,Support Ticket 721,OPEN,694,2023-01-06 00:33:06.908878,2023-05-29 08:18:13.217832
722,Support Ticket 722,OPEN,590,2024-05-02 00:24:16.209766,2023-11-24 23:36:40.607206
723,Support Ticket 723,OPEN,95,2023-10-18 22:23:54.400096,2023-06-18 11:20:24.808157
724,Support Ticket 724,CLOSED,393,2023-06-14 18:19:53.429332,2024-03-24 12:58:34.450334
725,Support Ticket 725,OPEN,654,2024-11-27 06:45:50.034475,2024-08-24 16:59:39.521685
726,Support Ticket 726,CLOSED,635,2024-07-24 18:58:35.662806,2023-06-27 12:50:07.715948
727,Support Ticket 727,CLOSED,290,2023-06-21 09:04:40.255739,2023-03-21 05:31:13.111399
728,Support Ticket 728,OPEN,297,2023-04-21 17:18:27.139853,2024-08-19 01:35:52.181891
729,Support Ticket 729,CLOSED,159,2023-11-08 21:34:47.178523,2024-05-06 13:09:44.262166
730,Support Ticket 730,OPEN,16,2023-12-16 12:22:46.072446,2023-12-30 11:46:32.874828
731,Support Ticket 731,OPEN,156,2024-03-08 13:55:54.256882,2024-07-27 11:41:02.729759
732,Support Ticket 732,OPEN,502,2024-08-14 14:00:56.370402,2023-01-22 09:16:30.221287
733,Support Ticket 733,OPEN,619,2023-09-20 20:32:20.231412,2023-03-26 12:16:37.965016
734,Support Ticket 734,CLOSED,587,2023-06-25 07:59:00.196637,2024-01-03 20:30:28.236388
735,Support Ticket 735,OPEN,966,2024-06-21 10:29:48.125792,2024-11-02 20:24:46.078888
736,Support Ticket 736,CLOSED,335,2024-11-02 19:23:44.758190,2023-05-29 10:00:28.588407
737,Support Ticket 737,CLOSED,24,2024-07-16 23:39:13.139735,2024-01-31 19:21:33.715188
738,Support Ticket 738,CLOSED,780,2023-05-23 23:44:45.240009,2024-06-16 14:36:27.577033
739,Support Ticket 739,OPEN,703,2024-03-19 08:46:10.113125,2024-04-03 13:24:49.997762
740,Support Ticket 740,CLOSED,641,2023-12-25 14:19:59.803721,2024-12-21 15:30:40.150117
741,Support Ticket 741,CLOSED,117,2023-08-21 14:27:54.417613,2023-09-25 12:30:07.634337
742,Support Ticket 742,CLOSED,913,2024-07-06 18:37:09.209799,2023-02-13 18:01:09.623589
743,Support Ticket 743,CLOSED,238,2023-04-08 13:43:15.685403,2024-10-04 02:54:11.570137
744,Support Ticket 744,OPEN,217,2023-06-16 09:30:27.157543,2023-11-06 03:40:35.064994
745,Support Ticket 745,OPEN,640,2024-01-28 03:41:30.206355,2024-06-25 09:06:07.948705
746,Support Ticket 746,CLOSED,386,2023-06-02 03:15:09.695786,2024-04-15 00:31:50.206113
747,Support Ticket 747,OPEN,554,2024-09-01 05:40:58.446142,2023-09-24 18:38:56.023815
748,Support Ticket 748,CLOSED,939,2024-07-07 14:26:04.813229,2024-02-22 16:39:13.430226
749,Support Ticket 749,CLOSED,98,2023-01-16 19:46:41.817086,2023-09-15 01:56:47.873035
750,Support Ticket 750,CLOSED,812,2023-09-21 13:10:04.990859,2024-11-24 23:45:03.227417
751,Support Ticket 751,OPEN,500,2023-04-30 18:22:16.216500,2023-06-04 06:22:19.574092
752,Support Ticket 752,CLOSED,502,2024-05-15 22:59:45.345778,2023-11-23 01:45:02.715038
753,Support Ticket 753,CLOSED,188,2024-12-12 00:32:41.977632,2024-02-05 05:35:50.455824
754,Support Ticket 754,CLOSED,940,2024-04-12 14:58:12.237031,2023-09-08 03:30:40.202751
755,Support Ticket 755,OPEN,668,2023-09-27 12:39:36.688323,2023-04-07 10:50:48.694400
756,Support Ticket 756,OPEN,702,2024-01-07 13:25:37.675443,2024-12-27 22:22:05.198831
757,Support Ticket 757,OPEN,332,2023-08-21 05:27:45.823722,2023-10-29 21:57:10.493864
758,Support Ticket 758,OPEN,157,2023-02-24 23:45:30.146544,2023-03-10 05:14:23.267743
759,Support Ticket 759,CLOSED,560,2023-11-08 12:20:20.314815,2024-02-01 09:23:53.910211
760,Support Ticket 760,CLOSED,515,2024-01-17 01:09:43.433496,2024-06-23 12:51:48.191381
761,Support Ticket 761,OPEN,763,2023-02-22 00:36:43.765202,2024-09-01 20:45:12.294318
762,Support Ticket 762,CLOSED,40,2024-10-30 05:25:39.040652,2024-07-13 13:03:27.162496
763,Support Ticket 763,OPEN,638,2023-04-16 02:15:05.821232,2023-07-21 07:07:11.593185
764,Support Ticket 764,OPEN,394,2023-03-28 22:37:51.383201,2024-04-25 07:56:53.878205
765,Support Ticket 765,CLOSED,822,2024-01-30 17:26:07.131342,2023-08-14 01:53:49.205007
766,Support Ticket 766,OPEN,318,2023-02-16 06:19:26.425027,2023-04-11 19:46:24.993153
767,Support Ticket 767,OPEN,705,2023-10-24 00:16:00.749797,2024-05-23 04:31:48.643203
768,Support Ticket 768,CLOSED,61,2023-04-20 20:19:14.932105,2024-08-07 12:30:22.654167
769,Support Ticket 769,CLOSED,120,2024-09-26 05:51:40.856764,2023-03-14 12:58:33.415209
770,Support Ticket 770,CLOSED,694,2024-03-28 11:00:50.300663,2024-05-13 04:03:24.340929
771,Support Ticket 771,OPEN,707,2024-06-16 05:17:00.722605,2024-09-05 12:37:50.659048
772,Support Ticket 772,OPEN,99,2023-04-23 00:37:52.386632,2024-04-25 04:12:13.531615
773,Support Ticket 773,CLOSED,951,2024-07-07 13:01:38.669461,2024-05-28 18:28:56.256423
774,Support Ticket 774,OPEN,398,2024-07-29 06:25:08.208647,2024-09-29 07:01:18.828688
775,Support Ticket 775,OPEN,935,2024-01-15 15:36:54.740563,2024-04-09 11:04:06.112282
776,Support Ticket 776,OPEN,219,2024-01-30 20:10:20.012775,2024-09-22 03:56:07.793086
777,Support Ticket 777,CLOSED,437,2023-07-05 04:36:34.428887,2024-11-27 20:24:24.041129
778,Support Ticket 778,OPEN,352,2023-04-07 03:31:10.003743,2024-01-29 07:48:31.373143
779,Support Ticket 779,CLOSED,530,2024-08-22 09:20:17.842011,2024-09-21 08:21:49.433978
780,Support Ticket 780,CLOSED,380,2024-07-01 22:04:07.888671,2023-01-09 17:07:34.123045
781,Support Ticket 781,CLOSED,507,2024-09-13 01:22:08.658118,2023-04-23 22:29:40.810261
782,Support Ticket 782,OPEN,976,2024-05-07 18:19:46.211071,2024-04-19 06:53:57.263456
783,Support Ticket 783,CLOSED,420,2024-02-15 05:20:24.266570,2023-04-03 18:22:40.430985
784,Support Ticket 784,OPEN,866,2024-08-01 18:28:31.095508,2023-05-01 08:10:21.458041
785,Support Ticket 785,CLOSED,244,2024-06-17 18:11:29.490313,2023-09-24 15:26:57.509410
786,Support Ticket 786,OPEN,329,2023-07-20 08:49:55.952708,2023-01-12 19:57:32.227155
787,Support Ticket 787,CLOSED,533,2023-08-21 06:25:28.316452,2024-05-05 03:41:12.852853
788,Support Ticket 788,OPEN,89,2023-02-26 16:25:12.234146,2023-09-24 15:39:34.955404
789,Support Ticket 789,CLOSED,13,2023-08-18 18:17:43.054141,2024-01-14 10:46:20.137065
790,Support Ticket 790,CLOSED,600,2023-09-22 02:20:31.674474,2024-01-26 09:00:43.419759
791,Support Ticket 791,CLOSED,122,2024-08-23 14:15:58.072016,2023-10-19 09:26:50.140791
792,Support Ticket 792,OPEN,272,2024-07-08 20:08:43.211341,2023-09-30 00:20:36.647449
793,Support Ticket 793,OPEN,880,2024-02-02 20:57:51.784939,2024-08-25 02:02:20.680551
794,Support Ticket 794,CLOSED,590,2024-12-09 05:44:41.030940,2024-10-09 05:31:58.682658
795,Support Ticket 795,CLOSED,127,2023-05-23 08:48:27.963961,2024-02-06 07:23:43.042473
796,Support Ticket 796,OPEN,200,2024-12-15 17:13:55.245305,2024-11-19 21:08:13.560997
797,Support Ticket 797,OPEN,989,2024-11-20 04:49:27.873042,2024-04-12 08:50:42.830096
798,Support Ticket 798,OPEN,394,2023-05-25 14:25:21.916415,2023-11-10 19:38:37.480116
799,Support Ticket 799,CLOSED,790,2023-01-03 16:03:45.254180,2023-01-04 14:46:58.785780
800,Support Ticket 800,CLOSED,182,2023-07-29 02:16:20.841813,2023-01-08 15:36:32.038681
801,Support Ticket 801,CLOSED,530,2023-10-22 05:23:55.699825,2024-12-21 08:50:42.906361
802,Support Ticket 802,CLOSED,383,2024-02-17 22:16:38.437579,2024-11-06 15:31:26.927473
803,Support Ticket 803,CLOSED,49,2023-08-21 16:19:29.704632,2023-09-18 07:41:18.985017
804,Support Ticket 804,CLOSED,225,2023-11-24 18:21:36.530996,2024-09-10 10:00:27.940898
805,Support Ticket 805,OPEN,302,2023-02-12 12:39:23.068088,2023-02-23 11:49:53.019527
806,Support Ticket 806,OPEN,297,2023-01-12 20:19:10.979757,2024-10-07 08:14:18.788048
807,Support Ticket 807,CLOSED,863,2023-10-19 12:46:32.484134,2023-06-30 05:35:43.113581
808,Support Ticket 808,CLOSED,682,2024-10-24 02:33:13.670485,2024-09-27 22:12:31.853012
809,Support Ticket 809,CLOSED,704,2024-01-13 04:11:12.816121,2023-11-10 02:20:57.302568
810,Support Ticket 810,CLOSED,979,2023-05-30 09:59:25.015074,2023-08-22 01:06:57.847094
811,Support Ticket 811,OPEN,380,2024-10-03 01:09:20.769607,2023-05-09 10:43:31.140129
812,Support Ticket 812,CLOSED,33,2023-06-12 06:23:14.772542,2024-12-07 22:13:10.589898
813,Support Ticket 813,CLOSED,507,2024-02-01 10:48:38.096071,2023-04-05 16:45:10.159929
814,Support Ticket 814,OPEN,602,2024-07-01 06:37:56.650869,2024-04-21 21:53:48.518411
815,Support Ticket 815,CLOSED,647,2024-03-07 01:01:12.847187,2023-12-05 17:35:37.747168
816,Support Ticket 816,CLOSED,841,2024-01-21 05:20:45.843101,2024-10-03 09:15:58.863700
817,Support Ticket 817,OPEN,230,2024-04-05 01:17:57.172086,2024-05-31 11:03:47.597069
818,Support Ticket 818,OPEN,842,2024-03-12 01:28:04.490671,2023-12-19 08:17:19.379296
819,Support Ticket 819,CLOSED,973,2023-02-28 19:02:18.312724,2024-08-03 13:27:36.906392
820,Support Ticket 820,OPEN,80,2024-03-16 04:38:11.997927,2023-12-26 22:40:48.123960
821,Support Ticket 821,CLOSED,158,2023-06-26 15:38:18.015448,2024-12-21 14:14:56.138041
822,Support Ticket 822,CLOSED,800,2023-09-01 23:13:38.696194,2023-07-12 06:45:56.667130
823,Support Ticket 823,CLOSED,660,2023-06-16 12:32:47.976752,2024-06-01 11:25:15.646435
824,Support Ticket 824,CLOSED,154,2024-09-21 06:03:26.120821,2023-04-02 12:59:45.172420
825,Support Ticket 825,CLOSED,618,2024-04-15 10:46:29.318745,2024-10-15 15:01:28.661562
826,Support Ticket 826,OPEN,233,2023-01-04 03:47:52.159646,2024-11-04 13:57:53.841861
827,Support Ticket 827,OPEN,764,2023-08-14 18:18:04.565648,2024-10-01 17:07:37.033514
828,Support Ticket 828,CLOSED,474,2024-02-19 04:14:12.042467,2023-07-23 12:00:22.597217
829,Support Ticket 829,CLOSED,767,2024-01-15 07:10:56.156934,2023-09-22 22:38:28.311876
830,Support Ticket 830,CLOSED,617,2023-04-02 13:25:43.981693,2024-04-15 18:32:00.759029
831,Support Ticket 831,CLOSED,906,2024-08-28 04:05:50.028654,2024-03-26 12:16:01.404262
832,Support Ticket 832,OPEN,394,2023-12-08 11:42:06.197711,2024-07-03 17:14:34.208702
833,Support Ticket 833,CLOSED,522,2024-04-18 16:24:45.097713,2023-04-19 13:54:51.239664
834,Support Ticket 834,CLOSED,137,2024-02-04 15:34:55.667894,2024-11-18 04:40:05.695093
835,Support Ticket 835,OPEN,975,2023-01-10 06:51:19.511107,2024-08-26 13:39:34.750520
836,Support Ticket 836,OPEN,912,2023-04-01 11:29:21.067709,2023-10-06 01:02:52.482460
837,Support Ticket 837,CLOSED,484,2024-11-14 10:24:52.474049,2024-01-01 19:51:49.222098
838,Support Ticket 838,CLOSED,797,2023-08-19 15:29:49.196389,2023-07-21 12:41:01.762848
839,Support Ticket 839,CLOSED,197,2024-06-14 22:54:59.612144,2024-02-02 19:28:54.524346
840,Support Ticket 840,CLOSED,751,2023-12-12 18:30:29.773835,2023-08-03 18:13:13.108721
841,Support Ticket 841,OPEN,156,2024-12-05 01:56:06.617305,2024-08-21 20:46:36.251543
842,Support Ticket 842,OPEN,347,2023-02-23 14:00:54.877301,2023-08-21 23:28:14.535946
843,Support Ticket 843,OPEN,699,2024-07-31 19:06:47.797367,2023-06-28 22:21:51.660926
844,Support Ticket 844,CLOSED,772,2023-12-20 04:50:52.827012,2024-06-10 11:24:48.834988
845,Support Ticket 845,OPEN,100,2024-07-27 21:07:40.025457,2023-06-27 12:50:23.940725
846,Support Ticket 846,OPEN,937,2023-11-25 06:50:46.268154,2023-05-31 22:59:45.641327
847,Support Ticket 847,OPEN,919,2023-06-24 10:00:10.623109,2023-10-10 19:42:03.652482
848,Support Ticket 848,CLOSED,444,2023-12-09 07:39:07.046826,2023-07-01 13:27:43.774462
849,Support Ticket 849,CLOSED,517,2024-01-08 09:08:07.047816,2024-01-11 21:26:26.592475
850,Support Ticket 850,OPEN,479,2023-02-14 09:21:17.673222,2023-01-11 01:49:19.622800
851,Support Ticket 851,OPEN,694,2024-03-14 06:26:14.826673,2024-10-24 08:42:59.240685
852,Support Ticket 852,CLOSED,393,2024-05-09 00:28:56.590179,2023-01-15 23:09:32.929107
853,Support Ticket 853,CLOSED,520,2023-08-11 10:55:07.557925,2023-01-20 04:11:01.904631
854,Support Ticket 854,OPEN,839,2023-09-12 14:21:06.362009,2023-11-20 22:15:17.822675
855,Support Ticket 855,OPEN,861,2023-02-14 13:34:07.759024,2024-09-02 00:49:32.103702
856,Support Ticket 856,CLOSED,580,2024-01-17 02:28:17.752136,2023-11-27 16:30:20.745749
857,Support Ticket 857,OPEN,314,2024-08-06 17:36:44.562391,2023-08-08 22:12:38.271695
858,Support Ticket 858,OPEN,383,2023-11-25 00:37:53.646606,2023-03-20 04:26:48.807686
859,Support Ticket 859,OPEN,540,2023-05-10 03:34:09.758557,2024-03-10 17:18:33.170541
860,Support Ticket 860,CLOSED,162,2023-09-10 22:54:35.649277,2023-04-17 16:20:10.400836
861,Support Ticket 861,CLOSED,44,2023-06-30 09:40:59.726116,2023-02-23 13:25:41.596336
862,Support Ticket 862,CLOSED,834,2024-03-12 17:16:30.724081,2023-09-17 03:50:41.165130
863,Support Ticket 863,CLOSED,673,2024-06-23 11:58:43.724249,2023-03-29 06:51:50.307149
864,Support Ticket 864,CLOSED,250,2023-09-08 11:18:53.116674,2024-11-20 06:06:07.772910
865,Support Ticket 865,OPEN,844,2023-05-11 11:01:11.058231,2024-05-04 20:39:50.439293
866,Support Ticket 866,OPEN,831,2024-04-28 00:21:47.147247,2024-10-07 07:20:14.087117
867,Support Ticket 867,CLOSED,509,2023-12-09 12:05:15.241789,2024-08-28 00:19:08.839169
868,Support Ticket 868,CLOSED,954,2024-01-06 14:31:20.630803,2023-10-20 02:56:37.714491
869,Support Ticket 869,CLOSED,237,2024-01-27 20:30:36.415129,2023-05-30 14:14:37.598106
870,Support Ticket 870,OPEN,667,2024-02-11 18:26:39.119605,2024-01-11 06:09:16.199792
871,Support Ticket 871,OPEN,823,2024-07-06 04:44:39.376119,2024-10-22 00:11:45.376712
872,Support Ticket 872,OPEN,670,2024-02-07 08:02:09.944544,2024-07-10 08:32:20.192044
873,Support Ticket 873,CLOSED,336,2024-07-06 11:27:54.091117,2024-02-26 02:38:08.547167
874,Support Ticket 874,CLOSED,864,2023-12-19 04:14:43.693549,2024-12-11 11:42:53.641155
875,Support Ticket 875,CLOSED,395,2024-11-20 03:49:19.669958,2024-06-28 18:22:12.425263
876,Support Ticket 876,CLOSED,882,2023-01-27 19:01:22.957916,2024-11-22 10:56:02.677689
877,Support Ticket 877,OPEN,584,2024-12-02 09:06:36.321132,2024-02-27 01:19:33.163540
878,Support Ticket 878,OPEN,743,2023-09-09 13:21:26.682337,2023-06-07 00:50:48.376729
879,Support Ticket 879,CLOSED,522,2024-03-02 08:11:38.024269,2024-06-12 00:01:50.061435
880,Support Ticket 880,OPEN,27,2024-11-14 06:33:49.066784,2024-04-06 16:16:39.903384
881,Support Ticket 881,CLOSED,30,2023-03-25 23:32:20.576272,2023-01-11 11:35:45.250396
882,Support Ticket 882,CLOSED,508,2024-12-12 17:50:25.172039,2024-02-25 05:17:05.672474
883,Support Ticket 883,CLOSED,562,2023-04-12 03:58:28.273824,2024-05-02 10:50:30.191507
884,Support Ticket 884,OPEN,882,2023-02-16 14:39:13.733392,2024-05-04 11:00:16.148069
885,Support Ticket 885,OPEN,819,2023-06-26 12:36:17.322254,2024-02-11 10:20:05.385569
886,Support Ticket 886,CLOSED,171,2024-08-01 05:52:29.468129,2024-04-26 01:08:47.127155
887,Support Ticket 887,OPEN,934,2023-04-11 10:11:57.333033,2023-10-16 20:08:01.066889
888,Support Ticket 888,CLOSED,721,2023-12-06 05:37:19.945032,2023-06-28 23:55:44.541604
889,Support Ticket 889,CLOSED,100,2023-10-14 21:50:35.100603,2024-01-12 08:59:29.515008
890,Support Ticket 890,CLOSED,497,2024-01-12 20:37:54.727292,2023-12-23 23:15:24.344385
891,Support Ticket 891,OPEN,513,2024-08-25 14:43:52.499669,2024-08-03 08:29:16.820910
892,Support Ticket 892,CLOSED,667,2023-11-02 11:57:05.030794,2024-09-21 18:29:46.736984
893,Support Ticket 893,OPEN,891,2024-08-19 11:01:03.201894,2024-03-14 07:13:05.760530
894,Support Ticket 894,CLOSED,269,2023-12-20 09:25:53.431893,2024-04-22 02:35:14.564219
895,Support Ticket 895,OPEN,76,2024-02-27 06:45:08.326897,2023-11-09 16:29:00.232899
896,Support Ticket 896,CLOSED,995,2023-02-26 19:16:07.961024,2023-07-12 12:07:32.638177
897,Support Ticket 897,OPEN,339,2023-06-29 10:32:37.737946,2023-07-20 21:32:30.420115
898,Support Ticket 898,CLOSED,149,2023-05-03 01:45:06.074497,2024-08-15 02:22:33.813658
899,Support Ticket 899,CLOSED,788,2024-05-13 08:40:49.224894,2023-06-14 13:17:28.512802
900,Support Ticket 900,OPEN,862,2024-12-01 03:04:47.137595,2023-07-22 11:35:36.916618
901,Support Ticket 901,OPEN,317,2024-02-22 21:04:10.509652,2024-04-05 21:30:33.512712
902,Support Ticket 902,OPEN,689,2023-07-15 02:58:46.468795,2024-03-21 21:14:07.216560
903,Support Ticket 903,CLOSED,794,2023-12-27 16:30:54.946329,2023-01-26 07:21:57.324693
904,Support Ticket 904,OPEN,562,2023-09-07 14:41:46.150070,2024-11-23 17:42:40.226060
905,Support Ticket 905,CLOSED,203,2023-12-29 16:32:40.183305,2023-09-08 14:12:24.815302
906,Support Ticket 906,OPEN,710,2024-09-21 18:56:31.738645,2024-05-30 15:15:53.231242
907,Support Ticket 907,OPEN,538,2024-12-14 08:03:01.326311,2024-10-11 23:40:02.971395
908,Support Ticket 908,OPEN,367,2023-12-05 22:55:31.055287,2023-04-08 09:38:54.467495
909,Support Ticket 909,CLOSED,141,2023-08-08 16:37:25.566330,2023-04-10 13:34:46.325410
910,Support Ticket 910,CLOSED,79,2024-05-08 07:12:39.468178,2023-03-31 04:25:56.144948
911,Support Ticket 911,CLOSED,421,2023-07-18 16:40:09.320865,2024-07-27 11:32:19.503911
912,Support Ticket 912,OPEN,927,2024-04-26 16:51:19.527809,2024-09-11 22:17:08.420388
913,Support Ticket 913,OPEN,257,2024-10-16 19:55:18.697128,2023-03-28 03:29:10.288283
914,Support Ticket 914,OPEN,70,2023-02-24 19:07:04.640991,2024-11-14 03:51:18.892276
915,Support Ticket 915,CLOSED,999,2024-01-29 07:23:31.857952,2024-04-15 10:02:53.229092
916,Support Ticket 916,CLOSED,703,2023-10-04 02:48:52.286703,2024-07-17 10:29:09.407968
917,Support Ticket 917,CLOSED,638,2023-09-14 23:05:53.879603,2024-09-07 17:13:05.147159
918,Support Ticket 918,CLOSED,863,2023-06-12 14:46:42.830986,2024-05-30 01:44:58.641680
919,Support Ticket 919,CLOSED,441,2024-10-17 13:56:49.102201,2024-04-30 22:39:34.314695
920,Support Ticket 920,CLOSED,103,2023-06-17 02:09:22.507059,2023-06-23 00:55:35.748034
921,Support Ticket 921,OPEN,550,2023-10-31 03:50:49.466722,2024-11-27 06:07:47.992064
922,Support Ticket 922,OPEN,317,2024-04-06 20:33:50.497828,2023-05-16 07:18:57.252452
923,Support Ticket 923,OPEN,865,2023-07-21 19:41:34.191549,2024-04-13 19:47:50.404195
924,Support Ticket 924,CLOSED,101,2023-10-01 16:06:02.192240,2023-04-13 08:39:12.818505
925,Support Ticket 925,OPEN,593,2023-01-27 14:45:45.681324,2024-02-17 23:28:02.384548
926,Support Ticket 926,OPEN,607,2024-01-05 23:05:51.697287,2023-11-24 20:36:52.683621
927,Support Ticket 927,OPEN,530,2023-08-12 13:00:30.854413,2024-11-01 12:32:22.144506
928,Support Ticket 928,OPEN,220,2024-03-17 08:34:32.455601,2023-06-01 18:43:59.722943
929,Support Ticket 929,OPEN,947,2023-09-04 02:48:47.827743,2024-08-02 09:48:14.378691
930,Support Ticket 930,OPEN,216,2024-11-18 14:00:07.070670,2023-09-03 20:13:35.396591
931,Support Ticket 931,CLOSED,655,2024-07-26 13:18:19.664815,2024-04-02 20:55:41.671960
932,Support Ticket 932,CLOSED,954,2023-06-15 20:09:52.736019,2024-09-05 18:51:37.363707
933,Support Ticket 933,OPEN,33,2023-02-20 04:59:36.524876,2024-06-22 12:04:28.409691
934,Support Ticket 934,OPEN,2,2024-01-30 21:47:10.284105,2024-04-14 17:07:22.924323
935,Support Ticket 935,CLOSED,368,2023-03-27 04:39:43.101536,2023-05-30 12:46:12.211209
936,Support Ticket 936,CLOSED,239,2024-04-27 10:22:35.408556,2023-05-21 23:07:03.537234
937,Support Ticket 937,CLOSED,388,2024-04-07 01:05:21.268634,2024-05-06 17:54:52.286816
938,Support Ticket 938,OPEN,288,2023-08-26 03:13:01.201556,2023-12-03 11:38:36.143872
939,Support Ticket 939,CLOSED,987,2024-03-25 16:14:30.308487,2024-02-18 02:52:24.287662
940,Support Ticket 940,OPEN,355,2024-03-06 02:12:41.202359,2023-11-19 06:19:10.854025
941,Support Ticket 941,OPEN,273,2023-01-04 02:50:20.351198,2024-06-21 04:27:41.222866
942,Support Ticket 942,OPEN,719,2023-02-13 20:21:46.060722,2024-11-18 06:55:19.630047
943,Support Ticket 943,CLOSED,784,2024-09-19 23:11:26.581549,2023-11-30 01:42:34.947077
944,Support Ticket 944,CLOSED,205,2023-09-17 21:53:20.152626,2024-11-27 05:49:16.578149
945,Support Ticket 945,OPEN,182,2023-06-22 15:54:14.824904,2023-03-05 18:16:12.731845
946,Support Ticket 946,OPEN,824,2024-03-10 03:42:09.963902,2024-11-23 11:34:51.533788
947,Support Ticket 947,CLOSED,571,2024-08-02 11:52:01.944494,2023-11-14 10:42:29.364210
948,Support Ticket 948,OPEN,665,2023-06-21 10:41:57.970784,2024-01-23 20:10:23.911208
949,Support Ticket 949,CLOSED,666,2023-08-28 08:31:14.457228,2023-07-19 06:39:02.757540
950,Support Ticket 950,OPEN,603,2024-11-19 15:42:02.257842,2023-07-27 11:26:21.477786
951,Support Ticket 951,OPEN,642,2023-03-25 07:29:56.973724,2024-07-16 20:49:43.403532
952,Support Ticket 952,CLOSED,456,2024-10-08 00:50:18.669152,2023-04-26 16:06:40.113622
953,Support Ticket 953,CLOSED,601,2023-07-14 23:15:12.691963,2023-12-14 22:52:45.620482
954,Support Ticket 954,OPEN,625,2023-02-25 20:41:58.189217,2024-09-16 21:52:26.308849
955,Support Ticket 955,CLOSED,927,2024-10-11 02:31:05.128257,2023-11-17 02:51:38.553181
956,Support Ticket 956,CLOSED,994,2024-10-21 19:27:07.272401,2024-01-23 19:58:35.101673
957,Support Ticket 957,OPEN,616,2023-06-30 11:40:53.219693,2023-09-04 04:05:45.601308
958,Support Ticket 958,OPEN,403,2024-08-14 04:09:32.638594,2024-10-01 00:00:23.004125
959,Support Ticket 959,OPEN,918,2023-09-15 20:37:29.539897,2024-10-14 18:17:14.790826
960,Support Ticket 960,OPEN,508,2024-04-18 18:28:11.371066,2023-11-25 12:35:55.154990
961,Support Ticket 961,CLOSED,649,2024-09-27 10:57:46.338566,2023-02-11 03:35:34.558891
962,Support Ticket 962,OPEN,319,2023-08-05 04:36:44.135635,2024-08-05 22:51:30.847813
963,Support Ticket 963,CLOSED,77,2024-02-17 02:31:59.353027,2023-03-14 21:47:20.672882
964,Support Ticket 964,CLOSED,997,2024-05-30 04:12:49.368156,2024-04-23 08:20:00.179250
965,Support Ticket 965,CLOSED,714,2024-09-22 19:29:20.555196,2024-05-27 16:11:49.828950
966,Support Ticket 966,CLOSED,909,2024-12-30 05:09:36.935814,2024-06-20 03:39:47.623166
967,Support Ticket 967,CLOSED,764,2023-10-21 14:16:05.592042,2024-01-19 02:01:11.675517
968,Support Ticket 968,CLOSED,275,2024-07-02 18:23:56.991061,2023-08-02 14:18:53.102459
969,Support Ticket 969,CLOSED,392,2023-07-03 22:19:40.596147,2024-02-07 17:30:03.079800
970,Support Ticket 970,OPEN,225,2023-04-04 02:33:27.326867,2023-03-07 18:58:49.874034
971,Support Ticket 971,CLOSED,126,2023-08-21 18:55:42.305676,2024-09-24 09:09:47.899938
972,Support Ticket 972,CLOSED,392,2024-01-08 20:12:24.913885,2024-08-16 11:25:33.917444
973,Support Ticket 973,CLOSED,401,2024-05-01 01:12:11.369933,2024-10-30 00:17:08.104151
974,Support Ticket 974,CLOSED,804,2024-02-11 10:58:08.882548,2023-05-11 12:20:33.619440
975,Support Ticket 975,OPEN,279,2023-04-06 13:38:17.984463,2024-01-09 15:58:09.107612
976,Support Ticket 976,CLOSED,671,2023-08-31 08:20:30.771047,2024-10-22 23:55:50.123841
977,Support Ticket 977,OPEN,301,2024-12-28 10:19:20.944342,2023-10-03 21:29:01.714406
978,Support Ticket 978,OPEN,996,2024-09-30 01:38:38.660979,2023-08-06 23:06:31.060702
979,Support Ticket 979,CLOSED,59,2024-11-20 13:46:23.516519,2023-04-12 16:37:32.631948
980,Support Ticket 980,CLOSED,57,2024-11-22 04:27:26.922754,2024-07-04 01:57:10.806156
981,Support Ticket 981,CLOSED,252,2023-11-03 15:58:32.408167,2024-11-06 17:02:47.814861
982,Support Ticket 982,CLOSED,452,2023-03-12 08:42:10.800463,2024-10-08 17:08:56.143832
983,Support Ticket 983,CLOSED,804,2024-12-07 16:56:21.976968,2023-10-14 00:19:15.415609
984,Support Ticket 984,OPEN,997,2023-12-10 08:44:15.174183,2024-02-12 11:26:41.912991
985,Support Ticket 985,OPEN,447,2024-10-31 22:09:44.170457,2023-03-30 19:30:22.291859
986,Support Ticket 986,OPEN,306,2024-02-06 17:00:55.016421,2024-09-10 17:43:52.556479
987,Support Ticket 987,OPEN,244,2024-02-07 00:34:13.377574,2024-10-05 21:35:33.182644
988,Support Ticket 988,OPEN,256,2023-01-18 15:15:19.300369,2023-08-22 05:43:52.305241
989,Support Ticket 989,OPEN,936,2024-06-23 07:33:05.328880,2023-09-22 21:45:55.405907
990,Support Ticket 990,CLOSED,851,2023-10-24 07:59:00.062027,2023-08-06 04:05:47.149517
991,Support Ticket 991,CLOSED,411,2023-03-24 21:19:47.811024,2024-12-09 12:44:43.173588
992,Support Ticket 992,OPEN,400,2024-11-03 17:14:58.871163,2023-10-06 06:53:49.993283
993,Support Ticket 993,CLOSED,351,2023-05-10 13:17:34.048660,2023-10-07 13:52:17.168417
994,Support Ticket 994,CLOSED,136,2024-02-16 00:12:58.450039,2024-04-12 16:41:54.710377
995,Support Ticket 995,CLOSED,801,2024-03-31 06:50:28.517147,2023-09-24 19:02:54.298400
996,Support Ticket 996,OPEN,212,2024-01-05 10:29:11.558177,2024-04-06 14:31:46.814330
997,Support Ticket 997,OPEN,287,2023-07-25 15:12:29.388379,2024-01-23 01:49:39.275053
998,Support Ticket 998,CLOSED,924,2024-08-28 14:09:04.960097,2023-05-04 11:58:27.606804
999,Support Ticket 999,CLOSED,497,2023-10-11 13:52:02.454645,2024-10-06 08:55:04.300906
1000,Support Ticket 1000,OPEN,693,2024-08-27 08:04:04.130859,2023-04-16 06:03:46.757090
